datetime,O3,PM10
2026-08-08T02:55,90.0,
2026-08-08T02:57,90.0,
2026-08-08T02:59,90.0,
2026-08-08T03:10,86.2,
2026-08-08T03:40,86.2,
2026-08-08T03:55,86.2,
2026-08-08T03:57,86.2,
2026-08-08T03:59,86.2,
2026-08-08T04:10,86.0,
2026-08-08T04:40,86.0,
2026-08-08T04:55,86.0,
2026-08-08T04:57,86.0,
2026-08-08T04:59,86.0,
2026-08-08T05:10,76.2,
2026-08-08T05:40,76.2,11.899998
2026-08-08T05:55,76.2,11.899998
2026-08-08T05:57,76.2,
2026-08-08T05:59,76.2,
2026-08-08T06:10,72.2,11.899998
2026-08-08T06:40,72.2,11.899998
2026-08-08T06:55,72.2,
2026-08-08T06:57,72.2,11.899998
2026-08-08T06:59,72.2,
2026-08-08T07:10,59.8,11.899998
2026-08-08T07:40,59.8,11.899998
2026-08-08T07:55,59.8,11.899998
2026-08-08T07:57,59.8,
2026-08-08T07:59,59.8,
2026-08-08T08:10,56.2,11.899998
2026-08-08T08:40,56.2,
2026-08-08T08:55,56.2,
2026-08-08T08:57,56.2,11.899998
2026-08-08T08:59,56.2,
2026-08-08T09:10,60.2,11.899998
2026-08-08T09:40,60.2,11.899998
2026-08-08T09:55,60.2,
2026-08-08T09:57,60.2,11.899998
2026-08-08T09:59,60.2,
2026-08-08T10:10,67.6,11.899998
2026-08-08T10:40,67.6,
2026-08-08T10:55,67.6,11.899998
2026-08-08T10:57,67.6,
2026-08-08T10:59,67.6,
2026-08-08T11:10,84.2,11.899998
2026-08-08T11:40,84.2,11.899998
2026-08-08T11:55,84.2,
2026-08-08T11:57,84.2,
2026-08-08T11:59,84.2,
2026-08-08T12:10,93.6,11.899998
2026-08-08T12:40,93.6,
2026-08-08T12:55,93.6,
2026-08-08T12:57,93.6,
2026-08-08T12:59,93.6,11.899998
2026-08-08T13:10,106.8,11.899998
2026-08-08T13:40,106.8,11.899998
2026-08-08T13:55,106.8,11.899998
2026-08-08T13:57,106.8,
2026-08-08T13:59,106.8,11.899998
2026-08-08T14:10,105.6,11.899998
2026-08-08T14:40,105.6,
2026-08-08T14:55,105.6,
2026-08-08T14:57,105.6,11.899998
2026-08-08T14:59,105.6,
2026-08-08T15:10,103.6,11.899998
2026-08-08T15:40,103.6,
2026-08-08T15:55,103.6,11.899998
2026-08-08T15:57,103.6,
2026-08-08T15:59,103.6,
2026-08-08T16:10,104.2,11.899998
2026-08-08T16:40,104.2,11.899998
2026-08-08T16:55,104.2,11.899998
2026-08-08T16:57,104.2,
2026-08-08T16:59,104.2,11.899998
2026-08-08T17:10,107.2,11.899998
2026-08-08T17:40,107.2,11.899998
2026-08-08T17:55,107.2,
2026-08-08T17:57,107.2,
2026-08-08T17:59,107.2,11.899998
2026-08-08T18:10,105.2,11.899998
2026-08-08T18:40,105.2,11.899998
2026-08-08T18:55,105.2,
2026-08-08T18:57,105.2,
2026-08-08T18:59,105.2,11.899998
2026-08-08T19:10,96.0,11.899998
2026-08-08T19:40,96.0,11.899998
2026-08-08T19:55,96.0,11.899998
2026-08-08T19:57,96.0,
2026-08-08T19:59,96.0,
2026-08-08T20:10,65.6,11.899998
2026-08-08T20:40,65.6,11.899998
2026-08-08T20:55,65.6,
2026-08-08T20:57,65.6,11.899998
2026-08-08T20:59,65.6,
2026-08-08T21:10,41.4,11.899998
2026-08-08T21:40,41.4,11.899998
2026-08-08T21:55,41.4,11.899998
2026-08-08T21:57,41.4,
2026-08-08T21:59,41.4,
2026-08-08T22:10,76.8,11.899998
2026-08-08T22:40,76.8,11.899998
2026-08-08T22:55,76.8,11.899998
2026-08-08T22:57,76.8,
2026-08-08T22:59,76.8,
2026-08-08T23:10,58.2,11.899998
2026-08-08T23:40,58.2,11.899998
2026-08-08T23:55,58.2,11.899998
2026-08-08T23:57,58.2,
2026-08-08T23:59,58.2,
2026-08-09T00:10,70.6,22.899996
2026-08-09T00:40,70.6,
2026-08-09T00:55,70.6,
2026-08-09T00:57,70.6,
2026-08-09T00:59,70.6,
2026-08-09T01:10,73.0,
2026-08-09T01:40,73.0,
2026-08-09T01:55,73.0,
2026-08-09T01:57,73.0,
2026-08-09T01:59,73.0,
2026-08-09T02:10,66.4,
2026-08-09T02:40,66.4,
2026-08-09T02:55,66.4,
2026-08-09T02:57,66.4,
2026-08-09T02:59,66.4,
2026-08-09T03:10,66.0,
2026-08-09T03:40,66.0,
2026-08-09T03:55,66.0,
2026-08-09T03:57,66.0,
2026-08-09T03:59,66.0,
2026-08-09T04:10,56.2,
2026-08-09T04:40,56.2,
2026-08-09T04:55,56.2,
2026-08-09T04:57,56.2,
2026-08-09T04:59,56.2,
2026-08-09T05:10,62.6,
2026-08-09T05:40,62.6,22.899996
2026-08-09T05:55,62.6,22.899996
2026-08-09T05:57,62.6,
2026-08-09T05:59,62.6,
2026-08-09T06:10,58.8,22.899996
2026-08-09T06:40,58.8,22.899996
2026-08-09T06:55,58.8,
2026-08-09T06:57,58.8,22.899996
2026-08-09T06:59,58.8,
2026-08-09T07:10,58.0,22.899996
2026-08-09T07:40,58.0,22.899996
2026-08-09T07:55,58.0,22.899996
2026-08-09T07:57,58.0,
2026-08-09T07:59,58.0,
2026-08-09T08:10,60.8,22.899996
2026-08-09T08:40,60.8,
2026-08-09T08:55,60.8,
2026-08-09T08:57,60.8,22.899996
2026-08-09T08:59,60.8,
2026-08-09T09:10,79.0,22.899996
2026-08-09T09:40,79.0,22.899996
2026-08-09T09:55,79.0,22.899996
2026-08-09T09:57,79.0,22.899996
2026-08-09T09:59,79.0,
2026-08-09T10:10,84.2,22.899996
2026-08-09T10:40,84.2,
2026-08-09T10:55,84.2,22.899996
2026-08-09T10:57,84.2,
2026-08-09T10:59,84.2,
2026-08-09T11:10,102.4,22.899996
2026-08-09T11:40,102.4,22.899996
2026-08-09T11:55,102.4,
2026-08-09T11:57,102.4,
2026-08-09T11:59,102.4,
2026-08-09T12:10,120.4,22.899996
2026-08-09T12:40,120.4,22.899996
2026-08-09T12:55,120.4,
2026-08-09T12:57,120.4,
2026-08-09T12:59,120.4,
2026-08-09T13:10,128.4,22.899996
2026-08-09T13:40,128.4,22.899996
2026-08-09T13:55,128.4,22.899996
2026-08-09T13:57,128.4,
2026-08-09T13:59,128.4,22.899996
2026-08-09T14:10,130.8,22.899996
2026-08-09T14:40,130.8,
2026-08-09T14:55,130.8,
2026-08-09T14:57,130.8,
2026-08-09T14:59,130.8,
2026-08-09T15:10,132.4,22.899996
2026-08-09T15:40,132.4,22.899996
2026-08-09T15:55,132.4,22.899996
2026-08-09T15:57,132.4,
2026-08-09T15:59,132.4,
2026-08-09T16:10,119.0,22.899996
2026-08-09T16:40,119.0,22.899996
2026-08-09T16:55,119.0,22.899996
2026-08-09T16:57,119.0,
2026-08-09T16:59,119.0,22.899996
2026-08-09T17:10,115.6,22.899996
2026-08-09T17:40,115.6,22.899996
2026-08-09T17:55,115.6,22.899996
2026-08-09T17:57,115.6,
2026-08-09T17:59,115.6,22.899996
2026-08-09T18:10,114.2,22.899996
2026-08-09T18:40,114.2,22.899996
2026-08-09T18:55,114.2,
2026-08-09T18:57,114.2,
2026-08-09T18:59,,22.899996
2026-08-09T19:10,112.4,22.899996
2026-08-09T19:40,112.4,22.899996
2026-08-09T19:55,112.4,22.899996
2026-08-09T19:57,112.4,
2026-08-09T20:10,102.6,22.899996
2026-08-09T20:40,102.6,22.899996
2026-08-09T20:55,102.6,
2026-08-09T20:57,102.6,22.899996
2026-08-09T21:10,88.6,22.899996
2026-08-09T21:40,88.6,22.899996
2026-08-09T21:55,88.6,22.899996
2026-08-09T21:57,88.6,
2026-08-09T22:10,83.4,
2026-08-09T22:40,83.4,22.899996
2026-08-09T22:55,83.4,22.899996
2026-08-09T22:57,83.4,
2026-08-09T23:10,67.6,22.899996
2026-08-09T23:40,67.6,22.899996
2026-08-09T23:55,67.6,22.899996
2026-08-09T23:57,67.6,
2026-08-10T00:10,62.0,21.0
2026-08-10T00:40,62.0,
2026-08-10T00:55,62.0,
2026-08-10T00:57,62.0,
2026-08-10T01:10,48.2,
2026-08-10T01:40,48.2,
2026-08-10T01:55,48.2,
2026-08-10T01:57,48.2,
2026-08-10T02:10,29.2,
2026-08-10T02:40,29.2,
2026-08-10T02:55,29.2,
2026-08-10T02:57,29.2,
2026-08-10T03:10,30.8,
2026-08-10T03:40,30.8,
2026-08-10T03:55,30.8,
2026-08-10T03:57,30.8,
2026-08-10T04:10,26.2,
2026-08-10T04:40,26.2,
2026-08-10T04:55,26.2,
2026-08-10T04:57,26.2,
2026-08-10T05:10,20.0,
2026-08-10T05:40,20.0,21.0
2026-08-10T05:55,20.0,21.0
2026-08-10T05:57,20.0,
2026-08-10T06:10,20.8,21.0
2026-08-10T06:40,20.8,21.0
2026-08-10T06:55,20.8,
2026-08-10T06:57,20.8,21.0
2026-08-10T07:10,13.6,21.0
2026-08-10T07:40,13.6,21.0
2026-08-10T07:55,13.6,21.0
2026-08-10T07:57,13.6,
2026-08-10T07:59,,21.0
2026-08-10T08:10,27.6,21.0
2026-08-10T08:40,27.6,21.0
2026-08-10T08:55,27.6,
2026-08-10T08:57,27.6,
2026-08-10T09:10,46.6,21.0
2026-08-10T09:40,46.6,21.0
2026-08-10T09:55,46.6,21.0
2026-08-10T09:57,46.6,21.0
2026-08-10T10:10,77.8,21.0
2026-08-10T10:40,77.8,
2026-08-10T10:55,77.8,21.0
2026-08-10T10:57,77.8,
2026-08-10T11:10,105.6,21.0
2026-08-10T11:40,105.6,21.0
2026-08-10T11:55,105.6,
2026-08-10T11:57,105.6,
2026-08-10T12:10,111.6,21.0
2026-08-10T12:40,111.6,21.0
2026-08-10T12:55,111.6,
2026-08-10T12:57,111.6,
2026-08-10T13:10,117.0,21.0
2026-08-10T13:40,117.0,21.0
2026-08-10T13:55,117.0,21.0
2026-08-10T13:57,117.0,
2026-08-10T13:59,,21.0
2026-08-10T14:10,132.0,21.0
2026-08-10T14:40,132.0,21.0
2026-08-10T14:55,132.0,
2026-08-10T14:57,132.0,
2026-08-10T15:10,116.6,21.0
2026-08-10T15:40,116.6,21.0
2026-08-10T15:55,116.6,21.0
2026-08-10T15:57,116.6,
2026-08-10T16:10,102.8,21.0
2026-08-10T16:40,102.8,21.0
2026-08-10T16:55,102.8,
2026-08-10T16:57,102.8,
2026-08-10T16:59,,21.0
2026-08-10T17:10,100.0,21.0
2026-08-10T17:40,100.0,21.0
2026-08-10T17:55,100.0,21.0
2026-08-10T17:57,100.0,
2026-08-10T17:59,100.0,21.0
2026-08-10T18:10,97.6,21.0
2026-08-10T18:40,97.6,21.0
2026-08-10T18:55,97.6,
2026-08-10T18:57,97.6,
2026-08-10T18:59,97.6,21.0
2026-08-10T19:10,93.6,21.0
2026-08-10T19:40,93.6,21.0
2026-08-10T19:55,93.6,21.0
2026-08-10T19:57,93.6,
2026-08-10T19:59,93.6,
2026-08-10T20:10,83.6,21.0
2026-08-10T20:40,83.6,21.0
2026-08-10T20:55,83.6,
2026-08-10T20:59,83.6,
2026-08-10T21:10,86.0,21.0
2026-08-10T21:40,86.0,21.0
2026-08-10T21:55,86.0,21.0
2026-08-10T21:59,86.0,
2026-08-10T22:10,70.4,
2026-08-10T22:40,70.4,21.0
2026-08-10T22:55,70.4,21.0
2026-08-10T22:59,70.4,
2026-08-10T23:10,79.2,21.0
2026-08-10T23:40,79.2,21.0
2026-08-10T23:55,79.2,21.0
2026-08-10T23:59,79.2,
2026-08-11T00:10,55.4,23.700005
2026-08-11T00:40,55.4,
2026-08-11T00:55,55.4,
2026-08-11T00:59,55.4,
2026-08-11T01:10,46.4,
2026-08-11T01:40,46.4,
2026-08-11T01:55,46.4,
2026-08-11T01:59,46.4,
2026-08-11T02:10,36.0,
2026-08-11T02:40,36.0,
2026-08-11T02:55,36.0,
2026-08-11T02:59,36.0,
2026-08-11T03:10,46.6,
2026-08-11T03:40,46.6,
2026-08-11T03:55,46.6,
2026-08-11T03:59,46.6,
2026-08-11T04:10,31.6,
2026-08-11T04:40,31.6,
2026-08-11T04:55,31.6,
2026-08-11T04:59,31.6,
2026-08-11T05:10,22.8,
2026-08-11T05:40,22.8,23.700005
2026-08-11T05:55,22.8,23.700005
2026-08-11T05:59,22.8,23.700005
2026-08-11T06:10,18.8,23.700005
2026-08-11T06:40,18.8,23.700005
2026-08-11T06:55,18.8,
2026-08-11T06:57,,23.700005
2026-08-11T06:59,18.8,
2026-08-11T07:10,12.0,23.700005
2026-08-11T07:40,12.0,23.700005
2026-08-11T07:55,12.0,
2026-08-11T07:59,12.0,23.700005
2026-08-11T08:10,20.8,23.700005
2026-08-11T08:40,20.8,23.700005
2026-08-11T08:55,20.8,
2026-08-11T08:59,20.8,
2026-08-11T09:10,39.0,23.700005
2026-08-11T09:40,39.0,23.700005
2026-08-11T09:55,39.0,23.700005
2026-08-11T09:57,39.0,23.700005
2026-08-11T09:59,39.0,
2026-08-11T10:10,68.0,23.700005
2026-08-11T10:40,68.0,
2026-08-11T10:55,68.0,23.700005
2026-08-11T10:57,68.0,
2026-08-11T10:59,68.0,
2026-08-11T11:10,78.0,23.700005
2026-08-11T11:40,78.0,23.700005
2026-08-11T11:55,78.0,
2026-08-11T11:57,78.0,
2026-08-11T11:59,78.0,
2026-08-11T12:10,100.8,23.700005
2026-08-11T12:40,100.8,23.700005
2026-08-11T12:55,100.8,
2026-08-11T12:57,100.8,
2026-08-11T12:59,100.8,
2026-08-11T13:10,126.2,23.700005
2026-08-11T13:40,126.2,23.700005
2026-08-11T13:55,126.2,23.700005
2026-08-11T13:57,126.2,
2026-08-11T13:59,126.2,23.700005
2026-08-11T14:10,142.4,23.700005
2026-08-11T14:40,142.4,23.700005
2026-08-11T14:55,142.4,
2026-08-11T14:57,142.4,
2026-08-11T14:59,142.4,
2026-08-11T15:10,154.6,23.700005
2026-08-11T15:40,154.6,23.700005
2026-08-11T15:55,154.6,23.700005
2026-08-11T15:57,154.6,
2026-08-11T15:59,154.6,
2026-08-11T16:10,136.4,23.700005
2026-08-11T16:40,136.4,23.700005
2026-08-11T16:55,136.4,
2026-08-11T16:57,136.4,
2026-08-11T16:59,136.4,23.700005
2026-08-11T17:10,145.6,23.700005
2026-08-11T17:40,145.6,23.700005
2026-08-11T17:55,145.6,23.700005
2026-08-11T17:57,145.6,
2026-08-11T17:59,145.6,23.700005
2026-08-11T18:10,123.2,23.700005
2026-08-11T18:40,123.2,23.700005
2026-08-11T18:55,123.2,
2026-08-11T18:57,123.2,
2026-08-11T18:59,123.2,23.700005
2026-08-11T19:10,114.6,23.700005
2026-08-11T19:40,114.6,23.700005
2026-08-11T19:55,114.6,23.700005
2026-08-11T19:57,114.6,
2026-08-11T19:59,114.6,
2026-08-11T20:10,103.8,23.700005
2026-08-11T20:40,103.8,23.700005
2026-08-11T20:55,103.8,23.700005
2026-08-11T20:57,103.8,
2026-08-11T20:59,103.8,
2026-08-11T21:10,77.8,23.700005
2026-08-11T21:40,77.8,23.700005
2026-08-11T21:55,77.8,
2026-08-11T21:57,77.8,
2026-08-11T21:59,77.8,
2026-08-11T22:10,69.4,23.700005
2026-08-11T22:40,69.4,23.700005
2026-08-11T22:55,69.4,23.700005
2026-08-11T22:57,69.4,
2026-08-11T22:59,69.4,
2026-08-11T23:10,71.6,23.700005
2026-08-11T23:40,71.6,
2026-08-11T23:55,71.6,23.700005
2026-08-11T23:57,71.6,
2026-08-11T23:59,71.6,
2026-08-12T00:10,75.8,31.299994
2026-08-12T00:40,75.8,
2026-08-12T00:55,75.8,
2026-08-12T00:57,75.8,
2026-08-12T00:59,75.8,
2026-08-12T01:10,72.4,
2026-08-12T01:40,72.4,
2026-08-12T01:55,72.4,
2026-08-12T01:57,72.4,
2026-08-12T01:59,72.4,
2026-08-12T02:10,74.2,
2026-08-12T02:40,74.2,
2026-08-12T02:55,74.2,
2026-08-12T02:57,74.2,
2026-08-12T02:59,74.2,
2026-08-12T03:10,70.0,
2026-08-12T03:40,70.0,
2026-08-12T03:55,70.0,
2026-08-12T03:57,70.0,
2026-08-12T03:59,70.0,
2026-08-12T04:10,64.4,
2026-08-12T04:40,64.4,
2026-08-12T04:55,64.4,
2026-08-12T04:57,64.4,
2026-08-12T04:59,64.4,
2026-08-12T05:10,60.0,
2026-08-12T05:40,60.0,31.299994
2026-08-12T05:55,60.0,31.299994
2026-08-12T05:57,60.0,
2026-08-12T05:59,60.0,31.299994
2026-08-12T06:10,54.4,31.299994
2026-08-12T06:40,54.4,31.299994
2026-08-12T06:55,54.4,
2026-08-12T06:57,54.4,31.299994
2026-08-12T06:59,54.4,
2026-08-12T07:10,59.6,31.299994
2026-08-12T07:40,59.6,31.299994
2026-08-12T07:55,59.6,
2026-08-12T07:57,59.6,
2026-08-12T07:59,59.6,31.299994
2026-08-12T08:10,61.2,31.299994
2026-08-12T08:40,61.2,31.299994
2026-08-12T08:55,61.2,
2026-08-12T08:57,61.2,
2026-08-12T08:59,61.2,
2026-08-12T09:10,81.2,31.299994
2026-08-12T09:40,81.2,31.299994
2026-08-12T09:55,81.2,31.299994
2026-08-12T09:57,81.2,31.299994
2026-08-12T09:59,81.2,
2026-08-12T10:10,90.6,31.299994
2026-08-12T10:40,90.6,31.299994
2026-08-12T10:55,90.6,31.299994
2026-08-12T10:57,90.6,
2026-08-12T10:59,90.6,
2026-08-12T11:10,98.8,31.299994
2026-08-12T11:40,98.8,31.299994
2026-08-12T11:55,98.8,
2026-08-12T11:57,98.8,
2026-08-12T11:59,98.8,
2026-08-12T12:10,102.8,31.299994
2026-08-12T12:40,102.8,31.299994
2026-08-12T12:55,102.8,
2026-08-12T12:57,102.8,
2026-08-12T12:59,102.8,
2026-08-12T13:10,106.2,31.299994
2026-08-12T13:40,106.2,
2026-08-12T13:55,106.2,31.299994
2026-08-12T13:57,106.2,
2026-08-12T13:59,106.2,31.299994
2026-08-12T14:10,114.0,31.299994
2026-08-12T14:40,114.0,31.299994
2026-08-12T14:55,114.0,
2026-08-12T14:57,114.0,
2026-08-12T14:59,114.0,
2026-08-12T15:10,115.8,31.299994
2026-08-12T15:40,115.8,31.299994
2026-08-12T15:55,115.8,
2026-08-12T15:57,115.8,
2026-08-12T15:59,115.8,
2026-08-12T16:10,116.4,31.299994
2026-08-12T16:40,116.4,
2026-08-12T16:55,116.4,
2026-08-12T16:57,116.4,
2026-08-12T16:59,116.4,31.299994
2026-08-12T17:10,123.2,31.299994
2026-08-12T17:40,123.2,31.299994
2026-08-12T17:55,123.2,31.299994
2026-08-12T17:57,123.2,
2026-08-12T18:10,121.8,31.299994
2026-08-12T18:40,121.8,31.299994
2026-08-12T18:55,121.8,
2026-08-12T18:57,121.8,
2026-08-12T18:59,121.8,31.299994
2026-08-12T19:10,114.2,31.299994
2026-08-12T19:40,114.2,31.299994
2026-08-12T19:55,114.2,31.299994
2026-08-12T19:57,114.2,
2026-08-12T19:59,114.2,
2026-08-12T20:10,105.6,31.299994
2026-08-12T20:40,105.6,31.299994
2026-08-12T20:55,105.6,31.299994
2026-08-12T20:57,105.6,
2026-08-12T20:59,105.6,
2026-08-12T21:10,88.4,31.299994
2026-08-12T21:40,88.4,31.299994
2026-08-12T21:55,88.4,
2026-08-12T21:57,88.4,
2026-08-12T21:59,88.4,
2026-08-12T22:10,66.0,31.299994
2026-08-12T22:40,66.0,31.299994
2026-08-12T22:55,66.0,31.299994
2026-08-12T22:57,66.0,
2026-08-12T22:59,66.0,
2026-08-12T23:10,60.8,31.299994
2026-08-12T23:40,60.8,
2026-08-12T23:55,60.8,31.299994
2026-08-12T23:57,60.8,
2026-08-12T23:59,60.8,
2026-08-13T00:10,64.8,30.5
2026-08-13T00:40,64.8,
2026-08-13T00:55,64.8,
2026-08-13T00:57,64.8,
2026-08-13T00:59,64.8,
2026-08-13T01:10,75.2,
2026-08-13T01:40,75.2,
2026-08-13T01:55,75.2,
2026-08-13T01:57,75.2,
2026-08-13T01:59,75.2,
2026-08-13T02:10,80.0,
2026-08-13T02:40,80.0,
2026-08-13T02:55,80.0,
2026-08-13T02:57,80.0,
2026-08-13T02:59,80.0,
2026-08-13T03:10,83.6,
2026-08-13T03:40,83.6,
2026-08-13T03:55,83.6,
2026-08-13T03:57,83.6,
2026-08-13T03:59,83.6,
2026-08-13T04:10,79.2,
2026-08-13T04:40,79.2,
2026-08-13T04:55,79.2,
2026-08-13T04:57,79.2,
2026-08-13T04:59,79.2,
2026-08-13T05:10,73.0,
2026-08-13T05:40,73.0,30.5
2026-08-13T05:55,73.0,30.5
2026-08-13T05:57,73.0,
2026-08-13T05:59,73.0,30.5
2026-08-13T06:10,64.4,30.5
2026-08-13T06:40,64.4,30.5
2026-08-13T06:55,64.4,
2026-08-13T06:57,64.4,30.5
2026-08-13T06:59,64.4,
2026-08-13T07:10,57.4,30.5
2026-08-13T07:40,57.4,30.5
2026-08-13T07:55,57.4,
2026-08-13T07:57,57.4,
2026-08-13T07:59,57.4,30.5
2026-08-13T08:10,59.0,30.5
2026-08-13T08:40,59.0,30.5
2026-08-13T08:55,59.0,
2026-08-13T08:57,59.0,
2026-08-13T08:59,59.0,
2026-08-13T09:10,73.6,30.5
2026-08-13T09:40,73.6,30.5
2026-08-13T09:55,73.6,30.5
2026-08-13T09:57,73.6,
2026-08-13T09:59,73.6,
2026-08-13T10:10,83.2,30.5
2026-08-13T10:40,83.2,30.5
2026-08-13T10:55,83.2,30.5
2026-08-13T10:57,83.2,
2026-08-13T10:59,83.2,
2026-08-13T11:10,89.2,30.5
2026-08-13T11:40,89.2,30.5
2026-08-13T11:55,89.2,
2026-08-13T11:57,89.2,
2026-08-13T11:59,89.2,
2026-08-13T12:10,101.0,30.5
2026-08-13T12:40,101.0,30.5
2026-08-13T12:55,101.0,
2026-08-13T12:57,101.0,
2026-08-13T12:59,101.0,
2026-08-13T13:10,104.2,30.5
2026-08-13T13:40,104.2,
2026-08-13T13:55,104.2,
2026-08-13T13:57,104.2,
2026-08-13T13:59,104.2,30.5
2026-08-13T14:10,111.6,30.5
2026-08-13T14:40,111.6,30.5
2026-08-13T14:55,111.6,
2026-08-13T14:57,111.6,
2026-08-13T14:59,111.6,
2026-08-13T15:10,121.4,30.5
2026-08-13T15:40,121.4,30.5
2026-08-13T15:55,121.4,
2026-08-13T15:57,121.4,
2026-08-13T15:59,121.4,
2026-08-13T16:10,128.4,30.5
2026-08-13T16:40,128.4,30.5
2026-08-13T16:55,128.4,
2026-08-13T16:57,128.4,
2026-08-13T16:59,128.4,30.5
2026-08-13T17:10,127.0,30.5
2026-08-13T17:40,127.0,30.5
2026-08-13T17:55,127.0,30.5
2026-08-13T17:57,127.0,
2026-08-13T17:59,127.0,
2026-08-13T18:10,121.6,30.5
2026-08-13T18:40,121.6,30.5
2026-08-13T18:55,121.6,
2026-08-13T18:57,121.6,
2026-08-13T18:59,121.6,30.5
2026-08-13T19:10,107.2,30.5
2026-08-13T19:40,107.2,30.5
2026-08-13T19:55,107.2,30.5
2026-08-13T19:57,107.2,
2026-08-13T19:59,107.2,
2026-08-13T20:10,99.8,30.5
2026-08-13T20:40,99.8,30.5
2026-08-13T20:55,99.8,30.5
2026-08-13T20:57,99.8,
2026-08-13T20:59,99.8,
2026-08-13T21:10,78.4,30.5
2026-08-13T21:40,78.4,30.5
2026-08-13T21:55,78.4,
2026-08-13T21:57,78.4,
2026-08-13T21:59,78.4,
2026-08-13T22:10,63.4,30.5
2026-08-13T22:40,63.4,30.5
2026-08-13T22:55,63.4,30.5
2026-08-13T22:57,63.4,
2026-08-13T22:59,63.4,
2026-08-13T23:10,83.8,30.5
2026-08-13T23:40,83.8,
2026-08-13T23:55,83.8,
2026-08-13T23:57,83.8,
2026-08-13T23:59,83.8,
2026-08-14T00:10,85.2,23.299995
2026-08-14T00:40,85.2,
2026-08-14T00:55,85.2,
2026-08-14T00:57,85.2,
2026-08-14T00:59,85.2,
2026-08-14T01:10,67.2,
2026-08-14T01:40,67.2,
2026-08-14T01:55,67.2,
2026-08-14T01:57,67.2,
2026-08-14T01:59,67.2,
2026-08-14T02:10,82.4,
2026-08-14T02:40,82.4,
2026-08-14T02:55,82.4,
2026-08-14T02:57,82.4,
2026-08-14T02:59,82.4,
2026-08-14T03:10,73.4,
2026-08-14T03:40,73.4,
2026-08-14T03:55,73.4,
2026-08-14T03:57,73.4,
2026-08-14T03:59,73.4,
2026-08-14T04:10,73.4,
2026-08-14T04:40,73.4,
2026-08-14T04:55,73.4,
2026-08-14T04:57,73.4,
2026-08-14T04:59,73.4,
2026-08-14T05:10,70.0,
2026-08-14T05:40,70.0,23.299995
2026-08-14T05:55,70.0,23.299995
2026-08-14T05:57,70.0,
2026-08-14T05:59,70.0,23.299995
2026-08-14T06:10,58.6,23.299995
2026-08-14T06:40,58.6,23.299995
2026-08-14T06:55,58.6,
2026-08-14T06:57,58.6,
2026-08-14T06:59,58.6,
2026-08-14T07:10,58.8,23.299995
2026-08-14T07:40,58.8,23.299995
2026-08-14T07:55,58.8,
2026-08-14T07:57,58.8,23.299995
2026-08-14T07:59,58.8,23.299995
2026-08-14T08:10,42.2,23.299995
2026-08-14T08:40,42.2,23.299995
2026-08-14T08:55,42.2,
2026-08-14T08:57,42.2,
2026-08-14T08:59,42.2,
2026-08-14T09:10,68.6,23.299995
2026-08-14T09:40,68.6,23.299995
2026-08-14T09:55,68.6,23.299995
2026-08-14T09:57,68.6,
2026-08-14T09:59,68.6,
2026-08-14T10:10,88.0,23.299995
2026-08-14T10:40,88.0,23.299995
2026-08-14T10:55,88.0,23.299995
2026-08-14T10:57,88.0,
2026-08-14T10:59,88.0,
2026-08-14T11:10,95.6,23.299995
2026-08-14T11:40,95.6,
2026-08-14T11:55,95.6,23.299995
2026-08-14T11:57,95.6,
2026-08-14T11:59,95.6,
2026-08-14T12:10,109.8,23.299995
2026-08-14T12:40,109.8,23.299995
2026-08-14T12:55,109.8,
2026-08-14T12:57,109.8,
2026-08-14T12:59,109.8,
2026-08-14T13:10,109.6,23.299995
2026-08-14T13:40,109.6,
2026-08-14T13:55,109.6,
2026-08-14T13:57,109.6,
2026-08-14T13:59,109.6,23.299995
2026-08-14T14:10,126.2,23.299995
2026-08-14T14:40,126.2,23.299995
2026-08-14T14:55,126.2,
2026-08-14T14:57,126.2,
2026-08-14T14:59,126.2,
2026-08-14T15:10,128.4,23.299995
2026-08-14T15:40,128.4,23.299995
2026-08-14T15:55,128.4,
2026-08-14T15:57,128.4,
2026-08-14T15:59,128.4,
2026-08-14T16:10,126.4,23.299995
2026-08-14T16:40,126.4,23.299995
2026-08-14T16:55,126.4,
2026-08-14T16:57,126.4,
2026-08-14T16:59,126.4,23.299995
2026-08-14T17:10,123.0,23.299995
2026-08-14T17:40,123.0,23.299995
2026-08-14T17:55,123.0,23.299995
2026-08-14T17:57,123.0,
2026-08-14T17:59,123.0,
2026-08-14T18:10,119.0,23.299995
2026-08-14T18:40,119.0,23.299995
2026-08-14T18:55,119.0,
2026-08-14T18:57,119.0,
2026-08-14T18:59,119.0,
2026-08-14T19:10,112.8,23.299995
2026-08-14T19:40,112.8,23.299995
2026-08-14T19:55,112.8,23.299995
2026-08-14T19:57,112.8,
2026-08-14T19:59,112.8,
2026-08-14T20:10,91.4,23.299995
2026-08-14T20:40,91.4,23.299995
2026-08-14T20:55,91.4,23.299995
2026-08-14T20:57,91.4,
2026-08-14T20:59,91.4,
2026-08-14T21:10,98.2,23.299995
2026-08-14T21:40,98.2,23.299995
2026-08-14T21:55,98.2,
2026-08-14T21:57,98.2,
2026-08-14T21:59,98.2,
2026-08-14T22:10,109.4,23.299995
2026-08-14T22:40,109.4,23.299995
2026-08-14T22:55,109.4,23.299995
2026-08-14T22:57,109.4,
2026-08-14T22:59,109.4,
2026-08-14T23:10,104.2,23.299995
2026-08-14T23:40,104.2,
2026-08-14T23:55,104.2,
2026-08-14T23:57,104.2,
2026-08-14T23:59,104.2,
2026-08-15T00:10,86.6,29.099997
2026-08-15T00:40,86.6,
2026-08-15T00:55,86.6,
2026-08-15T00:57,86.6,
2026-08-15T00:59,86.6,
2026-08-15T01:10,79.2,
2026-08-15T01:40,79.2,
2026-08-15T01:55,79.2,
2026-08-15T01:57,79.2,
2026-08-15T01:59,79.2,
2026-08-15T02:10,72.4,
2026-08-15T02:40,72.4,
2026-08-15T02:55,72.4,
2026-08-15T02:57,72.4,
2026-08-15T02:59,72.4,
2026-08-15T03:10,62.0,
2026-08-15T03:40,62.0,
2026-08-15T03:55,62.0,
2026-08-15T03:57,62.0,
2026-08-15T03:59,62.0,
2026-08-15T04:10,47.8,
2026-08-15T04:40,47.8,
2026-08-15T04:55,47.8,
2026-08-15T04:57,47.8,
2026-08-15T04:59,47.8,
2026-08-15T05:10,30.8,
2026-08-15T05:40,30.8,29.099997
2026-08-15T05:55,30.8,29.099997
2026-08-15T05:57,30.8,
2026-08-15T05:59,30.8,29.099997
2026-08-15T06:10,31.0,29.099997
2026-08-15T06:40,31.0,29.099997
2026-08-15T06:55,31.0,
2026-08-15T06:59,31.0,
2026-08-15T07:10,34.4,29.099997
2026-08-15T07:40,34.4,29.099997
2026-08-15T07:55,34.4,
2026-08-15T07:57,,29.099997
2026-08-15T07:59,34.4,29.099997
2026-08-15T08:10,48.0,29.099997
2026-08-15T08:40,48.0,29.099997
2026-08-15T08:55,48.0,
2026-08-15T08:59,48.0,29.099997
2026-08-15T09:10,65.6,29.099997
2026-08-15T09:40,65.6,29.099997
2026-08-15T09:55,65.6,29.099997
2026-08-15T09:59,65.6,
2026-08-15T10:10,85.8,29.099997
2026-08-15T10:40,85.8,29.099997
2026-08-15T10:55,85.8,
2026-08-15T10:59,85.8,
2026-08-15T11:10,113.0,29.099997
2026-08-15T11:40,113.0,
2026-08-15T11:55,113.0,29.099997
2026-08-15T11:59,113.0,
2026-08-15T12:10,123.4,29.099997
2026-08-15T12:40,123.4,29.099997
2026-08-15T12:55,123.4,
2026-08-15T12:59,123.4,
2026-08-15T13:10,130.6,29.099997
2026-08-15T13:40,130.6,
2026-08-15T13:55,130.6,
2026-08-15T13:59,130.6,
2026-08-15T14:10,138.0,29.099997
2026-08-15T14:40,138.0,29.099997
2026-08-15T14:55,138.0,
2026-08-15T14:57,,29.099997
2026-08-15T14:59,138.0,
2026-08-15T15:10,139.2,29.099997
2026-08-15T15:40,139.2,29.099997
2026-08-15T15:55,139.2,29.099997
2026-08-15T15:59,139.2,
2026-08-15T16:10,133.2,29.099997
2026-08-15T16:40,133.2,29.099997
2026-08-15T16:55,133.2,
2026-08-15T16:59,133.2,
2026-08-15T17:10,123.6,29.099997
2026-08-15T17:40,123.6,29.099997
2026-08-15T17:55,123.6,29.099997
2026-08-15T17:59,123.6,
2026-08-15T18:10,119.8,29.099997
2026-08-15T18:40,119.8,29.099997
2026-08-15T18:55,119.8,
2026-08-15T18:59,119.8,
2026-08-15T19:10,125.2,29.099997
2026-08-15T19:40,125.2,29.099997
2026-08-15T19:55,125.2,
2026-08-15T19:59,125.2,
2026-08-15T20:10,116.2,29.099997
2026-08-15T20:40,116.2,29.099997
2026-08-15T20:55,116.2,29.099997
2026-08-15T20:59,116.2,29.099997
2026-08-15T21:10,102.4,29.099997
2026-08-15T21:40,102.4,29.099997
2026-08-15T21:55,102.4,
2026-08-15T21:59,102.4,
2026-08-15T22:10,88.4,29.099997
2026-08-15T22:40,88.4,29.099997
2026-08-15T22:55,88.4,29.099997
2026-08-15T22:59,88.4,
2026-08-15T23:10,78.8,29.099997
2026-08-15T23:40,78.8,
2026-08-15T23:55,78.8,
2026-08-15T23:59,78.8,
2026-08-16T00:10,55.0,21.5
2026-08-16T00:40,55.0,
2026-08-16T00:55,55.0,
2026-08-16T00:59,55.0,
2026-08-16T01:10,39.8,
2026-08-16T01:40,39.8,
2026-08-16T01:55,39.8,
2026-08-16T01:59,39.8,
2026-08-16T02:10,55.2,
2026-08-16T02:40,55.2,
2026-08-16T02:55,55.2,
2026-08-16T02:59,55.2,
2026-08-16T03:10,32.6,
2026-08-16T03:40,32.6,
2026-08-16T03:55,32.6,
2026-08-16T03:59,32.6,
2026-08-16T04:10,38.0,
2026-08-16T04:40,38.0,
2026-08-16T04:55,38.0,
2026-08-16T04:59,38.0,
2026-08-16T05:10,34.0,
2026-08-16T05:40,34.0,21.5
2026-08-16T05:55,34.0,21.5
2026-08-16T05:59,34.0,21.5
2026-08-16T06:10,28.4,
2026-08-16T06:40,28.4,21.5
2026-08-16T06:55,28.4,
2026-08-16T06:59,28.4,
2026-08-16T07:10,33.8,21.5
2026-08-16T07:40,33.8,21.5
2026-08-16T07:55,33.8,
2026-08-16T07:57,,21.5
2026-08-16T07:59,33.8,21.5
2026-08-16T08:10,53.4,21.5
2026-08-16T08:40,53.4,21.5
2026-08-16T08:55,53.4,
2026-08-16T08:59,53.4,21.5
2026-08-16T09:10,65.4,21.5
2026-08-16T09:40,65.4,21.5
2026-08-16T09:55,65.4,21.5
2026-08-16T09:59,65.4,
2026-08-16T10:10,71.0,21.5
2026-08-16T10:40,71.0,21.5
2026-08-16T10:55,71.0,
2026-08-16T10:59,71.0,
2026-08-16T11:10,104.8,21.5
2026-08-16T11:40,104.8,
2026-08-16T11:55,104.8,21.5
2026-08-16T11:59,104.8,
2026-08-16T12:10,122.8,21.5
2026-08-16T12:40,122.8,21.5
2026-08-16T12:55,122.8,
2026-08-16T12:59,122.8,
2026-08-16T13:10,117.4,21.5
2026-08-16T13:40,117.4,
2026-08-16T13:55,117.4,21.5
2026-08-16T13:59,117.4,
2026-08-16T14:10,125.4,21.5
2026-08-16T14:40,125.4,21.5
2026-08-16T14:55,125.4,
2026-08-16T14:57,,21.5
2026-08-16T14:59,125.4,
2026-08-16T15:10,128.2,21.5
2026-08-16T15:40,128.2,
2026-08-16T15:55,128.2,21.5
2026-08-16T15:59,128.2,
2026-08-16T16:10,123.4,21.5
2026-08-16T16:40,123.4,21.5
2026-08-16T16:55,123.4,
2026-08-16T16:59,123.4,21.5
2026-08-16T17:10,129.2,21.5
2026-08-16T17:40,129.2,21.5
2026-08-16T17:55,129.2,
2026-08-16T17:59,129.2,
2026-08-16T18:10,127.6,21.5
2026-08-16T18:40,127.6,21.5
2026-08-16T18:55,127.6,
2026-08-16T18:59,127.6,
2026-08-16T19:10,125.2,21.5
2026-08-16T19:40,125.2,21.5
2026-08-16T19:55,125.2,
2026-08-16T19:59,125.2,
2026-08-16T20:10,107.4,21.5
2026-08-16T20:40,107.4,21.5
2026-08-16T20:55,107.4,21.5
2026-08-16T20:59,107.4,21.5
2026-08-16T21:10,84.8,21.5
2026-08-16T21:40,84.8,21.5
2026-08-16T21:55,84.8,
2026-08-16T21:59,84.8,
2026-08-16T22:10,94.8,21.5
2026-08-16T22:40,94.8,21.5
2026-08-16T22:55,94.8,21.5
2026-08-16T22:59,94.8,
2026-08-16T23:10,98.8,21.5
2026-08-16T23:40,98.8,
2026-08-16T23:55,98.8,
2026-08-16T23:59,98.8,
2026-08-17T00:10,88.8,24.5
2026-08-17T00:40,88.8,
2026-08-17T00:55,88.8,
2026-08-17T00:59,88.8,
2026-08-17T01:10,101.6,
2026-08-17T01:40,101.6,
2026-08-17T01:55,101.6,
2026-08-17T01:59,101.6,
2026-08-17T02:10,84.4,
2026-08-17T02:40,84.4,
2026-08-17T02:55,84.4,
2026-08-17T02:59,84.4,
2026-08-17T03:10,88.2,
2026-08-17T03:40,88.2,
2026-08-17T03:55,88.2,
2026-08-17T03:59,88.2,
2026-08-17T04:10,108.8,
2026-08-17T04:40,108.8,
2026-08-17T04:55,108.8,
2026-08-17T04:59,108.8,
2026-08-17T05:10,97.2,
2026-08-17T05:40,97.2,24.5
2026-08-17T05:55,97.2,24.5
2026-08-17T05:59,97.2,
2026-08-17T06:10,82.6,
2026-08-17T06:40,82.6,24.5
2026-08-17T06:55,82.6,
2026-08-17T06:59,82.6,
2026-08-17T07:10,56.0,24.5
2026-08-17T07:40,56.0,24.5
2026-08-17T07:55,56.0,
2026-08-17T07:57,,24.5
2026-08-17T07:59,56.0,24.5
2026-08-17T08:10,69.8,24.5
2026-08-17T08:40,69.8,
2026-08-17T08:55,69.8,
2026-08-17T08:59,69.8,24.5
2026-08-17T09:10,58.4,24.5
2026-08-17T09:40,58.4,24.5
2026-08-17T09:55,58.4,24.5
2026-08-17T09:59,58.4,
2026-08-17T10:10,46.2,24.5
2026-08-17T10:40,46.2,24.5
2026-08-17T10:55,46.2,
2026-08-17T10:59,46.2,
2026-08-17T11:10,51.0,24.5
2026-08-17T11:40,51.0,
2026-08-17T11:55,51.0,24.5
2026-08-17T11:59,51.0,
2026-08-17T12:10,86.6,24.5
2026-08-17T12:40,86.6,24.5
2026-08-17T12:55,86.6,
2026-08-17T12:59,86.6,
2026-08-17T13:10,115.4,24.5
2026-08-17T13:40,115.4,
2026-08-17T13:55,115.4,24.5
2026-08-17T13:59,115.4,
2026-08-17T14:10,122.0,24.5
2026-08-17T14:40,122.0,24.5
2026-08-17T14:55,122.0,
2026-08-17T14:57,,24.5
2026-08-17T14:59,122.0,
2026-08-17T15:10,130.0,24.5
2026-08-17T15:40,130.0,
2026-08-17T15:55,130.0,24.5
2026-08-17T15:59,130.0,
2026-08-17T16:10,126.0,24.5
2026-08-17T16:40,126.0,24.5
2026-08-17T16:55,126.0,
2026-08-17T16:59,126.0,24.5
2026-08-17T17:10,124.4,24.5
2026-08-17T17:40,124.4,24.5
2026-08-17T17:55,124.4,
2026-08-17T17:59,124.4,24.5
2026-08-17T18:10,105.8,24.5
2026-08-17T18:40,105.8,24.5
2026-08-17T18:55,105.8,
2026-08-17T18:59,105.8,
2026-08-17T19:10,78.8,24.5
2026-08-17T19:40,78.8,24.5
2026-08-17T19:55,78.8,
2026-08-17T19:59,78.8,
2026-08-17T20:10,58.8,24.5
2026-08-17T20:40,58.8,24.5
2026-08-17T20:55,58.8,24.5
2026-08-17T20:59,58.8,24.5
2026-08-17T21:10,63.0,24.5
2026-08-17T21:40,63.0,24.5
2026-08-17T21:55,63.0,24.5
2026-08-17T21:59,63.0,
2026-08-17T22:10,60.4,24.5
2026-08-17T22:40,60.4,24.5
2026-08-17T22:55,60.4,24.5
2026-08-17T22:59,60.4,
2026-08-17T23:10,53.4,24.5
2026-08-17T23:40,53.4,
2026-08-17T23:55,53.4,
2026-08-17T23:59,53.4,
2026-08-18T00:10,45.8,
2026-08-18T00:40,45.8,
2026-08-18T00:55,45.8,
2026-08-18T00:59,45.8,
2026-08-18T01:10,53.0,
2026-08-18T01:40,53.0,
2026-08-18T01:55,53.0,
2026-08-18T01:59,53.0,
2026-08-18T02:10,52.2,
2026-08-18T02:40,52.2,
2026-08-18T02:55,52.2,
2026-08-18T02:59,52.2,
2026-08-18T03:10,50.0,
2026-08-18T03:40,50.0,
2026-08-18T03:55,50.0,
2026-08-18T03:59,50.0,
2026-08-18T04:10,52.4,
2026-08-18T04:40,52.4,
2026-08-18T04:55,52.4,
2026-08-18T04:59,52.4,
2026-08-18T05:10,42.8,
2026-08-18T05:40,42.8,
2026-08-18T05:55,42.8,
2026-08-18T06:10,27.8,
2026-08-18T06:40,27.8,9.300002
2026-08-18T06:55,27.8,
2026-08-18T07:10,27.2,
2026-08-18T07:40,27.2,9.300002
2026-08-18T07:55,27.2,
2026-08-18T08:10,36.4,
2026-08-18T08:40,36.4,
2026-08-18T08:55,36.4,
2026-08-18T09:10,43.2,9.300002
2026-08-18T09:40,43.2,
2026-08-18T09:55,43.2,
2026-08-18T10:10,55.2,9.300002
2026-08-18T10:40,55.2,
2026-08-18T10:55,55.2,
2026-08-18T11:10,64.6,
2026-08-18T11:40,64.6,
2026-08-18T11:55,64.6,
2026-08-18T12:10,90.0,
2026-08-18T12:40,90.0,
2026-08-18T12:55,90.0,
2026-08-18T13:10,120.2,
2026-08-18T13:40,120.2,
2026-08-18T13:55,120.2,
2026-08-18T14:10,128.4,
2026-08-18T14:40,128.4,
2026-08-18T14:55,128.4,
2026-08-18T15:10,123.6,
2026-08-18T15:40,123.6,
2026-08-18T15:55,123.6,
2026-08-18T16:10,120.0,
2026-08-18T16:40,120.0,
2026-08-18T16:55,120.0,
2026-08-18T17:10,113.8,
2026-08-18T17:40,113.8,
2026-08-18T17:55,113.8,
2026-08-18T18:10,111.8,
2026-08-18T18:40,111.8,
2026-08-18T18:55,111.8,
2026-08-18T19:10,110.2,
2026-08-18T19:40,110.2,
2026-08-18T19:55,110.2,
2026-08-18T20:10,97.4,
2026-08-18T20:40,97.4,
2026-08-18T20:55,97.4,
2026-08-18T21:10,105.2,
2026-08-18T21:40,105.2,
2026-08-18T21:55,105.2,
2026-08-18T22:10,99.2,
2026-08-18T22:40,99.2,
2026-08-18T22:55,99.2,
2026-08-18T23:10,96.0,
2026-08-18T23:40,96.0,
2026-08-18T23:55,96.0,
2026-08-19T00:10,93.2,
2026-08-19T00:40,93.2,
2026-08-19T00:55,93.2,
2026-08-19T01:10,59.4,
2026-08-19T01:40,59.4,
2026-08-19T01:55,59.4,
2026-08-19T02:10,67.6,
2026-08-19T02:40,67.6,
2026-08-19T02:55,67.6,
2026-08-19T03:10,73.2,
2026-08-19T03:40,73.2,
2026-08-19T03:55,73.2,
2026-08-19T04:10,73.4,
2026-08-19T04:40,73.4,
2026-08-19T04:55,73.4,
2026-08-19T05:10,64.8,
2026-08-19T05:40,64.8,
2026-08-19T06:10,48.6,
2026-08-19T06:40,48.6,
2026-08-19T07:10,34.6,6.4
2026-08-19T07:40,34.6,6.4
2026-08-19T07:57,34.6,
2026-08-19T08:10,39.8,
2026-08-19T08:40,39.8,
2026-08-19T08:57,39.8,
2026-08-19T09:10,49.0,6.4
2026-08-19T09:40,49.0,
2026-08-19T09:57,49.0,
2026-08-19T10:10,81.2,6.4
2026-08-19T10:40,81.2,
2026-08-19T10:57,81.2,
2026-08-19T11:10,91.2,
2026-08-19T11:40,91.2,
2026-08-19T11:55,91.2,
2026-08-19T11:57,91.2,
2026-08-19T12:10,98.8,
2026-08-19T12:40,98.8,
2026-08-19T12:55,98.8,
2026-08-19T12:57,98.8,
2026-08-19T13:10,118.4,
2026-08-19T13:40,118.4,
2026-08-19T13:55,118.4,
2026-08-19T13:57,118.4,
2026-08-19T14:10,114.8,
2026-08-19T14:40,114.8,
2026-08-19T14:55,114.8,
2026-08-19T14:57,114.8,
2026-08-19T15:10,112.6,
2026-08-19T15:40,112.6,
2026-08-19T15:55,112.6,
2026-08-19T15:57,112.6,
2026-08-19T16:10,102.4,
2026-08-19T16:40,102.4,
2026-08-19T16:55,102.4,
2026-08-19T16:57,102.4,
2026-08-19T17:10,104.4,
2026-08-19T17:40,104.4,
2026-08-19T17:55,104.4,
2026-08-19T17:57,104.4,
2026-08-19T18:10,103.2,
2026-08-19T18:40,103.2,
2026-08-19T18:55,103.2,
2026-08-19T18:57,103.2,
2026-08-19T19:10,117.6,
2026-08-19T19:40,117.6,
2026-08-19T19:55,117.6,
2026-08-19T19:57,117.6,
2026-08-19T20:10,119.4,
2026-08-19T20:40,119.4,
2026-08-19T20:55,119.4,
2026-08-19T20:57,119.4,
2026-08-19T21:10,106.2,
2026-08-19T21:40,106.2,
2026-08-19T21:55,106.2,
2026-08-19T21:57,106.2,
2026-08-19T22:10,73.4,
2026-08-19T22:40,73.4,
2026-08-19T22:55,73.4,
2026-08-19T22:57,73.4,
2026-08-19T23:10,72.0,
2026-08-19T23:40,72.0,
2026-08-19T23:55,72.0,
2026-08-19T23:57,72.0,
2026-08-20T00:10,68.2,
2026-08-20T00:40,68.2,
2026-08-20T00:55,68.2,
2026-08-20T00:57,68.2,
2026-08-20T01:10,83.2,
2026-08-20T01:40,83.2,
2026-08-20T01:55,83.2,
2026-08-20T01:57,83.2,
2026-08-20T02:10,79.0,
2026-08-20T02:40,79.0,
2026-08-20T02:55,79.0,
2026-08-20T02:57,79.0,
2026-08-20T03:10,69.0,
2026-08-20T03:40,69.0,
2026-08-20T03:55,69.0,
2026-08-20T03:57,69.0,
2026-08-20T04:10,58.2,
2026-08-20T04:40,58.2,
2026-08-20T04:55,58.2,
2026-08-20T04:57,58.2,
2026-08-20T05:10,48.6,
2026-08-20T05:40,48.6,
2026-08-20T05:55,48.6,
2026-08-20T05:57,48.6,
2026-08-20T06:10,45.4,
2026-08-20T06:40,45.4,
2026-08-20T06:55,45.4,
2026-08-20T06:57,45.4,
2026-08-20T07:10,43.6,
2026-08-20T07:40,43.6,
2026-08-20T07:55,43.6,
2026-08-20T07:57,43.6,26.400002
2026-08-20T08:10,48.8,
2026-08-20T08:40,48.8,
2026-08-20T08:55,48.8,
2026-08-20T08:57,48.8,
2026-08-20T08:59,48.8,
2026-08-20T09:10,58.2,26.400002
2026-08-20T09:40,58.2,
2026-08-20T09:55,58.2,
2026-08-20T09:57,58.2,
2026-08-20T09:59,58.2,
2026-08-20T10:10,73.0,26.400002
2026-08-20T10:40,73.0,
2026-08-20T10:55,73.0,
2026-08-20T10:57,73.0,
2026-08-20T10:59,73.0,
2026-08-20T11:10,89.4,
2026-08-20T11:40,89.4,
2026-08-20T11:55,89.4,
2026-08-20T11:57,89.4,
2026-08-20T11:59,89.4,
2026-08-20T12:10,94.8,
2026-08-20T12:40,94.8,
2026-08-20T12:55,94.8,
2026-08-20T12:57,94.8,
2026-08-20T12:59,94.8,
2026-08-20T13:10,98.4,
2026-08-20T13:40,98.4,
2026-08-20T13:55,98.4,
2026-08-20T13:57,98.4,
2026-08-20T13:59,98.4,
2026-08-20T14:10,100.4,
2026-08-20T14:40,100.4,
2026-08-20T14:55,100.4,
2026-08-20T14:57,100.4,
2026-08-20T14:59,100.4,
2026-08-20T15:10,97.6,
2026-08-20T15:40,97.6,
2026-08-20T15:55,97.6,
2026-08-20T15:57,97.6,
2026-08-20T15:59,97.6,
2026-08-20T16:10,93.6,
2026-08-20T16:40,93.6,
2026-08-20T16:55,93.6,
2026-08-20T16:57,93.6,
2026-08-20T16:59,93.6,
2026-08-20T17:10,94.0,
2026-08-20T17:40,94.0,
2026-08-20T17:55,94.0,
2026-08-20T17:57,94.0,
2026-08-20T17:59,94.0,
2026-08-20T18:10,97.0,
2026-08-20T18:40,97.0,
2026-08-20T18:55,97.0,
2026-08-20T18:57,97.0,
2026-08-20T18:59,97.0,
2026-08-20T19:10,89.2,
2026-08-20T19:40,89.2,
2026-08-20T19:55,89.2,
2026-08-20T19:57,89.2,
2026-08-20T19:59,89.2,
2026-08-20T20:10,90.2,
2026-08-20T20:40,90.2,
2026-08-20T20:55,90.2,
2026-08-20T20:57,90.2,
2026-08-20T20:59,90.2,
2026-08-20T21:10,83.4,
2026-08-20T21:40,83.4,
2026-08-20T21:55,83.4,
2026-08-20T21:57,83.4,
2026-08-20T21:59,83.4,
2026-08-20T22:10,66.4,
2026-08-20T22:40,66.4,
2026-08-20T22:55,66.4,
2026-08-20T22:57,66.4,
2026-08-20T22:59,66.4,
2026-08-20T23:10,46.8,
2026-08-20T23:40,46.8,
2026-08-20T23:55,46.8,
2026-08-20T23:57,46.8,
2026-08-20T23:59,46.8,
2026-08-21T00:10,51.4,
2026-08-21T00:40,51.4,
2026-08-21T00:55,51.4,
2026-08-21T00:57,51.4,
2026-08-21T00:59,51.4,
2026-08-21T01:10,57.8,
2026-08-21T01:40,57.8,
2026-08-21T01:55,57.8,
2026-08-21T01:57,57.8,
2026-08-21T01:59,57.8,
2026-08-21T02:10,62.6,
2026-08-21T02:40,62.6,
2026-08-21T02:55,62.6,
2026-08-21T02:57,62.6,
2026-08-21T02:59,62.6,
2026-08-21T03:10,50.2,
2026-08-21T03:40,50.2,
2026-08-21T03:55,50.2,
2026-08-21T03:57,50.2,
2026-08-21T03:59,50.2,
2026-08-21T04:10,46.6,
2026-08-21T04:40,46.6,
2026-08-21T04:55,46.6,
2026-08-21T04:57,46.6,
2026-08-21T04:59,46.6,
2026-08-21T05:10,41.4,
2026-08-21T05:40,41.4,
2026-08-21T05:55,41.4,
2026-08-21T05:57,41.4,
2026-08-21T05:59,41.4,
2026-08-21T06:10,37.2,
2026-08-21T06:40,37.2,
2026-08-21T06:55,37.2,
2026-08-21T06:57,37.2,
2026-08-21T06:59,37.2,
2026-08-21T07:10,47.6,9.600002
2026-08-21T07:40,47.6,
2026-08-21T07:55,47.6,
2026-08-21T07:57,47.6,
2026-08-21T07:59,47.6,9.600002
2026-08-21T08:10,45.6,9.600002
2026-08-21T08:40,45.6,
2026-08-21T08:55,45.6,
2026-08-21T08:57,45.6,
2026-08-21T08:59,45.6,9.600002
2026-08-21T09:10,37.2,9.600002
2026-08-21T09:40,37.2,9.600002
2026-08-21T09:55,37.2,
2026-08-21T09:57,37.2,
2026-08-21T09:59,37.2,
2026-08-21T10:10,34.4,9.600002
2026-08-21T10:12,,9.600002
2026-08-21T10:40,34.4,9.600002
2026-08-21T10:55,34.4,9.600002
2026-08-21T10:57,34.4,
2026-08-21T10:59,34.4,
2026-08-21T11:10,42.6,9.600002
2026-08-21T11:40,42.6,
2026-08-21T11:55,42.6,
2026-08-21T11:57,42.6,
2026-08-21T11:59,42.6,
2026-08-21T12:10,48.6,9.600002
2026-08-21T12:40,48.6,9.600002
2026-08-21T12:55,48.6,9.600002
2026-08-21T12:57,48.6,
2026-08-21T12:59,48.6,
2026-08-21T13:10,45.4,9.600002
2026-08-21T13:40,45.4,
2026-08-21T13:55,45.4,9.600002
2026-08-21T13:57,45.4,
2026-08-21T13:59,45.4,
2026-08-21T14:10,76.2,9.600002
2026-08-21T14:40,76.2,9.600002
2026-08-21T14:55,76.2,
2026-08-21T14:57,76.2,9.600002
2026-08-21T14:59,76.2,
2026-08-21T15:10,99.0,9.600002
2026-08-21T15:40,99.0,9.600002
2026-08-21T15:55,99.0,9.600002
2026-08-21T15:57,99.0,
2026-08-21T15:59,99.0,
2026-08-21T16:10,86.2,9.600002
2026-08-21T16:40,86.2,9.600002
2026-08-21T16:55,86.2,
2026-08-21T16:57,86.2,
2026-08-21T16:59,86.2,9.600002
2026-08-21T17:10,76.0,9.600002
2026-08-21T17:40,76.0,9.600002
2026-08-21T17:55,76.0,
2026-08-21T17:57,76.0,
2026-08-21T17:59,76.0,9.600002
2026-08-21T18:10,86.4,9.600002
2026-08-21T18:40,86.4,9.600002
2026-08-21T18:55,86.4,9.600002
2026-08-21T18:57,86.4,
2026-08-21T18:59,86.4,
2026-08-21T19:10,72.2,9.600002
2026-08-21T19:40,72.2,9.600002
2026-08-21T19:55,72.2,9.600002
2026-08-21T19:57,72.2,
2026-08-21T19:59,72.2,
2026-08-21T20:10,69.0,9.600002
2026-08-21T20:40,69.0,9.600002
2026-08-21T20:55,69.0,
2026-08-21T20:57,69.0,
2026-08-21T20:59,69.0,9.600002
2026-08-21T21:10,71.0,9.600002
2026-08-21T21:40,71.0,9.600002
2026-08-21T21:55,71.0,9.600002
2026-08-21T21:57,71.0,
2026-08-21T21:59,71.0,
2026-08-21T22:10,66.4,
2026-08-21T22:40,66.4,9.600002
2026-08-21T22:55,66.4,9.600002
2026-08-21T22:57,66.4,
2026-08-21T22:59,66.4,
2026-08-21T23:10,41.0,9.600002
2026-08-21T23:40,41.0,9.600002
2026-08-21T23:55,41.0,
2026-08-21T23:57,41.0,
2026-08-21T23:59,41.0,
2026-08-22T00:10,36.4,
2026-08-22T00:40,36.4,
2026-08-22T00:55,36.4,
2026-08-22T00:57,36.4,
2026-08-22T00:59,36.4,
2026-08-22T01:10,38.0,
2026-08-22T01:40,38.0,
2026-08-22T01:55,38.0,11.7
2026-08-22T01:57,38.0,
2026-08-22T01:59,38.0,
2026-08-22T02:10,47.8,
2026-08-22T02:40,47.8,
2026-08-22T02:55,47.8,
2026-08-22T02:57,47.8,
2026-08-22T02:59,47.8,
2026-08-22T03:10,43.8,11.7
2026-08-22T03:40,43.8,
2026-08-22T03:55,43.8,
2026-08-22T03:57,43.8,
2026-08-22T03:59,43.8,
2026-08-22T04:10,44.8,11.7
2026-08-22T04:40,44.8,
2026-08-22T04:55,44.8,
2026-08-22T04:57,44.8,
2026-08-22T04:59,44.8,
2026-08-22T05:10,33.4,11.7
2026-08-22T05:40,33.4,11.7
2026-08-22T05:55,33.4,
2026-08-22T05:57,33.4,
2026-08-22T05:59,33.4,
2026-08-22T06:10,39.2,
2026-08-22T06:40,39.2,
2026-08-22T06:55,39.2,
2026-08-22T06:57,39.2,
2026-08-22T06:59,39.2,
2026-08-22T07:10,27.6,11.7
2026-08-22T07:40,27.6,11.7
2026-08-22T07:55,27.6,
2026-08-22T07:57,27.6,
2026-08-22T07:59,27.6,11.7
2026-08-22T08:10,38.4,11.7
2026-08-22T08:40,38.4,
2026-08-22T08:55,38.4,
2026-08-22T08:57,38.4,
2026-08-22T08:59,38.4,
2026-08-22T09:10,44.4,11.7
2026-08-22T09:40,44.4,11.7
2026-08-22T09:55,44.4,
2026-08-22T09:57,44.4,
2026-08-22T09:59,44.4,
2026-08-22T10:10,53.0,11.7
2026-08-22T10:12,,11.7
2026-08-22T10:40,53.0,
2026-08-22T10:55,53.0,11.7
2026-08-22T10:57,53.0,
2026-08-22T10:59,53.0,
2026-08-22T11:10,46.2,11.7
2026-08-22T11:40,46.2,11.7
2026-08-22T11:55,46.2,
2026-08-22T11:57,46.2,
2026-08-22T11:59,46.2,
2026-08-22T12:10,65.0,11.7
2026-08-22T12:40,65.0,11.7
2026-08-22T12:55,65.0,11.7
2026-08-22T12:57,65.0,
2026-08-22T12:59,65.0,
2026-08-22T13:10,83.4,11.7
2026-08-22T13:40,83.4,11.7
2026-08-22T13:55,83.4,11.7
2026-08-22T13:57,83.4,
2026-08-22T13:59,83.4,
2026-08-22T14:10,99.0,11.7
2026-08-22T14:40,99.0,11.7
2026-08-22T14:55,99.0,
2026-08-22T14:59,99.0,
2026-08-22T15:10,101.6,11.7
2026-08-22T15:40,101.6,11.7
2026-08-22T15:55,101.6,
2026-08-22T15:59,101.6,
2026-08-22T16:10,109.6,11.7
2026-08-22T16:40,109.6,
2026-08-22T16:55,109.6,
2026-08-22T16:59,109.6,11.7
2026-08-22T17:10,102.4,11.7
2026-08-22T17:40,102.4,11.7
2026-08-22T17:55,102.4,
2026-08-22T17:59,102.4,11.7
2026-08-22T18:10,99.0,11.7
2026-08-22T18:40,99.0,11.7
2026-08-22T18:55,99.0,11.7
2026-08-22T18:59,99.0,
2026-08-22T19:10,94.6,
2026-08-22T19:40,94.6,11.7
2026-08-22T19:55,94.6,11.7
2026-08-22T19:59,94.6,
2026-08-22T20:10,78.4,11.7
2026-08-22T20:40,78.4,11.7
2026-08-22T20:55,78.4,
2026-08-22T20:59,78.4,
2026-08-22T21:10,77.2,11.7
2026-08-22T21:40,77.2,11.7
2026-08-22T21:55,77.2,11.7
2026-08-22T21:59,77.2,
2026-08-22T22:10,50.4,
2026-08-22T22:40,50.4,11.7
2026-08-22T22:55,50.4,11.7
2026-08-22T22:59,50.4,
2026-08-22T23:10,47.4,11.7
2026-08-22T23:40,47.4,11.7
2026-08-22T23:55,47.4,11.7
2026-08-22T23:59,47.4,
2026-08-23T00:10,48.2,
2026-08-23T00:40,48.2,
2026-08-23T00:55,48.2,
2026-08-23T00:59,48.2,
2026-08-23T01:10,49.6,
2026-08-23T01:40,49.6,
2026-08-23T01:55,49.6,9.699998
2026-08-23T01:59,49.6,
2026-08-23T02:10,50.2,9.699998
2026-08-23T02:40,50.2,
2026-08-23T02:55,50.2,
2026-08-23T02:59,50.2,
2026-08-23T03:10,50.8,9.699998
2026-08-23T03:40,50.8,
2026-08-23T03:55,50.8,
2026-08-23T03:59,50.8,
2026-08-23T04:10,46.8,9.699998
2026-08-23T04:40,46.8,
2026-08-23T04:55,46.8,
2026-08-23T04:59,46.8,
2026-08-23T05:10,43.2,9.699998
2026-08-23T05:40,43.2,9.699998
2026-08-23T05:55,43.2,
2026-08-23T05:59,43.2,
2026-08-23T06:10,41.4,
2026-08-23T06:40,41.4,
2026-08-23T06:55,41.4,
2026-08-23T06:59,41.4,
2026-08-23T07:10,43.4,9.699998
2026-08-23T07:40,43.4,9.699998
2026-08-23T07:55,43.4,
2026-08-23T07:59,43.4,9.699998
2026-08-23T08:10,53.0,9.699998
2026-08-23T08:40,53.0,
2026-08-23T08:55,53.0,
2026-08-23T08:59,53.0,
2026-08-23T09:10,59.6,9.699998
2026-08-23T09:40,59.6,9.699998
2026-08-23T09:55,59.6,
2026-08-23T09:59,59.6,
2026-08-23T10:10,69.0,9.699998
2026-08-23T10:12,,9.699998
2026-08-23T10:40,69.0,
2026-08-23T10:55,69.0,9.699998
2026-08-23T10:59,69.0,
2026-08-23T11:10,75.8,9.699998
2026-08-23T11:40,75.8,9.699998
2026-08-23T11:55,75.8,
2026-08-23T11:59,75.8,
2026-08-23T12:10,84.0,9.699998
2026-08-23T12:40,84.0,9.699998
2026-08-23T12:55,84.0,9.699998
2026-08-23T12:59,84.0,
2026-08-23T13:10,86.6,9.699998
2026-08-23T13:40,86.6,9.699998
2026-08-23T13:55,86.6,
2026-08-23T13:59,86.6,
2026-08-23T14:10,90.2,9.699998
2026-08-23T14:40,90.2,9.699998
2026-08-23T14:55,90.2,
2026-08-23T14:57,,9.699998
2026-08-23T14:59,90.2,
2026-08-23T15:10,91.0,9.699998
2026-08-23T15:40,91.0,9.699998
2026-08-23T15:55,91.0,
2026-08-23T15:59,91.0,
2026-08-23T16:10,94.2,9.699998
2026-08-23T16:40,94.2,
2026-08-23T16:55,94.2,9.699998
2026-08-23T16:59,94.2,
2026-08-23T17:10,94.6,9.699998
2026-08-23T17:40,94.6,
2026-08-23T17:55,94.6,
2026-08-23T17:59,94.6,9.699998
2026-08-23T18:10,92.0,9.699998
2026-08-23T18:40,92.0,9.699998
2026-08-23T18:55,92.0,9.699998
2026-08-23T18:59,92.0,
2026-08-23T19:10,80.0,
2026-08-23T19:40,80.0,9.699998
2026-08-23T19:55,80.0,9.699998
2026-08-23T19:59,80.0,
2026-08-23T20:10,71.2,9.699998
2026-08-23T20:40,71.2,9.699998
2026-08-23T20:55,71.2,9.699998
2026-08-23T20:59,71.2,
2026-08-23T21:10,64.6,9.699998
2026-08-23T21:40,64.6,9.699998
2026-08-23T21:55,64.6,9.699998
2026-08-23T21:59,64.6,
2026-08-23T22:10,23.8,9.699998
2026-08-23T22:40,23.8,9.699998
2026-08-23T22:55,23.8,
2026-08-23T22:59,23.8,
2026-08-23T23:10,22.2,9.699998
2026-08-23T23:40,22.2,9.699998
2026-08-23T23:55,22.2,9.699998
2026-08-23T23:59,22.2,9.699998
2026-08-24T00:10,46.2,
2026-08-24T00:40,46.2,
2026-08-24T00:55,46.2,
2026-08-24T00:59,46.2,
2026-08-24T01:10,45.4,
2026-08-24T01:40,45.4,
2026-08-24T01:55,45.4,19.100004
2026-08-24T01:59,45.4,
2026-08-24T02:10,47.0,19.100004
2026-08-24T02:40,47.0,
2026-08-24T02:55,47.0,
2026-08-24T02:57,,19.100004
2026-08-24T02:59,47.0,
2026-08-24T03:10,41.6,19.100004
2026-08-24T03:40,41.6,19.100004
2026-08-24T03:55,41.6,
2026-08-24T03:59,41.6,
2026-08-24T04:10,43.0,19.100004
2026-08-24T04:40,43.0,
2026-08-24T04:55,43.0,19.100004
2026-08-24T04:59,43.0,
2026-08-24T05:10,36.6,19.100004
2026-08-24T05:40,36.6,19.100004
2026-08-24T05:55,36.6,
2026-08-24T05:59,36.6,
2026-08-24T06:10,33.6,
2026-08-24T06:40,33.6,
2026-08-24T06:55,33.6,
2026-08-24T06:57,,19.100004
2026-08-24T06:59,33.6,
2026-08-24T07:10,28.6,19.100004
2026-08-24T07:40,28.6,19.100004
2026-08-24T07:55,28.6,
2026-08-24T07:59,28.6,
2026-08-24T08:10,35.2,19.100004
2026-08-24T08:40,35.2,
2026-08-24T08:55,35.2,
2026-08-24T08:59,35.2,
2026-08-24T09:10,43.4,19.100004
2026-08-24T09:40,43.4,19.100004
2026-08-24T09:55,43.4,
2026-08-24T09:59,43.4,
2026-08-24T10:10,64.8,19.100004
2026-08-24T10:12,,19.100004
2026-08-24T10:40,64.8,
2026-08-24T10:55,64.8,19.100004
2026-08-24T10:59,64.8,
2026-08-24T11:10,72.4,19.100004
2026-08-24T11:40,72.4,19.100004
2026-08-24T11:55,72.4,
2026-08-24T11:59,72.4,
2026-08-24T12:10,83.6,19.100004
2026-08-24T12:40,83.6,19.100004
2026-08-24T12:55,83.6,19.100004
2026-08-24T12:59,83.6,
2026-08-24T13:10,98.4,19.100004
2026-08-24T13:40,98.4,19.100004
2026-08-24T13:55,98.4,
2026-08-24T13:59,98.4,
2026-08-24T14:10,117.8,19.100004
2026-08-24T14:40,117.8,19.100004
2026-08-24T14:55,117.8,
2026-08-24T14:57,,19.100004
2026-08-24T14:59,117.8,
2026-08-24T15:10,120.6,19.100004
2026-08-24T15:40,120.6,19.100004
2026-08-24T15:55,120.6,
2026-08-24T15:59,120.6,
2026-08-24T16:10,125.6,19.100004
2026-08-24T16:40,125.6,
2026-08-24T16:55,125.6,19.100004
2026-08-24T16:59,125.6,
2026-08-24T17:10,126.0,19.100004
2026-08-24T17:40,126.0,19.100004
2026-08-24T17:55,126.0,
2026-08-24T18:10,120.6,19.100004
2026-08-24T18:40,120.6,19.100004
2026-08-24T18:55,120.6,19.100004
2026-08-24T19:10,113.2,
2026-08-24T19:40,113.2,19.100004
2026-08-24T19:55,113.2,19.100004
2026-08-24T20:10,107.4,
2026-08-24T20:40,,19.100004
2026-08-24T20:55,107.4,19.100004
2026-08-24T21:10,98.4,19.100004
2026-08-24T21:40,,19.100004
2026-08-24T21:55,,19.100004
2026-08-24T21:57,,19.100004
2026-08-24T22:10,,19.100004
2026-08-24T22:40,,19.100004
2026-08-24T22:55,,19.100004
2026-08-24T23:10,,19.100004
2026-08-24T23:40,,19.100004
2026-08-24T23:55,,19.100004
2026-08-24T23:59,,19.100004
2026-08-25T00:10,,17.399996
2026-08-25T01:55,,17.399996
2026-08-25T02:10,,17.399996
2026-08-25T02:40,,17.399996
2026-08-25T02:57,,17.399996
2026-08-25T03:10,,17.399996
2026-08-25T03:40,,17.399996
2026-08-25T03:55,,17.399996
2026-08-25T04:10,,17.399996
2026-08-25T04:55,,17.399996
2026-08-25T05:10,,17.399996
2026-08-25T05:40,,17.399996
2026-08-25T05:59,,17.399996
2026-08-25T06:40,,17.399996
2026-08-25T06:57,,17.399996
2026-08-25T07:10,,17.399996
2026-08-25T07:40,,17.399996
2026-08-25T08:10,,17.399996
2026-08-25T09:10,,17.399996
2026-08-25T09:40,,17.399996
2026-08-25T10:10,,17.399996
2026-08-25T10:12,,17.399996
2026-08-25T10:55,,17.399996
2026-08-25T11:10,,17.399996
2026-08-25T11:40,,17.399996
2026-08-25T12:10,,17.399996
2026-08-25T12:40,,17.399996
2026-08-25T12:55,,17.399996
2026-08-25T13:10,,17.399996
2026-08-25T13:40,,17.399996
2026-08-25T14:10,,17.399996
2026-08-25T14:40,,17.399996
2026-08-25T14:57,,17.399996
2026-08-25T15:10,,17.399996
2026-08-25T15:40,,17.399996
2026-08-25T16:10,,17.399996
2026-08-25T16:55,,17.399996
2026-08-25T17:10,,17.399996
2026-08-25T17:40,,17.399996
2026-08-25T18:10,,17.399996
2026-08-25T18:40,,17.399996
2026-08-25T18:55,,17.399996
2026-08-25T19:10,,17.399996
2026-08-25T19:40,,17.399996
2026-08-25T19:55,,17.399996
2026-08-25T20:40,,17.399996
2026-08-25T20:55,,17.399996
2026-08-25T21:10,,17.399996
2026-08-25T21:40,,17.399996
2026-08-25T21:55,,17.399996
2026-08-25T21:57,,17.399996
2026-08-25T22:10,,17.399996
2026-08-25T22:40,,17.399996
2026-08-25T22:55,,17.399996
2026-08-25T23:10,,17.399996
2026-08-25T23:40,,17.399996
2026-08-25T23:55,,17.399996
2026-08-25T23:59,,17.399996
2026-08-26T00:10,,19.600004
2026-08-26T01:55,,19.600004
2026-08-26T01:57,,19.600004
2026-08-26T02:10,,19.600004
2026-08-26T02:40,,19.600004
2026-08-26T02:57,,19.600004
2026-08-26T03:10,,19.600004
2026-08-26T03:40,,19.600004
2026-08-26T03:55,,19.600004
2026-08-26T04:10,,19.600004
2026-08-26T04:55,,19.600004
2026-08-26T05:10,,19.600004
2026-08-26T05:40,,19.600004
2026-08-26T05:59,,19.600004
2026-08-26T06:10,,19.600004
2026-08-26T06:40,,19.600004
2026-08-26T06:57,,19.600004
2026-08-26T07:10,,19.600004
2026-08-26T07:40,,19.600004
2026-08-26T08:10,,19.600004
2026-08-26T08:59,,19.600004
2026-08-26T09:10,,19.600004
2026-08-26T09:40,43.0,19.600004
2026-08-26T10:10,,19.600004
2026-08-26T10:12,56.0,19.600004
2026-08-26T10:40,56.0,
2026-08-26T10:55,56.0,19.600004
2026-08-26T11:10,,19.600004
2026-08-26T11:12,74.2,
2026-08-26T11:40,74.2,19.600004
2026-08-26T11:55,74.2,
2026-08-26T12:10,91.8,19.600004
2026-08-26T12:12,91.8,
2026-08-26T12:40,91.8,19.600004
2026-08-26T12:55,91.8,19.600004
2026-08-26T13:10,104.8,19.600004
2026-08-26T13:12,104.8,
2026-08-26T13:40,104.8,19.600004
2026-08-26T13:55,104.8,19.600004
2026-08-26T14:10,108.0,19.600004
2026-08-26T14:12,108.0,
2026-08-26T14:40,108.0,19.600004
2026-08-26T14:55,108.0,
2026-08-26T14:57,,19.600004
2026-08-26T15:10,109.0,19.600004
2026-08-26T15:12,109.0,
2026-08-26T15:40,109.0,19.600004
2026-08-26T15:55,109.0,
2026-08-26T16:10,109.6,19.600004
2026-08-26T16:12,109.6,
2026-08-26T16:40,109.6,
2026-08-26T16:55,109.6,19.600004
2026-08-26T17:10,104.4,19.600004
2026-08-26T17:12,104.4,
2026-08-26T17:40,104.4,19.600004
2026-08-26T17:55,104.4,
2026-08-26T18:10,105.6,19.600004
2026-08-26T18:12,105.6,
2026-08-26T18:40,105.6,19.600004
2026-08-26T18:55,105.6,19.600004
2026-08-26T19:10,106.6,19.600004
2026-08-26T19:12,106.6,
2026-08-26T19:40,106.6,19.600004
2026-08-26T19:55,106.6,19.600004
2026-08-26T20:10,98.6,19.600004
2026-08-26T20:12,98.6,
2026-08-26T20:40,98.6,19.600004
2026-08-26T20:55,98.6,19.600004
2026-08-26T21:10,77.4,19.600004
2026-08-26T21:12,77.4,
2026-08-26T21:40,77.4,19.600004
2026-08-26T21:55,77.4,19.600004
2026-08-26T21:57,,19.600004
2026-08-26T22:10,96.6,19.600004
2026-08-26T22:12,96.6,
2026-08-26T22:40,96.6,19.600004
2026-08-26T22:55,96.6,19.600004
2026-08-26T23:10,79.2,19.600004
2026-08-26T23:12,79.2,
2026-08-26T23:40,79.2,19.600004
2026-08-26T23:55,79.2,19.600004
2026-08-26T23:59,,19.600004
2026-08-27T00:10,67.0,20.200005
2026-08-27T00:12,67.0,
2026-08-27T00:40,67.0,
2026-08-27T00:55,67.0,
2026-08-27T01:10,47.4,
2026-08-27T01:12,47.4,
2026-08-27T01:40,47.4,20.200005
2026-08-27T01:55,47.4,20.200005
2026-08-27T01:57,,20.200005
2026-08-27T02:10,38.0,20.200005
2026-08-27T02:12,38.0,
2026-08-27T02:40,38.0,20.200005
2026-08-27T02:55,38.0,
2026-08-27T02:57,,20.200005
2026-08-27T03:10,48.4,20.200005
2026-08-27T03:12,48.4,
2026-08-27T03:40,48.4,20.200005
2026-08-27T03:55,48.4,20.200005
2026-08-27T04:10,56.6,20.200005
2026-08-27T04:12,56.6,
2026-08-27T04:40,56.6,
2026-08-27T04:55,56.6,20.200005
2026-08-27T05:10,44.0,20.200005
2026-08-27T05:12,44.0,
2026-08-27T05:40,44.0,20.200005
2026-08-27T05:55,44.0,
2026-08-27T05:59,,20.200005
2026-08-27T06:10,27.6,20.200005
2026-08-27T06:12,27.6,
2026-08-27T06:40,27.6,20.200005
2026-08-27T06:55,27.6,
2026-08-27T06:57,,20.200005
2026-08-27T07:10,24.0,20.200005
2026-08-27T07:12,24.0,
2026-08-27T07:40,24.0,20.200005
2026-08-27T07:55,24.0,
2026-08-27T08:10,31.4,20.200005
2026-08-27T08:12,31.4,
2026-08-27T08:40,31.4,
2026-08-27T08:55,31.4,
2026-08-27T08:59,,20.200005
2026-08-27T09:10,41.4,20.200005
2026-08-27T09:12,41.4,
2026-08-27T09:40,41.4,20.200005
2026-08-27T09:55,41.4,
2026-08-27T10:10,76.4,20.200005
2026-08-27T10:12,76.4,20.200005
2026-08-27T10:40,76.4,
2026-08-27T10:55,76.4,20.200005
2026-08-27T11:10,109.8,20.200005
2026-08-27T11:12,109.8,
2026-08-27T11:40,109.8,20.200005
2026-08-27T11:55,109.8,
2026-08-27T12:10,110.2,20.200005
2026-08-27T12:12,110.2,
2026-08-27T12:40,110.2,20.200005
2026-08-27T12:55,110.2,20.200005
2026-08-27T13:10,97.0,20.200005
2026-08-27T13:12,97.0,
2026-08-27T13:40,97.0,20.200005
2026-08-27T13:55,97.0,20.200005
2026-08-27T14:10,93.4,20.200005
2026-08-27T14:12,93.4,
2026-08-27T14:40,93.4,20.200005
2026-08-27T14:55,93.4,
2026-08-27T14:57,,20.200005
2026-08-27T15:10,93.2,20.200005
2026-08-27T15:12,93.2,
2026-08-27T15:40,93.2,20.200005
2026-08-27T15:55,93.2,
2026-08-27T16:10,96.0,20.200005
2026-08-27T16:12,96.0,
2026-08-27T16:40,96.0,
2026-08-27T16:55,96.0,20.200005
2026-08-27T16:57,,20.200005
2026-08-27T17:10,92.0,20.200005
2026-08-27T17:12,92.0,
2026-08-27T17:40,92.0,20.200005
2026-08-27T17:55,92.0,
2026-08-27T18:10,96.2,20.200005
2026-08-27T18:12,96.2,
2026-08-27T18:40,96.2,20.200005
2026-08-27T18:55,96.2,20.200005
2026-08-27T19:10,98.2,20.200005
2026-08-27T19:12,98.2,
2026-08-27T19:40,98.2,20.200005
2026-08-27T19:55,98.2,20.200005
2026-08-27T20:10,88.2,20.200005
2026-08-27T20:12,88.2,
2026-08-27T20:40,88.2,20.200005
2026-08-27T20:55,88.2,20.200005
2026-08-27T21:10,82.6,20.200005
2026-08-27T21:12,82.6,
2026-08-27T21:40,82.6,20.200005
2026-08-27T21:55,82.6,20.200005
2026-08-27T21:57,,20.200005
2026-08-27T22:10,74.2,20.200005
2026-08-27T22:12,74.2,
2026-08-27T22:40,74.2,20.200005
2026-08-27T22:55,74.2,20.200005
2026-08-27T23:10,64.6,20.200005
2026-08-27T23:12,64.6,
2026-08-27T23:40,64.6,20.200005
2026-08-27T23:55,64.6,20.200005
2026-08-27T23:59,,20.200005
2026-08-28T00:10,48.8,30.599997
2026-08-28T00:12,48.8,
2026-08-28T00:40,48.8,
2026-08-28T00:55,48.8,
2026-08-28T01:10,56.6,
2026-08-28T01:12,56.6,
2026-08-28T01:40,56.6,30.599997
2026-08-28T01:55,56.6,30.599997
2026-08-28T01:57,,30.599997
2026-08-28T02:10,51.6,30.599997
2026-08-28T02:12,51.6,
2026-08-28T02:40,51.6,30.599997
2026-08-28T02:55,51.6,
2026-08-28T02:57,,30.599997
2026-08-28T03:10,59.8,30.599997
2026-08-28T03:12,59.8,
2026-08-28T03:40,59.8,30.599997
2026-08-28T03:55,59.8,30.599997
2026-08-28T04:10,61.0,30.599997
2026-08-28T04:12,61.0,
2026-08-28T04:40,61.0,
2026-08-28T04:55,61.0,30.599997
2026-08-28T05:10,52.2,30.599997
2026-08-28T05:12,52.2,
2026-08-28T05:40,52.2,30.599997
2026-08-28T05:55,52.2,
2026-08-28T05:59,,30.599997
2026-08-28T06:10,34.4,30.599997
2026-08-28T06:12,34.4,
2026-08-28T06:40,34.4,30.599997
2026-08-28T06:55,34.4,
2026-08-28T06:57,,30.599997
2026-08-28T07:10,25.0,30.599997
2026-08-28T07:12,25.0,
2026-08-28T07:40,25.0,30.599997
2026-08-28T07:55,25.0,
2026-08-28T07:59,,30.599997
2026-08-28T08:10,24.6,30.599997
2026-08-28T08:40,24.6,30.599997
2026-08-28T08:55,24.6,
2026-08-28T08:59,,30.599997
2026-08-28T09:10,,30.599997
2026-08-28T10:10,40.4,30.599997
2026-08-28T10:40,40.4,
2026-08-28T10:55,40.4,30.599997
2026-08-28T11:10,89.4,30.599997
2026-08-28T11:40,89.4,30.599997
2026-08-28T11:55,89.4,
2026-08-28T12:10,98.4,30.599997
2026-08-28T12:40,98.4,30.599997
2026-08-28T12:55,98.4,
2026-08-28T13:10,93.2,30.599997
2026-08-28T13:40,93.2,30.599997
2026-08-28T13:55,93.2,30.599997
2026-08-28T14:10,94.0,30.599997
2026-08-28T14:40,94.0,
2026-08-28T14:55,94.0,
2026-08-28T14:57,94.0,30.599997
2026-08-28T15:10,77.4,30.599997
2026-08-28T15:40,77.4,30.599997
2026-08-28T15:55,77.4,
2026-08-28T15:57,77.4,
2026-08-28T16:10,82.2,30.599997
2026-08-28T16:40,82.2,
2026-08-28T16:55,82.2,30.599997
2026-08-28T16:57,82.2,30.599997
2026-08-28T17:10,87.8,30.599997
2026-08-28T17:40,87.8,30.599997
2026-08-28T17:55,87.8,
2026-08-28T17:57,87.8,
2026-08-28T18:10,71.2,30.599997
2026-08-28T18:40,71.2,30.599997
2026-08-28T18:55,71.2,30.599997
2026-08-28T18:57,71.2,
2026-08-28T19:10,69.0,30.599997
2026-08-28T19:40,69.0,30.599997
2026-08-28T19:55,69.0,30.599997
2026-08-28T19:57,69.0,
2026-08-28T20:10,49.8,30.599997
2026-08-28T20:40,49.8,30.599997
2026-08-28T20:55,49.8,30.599997
2026-08-28T20:57,49.8,
2026-08-28T21:10,69.0,30.599997
2026-08-28T21:40,69.0,
2026-08-28T21:55,69.0,30.599997
2026-08-28T21:57,69.0,30.599997
2026-08-28T21:59,,30.599997
2026-08-28T22:10,44.0,30.599997
2026-08-28T22:40,44.0,30.599997
2026-08-28T22:55,44.0,30.599997
2026-08-28T22:57,44.0,
2026-08-28T23:10,48.2,30.599997
2026-08-28T23:40,48.2,
2026-08-28T23:55,48.2,30.599997
2026-08-28T23:57,48.2,
2026-08-28T23:59,48.2,30.599997
2026-08-29T00:10,44.0,30.200006
2026-08-29T00:40,44.0,
2026-08-29T00:55,44.0,
2026-08-29T00:57,44.0,
2026-08-29T00:59,44.0,
2026-08-29T01:10,27.8,
2026-08-29T01:40,27.8,30.200006
2026-08-29T01:55,27.8,30.200006
2026-08-29T01:57,27.8,30.200006
2026-08-29T01:59,27.8,
2026-08-29T02:10,31.6,30.200006
2026-08-29T02:40,31.6,30.200006
2026-08-29T02:55,31.6,
2026-08-29T02:57,31.6,30.200006
2026-08-29T02:59,31.6,
2026-08-29T03:10,28.6,
2026-08-29T03:40,28.6,30.200006
2026-08-29T03:55,28.6,30.200006
2026-08-29T03:57,28.6,
2026-08-29T03:59,28.6,
2026-08-29T04:10,19.6,30.200006
2026-08-29T04:40,19.6,30.200006
2026-08-29T04:55,19.6,30.200006
2026-08-29T04:57,19.6,
2026-08-29T04:59,19.6,
2026-08-29T05:10,20.4,30.200006
2026-08-29T05:40,20.4,30.200006
2026-08-29T05:55,20.4,
2026-08-29T05:57,20.4,
2026-08-29T05:59,20.4,30.200006
2026-08-29T06:10,9.0,30.200006
2026-08-29T06:40,9.0,30.200006
2026-08-29T06:55,9.0,30.200006
2026-08-29T06:57,9.0,30.200006
2026-08-29T06:59,9.0,
2026-08-29T07:10,16.0,30.200006
2026-08-29T07:40,16.0,30.200006
2026-08-29T07:55,16.0,30.200006
2026-08-29T07:57,16.0,
2026-08-29T07:59,16.0,30.200006
2026-08-29T08:10,23.0,30.200006
2026-08-29T08:40,23.0,30.200006
2026-08-29T08:55,23.0,
2026-08-29T08:57,23.0,
2026-08-29T08:59,23.0,30.200006
2026-08-29T09:10,30.4,30.200006
2026-08-29T09:40,30.4,30.200006
2026-08-29T09:55,30.4,
2026-08-29T09:57,30.4,
2026-08-29T09:59,30.4,
2026-08-29T10:10,44.4,30.200006
2026-08-29T10:40,44.4,
2026-08-29T10:55,44.4,
2026-08-29T10:57,44.4,
2026-08-29T10:59,44.4,
2026-08-29T11:10,59.2,30.200006
2026-08-29T11:40,59.2,
2026-08-29T11:55,59.2,30.200006
2026-08-29T11:57,59.2,
2026-08-29T11:59,59.2,
2026-08-29T12:10,75.4,30.200006
2026-08-29T12:40,75.4,30.200006
2026-08-29T12:55,75.4,
2026-08-29T12:57,75.4,
2026-08-29T12:59,75.4,
2026-08-29T13:10,88.2,30.200006
2026-08-29T13:40,88.2,30.200006
2026-08-29T13:55,88.2,30.200006
2026-08-29T13:57,88.2,
2026-08-29T13:59,88.2,
2026-08-29T14:10,85.0,30.200006
2026-08-29T14:40,85.0,30.200006
2026-08-29T14:55,85.0,
2026-08-29T14:57,85.0,30.200006
2026-08-29T14:59,85.0,
2026-08-29T15:10,90.6,30.200006
2026-08-29T15:40,90.6,30.200006
2026-08-29T15:55,90.6,
2026-08-29T15:57,90.6,
2026-08-29T15:59,90.6,30.200006
2026-08-29T16:10,93.2,30.200006
2026-08-29T16:40,93.2,30.200006
2026-08-29T16:55,93.2,30.200006
2026-08-29T16:57,93.2,30.200006
2026-08-29T16:59,93.2,
2026-08-29T17:10,96.6,30.200006
2026-08-29T17:40,96.6,30.200006
2026-08-29T17:55,96.6,
2026-08-29T17:57,96.6,
2026-08-29T17:59,96.6,
2026-08-29T18:10,88.4,30.200006
2026-08-29T18:40,88.4,30.200006
2026-08-29T18:55,88.4,30.200006
2026-08-29T18:57,88.4,
2026-08-29T18:59,88.4,30.200006
2026-08-29T19:10,76.8,30.200006
2026-08-29T19:40,76.8,30.200006
2026-08-29T19:55,76.8,30.200006
2026-08-29T19:57,76.8,
2026-08-29T19:59,76.8,30.200006
2026-08-29T20:10,79.6,30.200006
2026-08-29T20:40,79.6,30.200006
2026-08-29T20:55,79.6,30.200006
2026-08-29T20:57,79.6,
2026-08-29T20:59,79.6,30.200006
2026-08-29T21:10,39.4,30.200006
2026-08-29T21:40,39.4,
2026-08-29T21:55,39.4,
2026-08-29T21:57,39.4,30.200006
2026-08-29T21:59,39.4,30.200006
2026-08-29T22:10,37.4,30.200006
2026-08-29T22:40,37.4,30.200006
2026-08-29T22:55,37.4,30.200006
2026-08-29T22:57,37.4,
2026-08-29T22:59,37.4,
2026-08-29T23:10,38.4,30.200006
2026-08-29T23:40,38.4,
2026-08-29T23:55,38.4,30.200006
2026-08-29T23:57,38.4,
2026-08-29T23:59,38.4,30.200006
2026-08-30T00:10,35.2,26.299994
2026-08-30T00:40,35.2,
2026-08-30T00:55,35.2,
2026-08-30T00:57,35.2,
2026-08-30T00:59,35.2,
2026-08-30T01:10,48.6,
2026-08-30T01:40,48.6,26.299994
2026-08-30T01:55,48.6,
2026-08-30T01:57,48.6,26.299994
2026-08-30T01:59,48.6,
2026-08-30T02:10,52.2,26.299994
2026-08-30T02:40,52.2,26.299994
2026-08-30T02:55,52.2,
2026-08-30T02:57,52.2,
2026-08-30T02:59,52.2,
2026-08-30T03:10,53.2,26.299994
2026-08-30T03:40,53.2,26.299994
2026-08-30T03:55,53.2,26.299994
2026-08-30T03:57,53.2,
2026-08-30T03:59,53.2,
2026-08-30T04:10,50.4,26.299994
2026-08-30T04:40,50.4,26.299994
2026-08-30T04:55,50.4,26.299994
2026-08-30T04:57,50.4,
2026-08-30T04:59,50.4,
2026-08-30T05:10,45.0,26.299994
2026-08-30T05:40,45.0,
2026-08-30T05:55,45.0,
2026-08-30T05:57,45.0,
2026-08-30T05:59,45.0,26.299994
2026-08-30T06:10,42.4,26.299994
2026-08-30T06:40,42.4,26.299994
2026-08-30T06:55,42.4,26.299994
2026-08-30T06:57,42.4,26.299994
2026-08-30T06:59,42.4,
2026-08-30T07:10,42.6,26.299994
2026-08-30T07:40,42.6,26.299994
2026-08-30T07:55,42.6,26.299994
2026-08-30T07:57,42.6,
2026-08-30T07:59,42.6,26.299994
2026-08-30T08:10,43.6,26.299994
2026-08-30T08:40,43.6,26.299994
2026-08-30T08:55,43.6,
2026-08-30T08:57,43.6,
2026-08-30T08:59,43.6,26.299994
2026-08-30T09:10,52.0,26.299994
2026-08-30T09:40,52.0,26.299994
2026-08-30T09:55,52.0,
2026-08-30T09:57,52.0,
2026-08-30T09:59,52.0,
2026-08-30T10:10,62.8,26.299994
2026-08-30T10:40,62.8,
2026-08-30T10:55,62.8,26.299994
2026-08-30T10:57,62.8,
2026-08-30T10:59,62.8,
2026-08-30T11:10,71.4,26.299994
2026-08-30T11:40,71.4,26.299994
2026-08-30T11:55,71.4,26.299994
2026-08-30T11:57,71.4,
2026-08-30T11:59,71.4,
2026-08-30T12:10,80.0,26.299994
2026-08-30T12:40,80.0,26.299994
2026-08-30T12:55,80.0,
2026-08-30T12:57,80.0,26.299994
2026-08-30T12:59,80.0,
2026-08-30T13:10,102.2,26.299994
2026-08-30T13:40,102.2,26.299994
2026-08-30T13:55,102.2,26.299994
2026-08-30T13:57,102.2,
2026-08-30T13:59,102.2,
2026-08-30T14:10,107.0,26.299994
2026-08-30T14:40,107.0,26.299994
2026-08-30T14:55,107.0,
2026-08-30T14:57,107.0,26.299994
2026-08-30T14:59,107.0,
2026-08-30T15:10,110.6,26.299994
2026-08-30T15:40,110.6,26.299994
2026-08-30T15:55,110.6,
2026-08-30T15:57,110.6,
2026-08-30T15:59,110.6,26.299994
2026-08-30T16:10,113.6,26.299994
2026-08-30T16:40,113.6,26.299994
2026-08-30T16:55,113.6,
2026-08-30T16:57,113.6,26.299994
2026-08-30T16:59,113.6,
2026-08-30T17:10,109.0,26.299994
2026-08-30T17:40,109.0,26.299994
2026-08-30T17:55,109.0,
2026-08-30T17:57,109.0,
2026-08-30T17:59,109.0,26.299994
2026-08-30T18:10,100.0,26.299994
2026-08-30T18:40,100.0,26.299994
2026-08-30T18:55,100.0,
2026-08-30T18:57,100.0,
2026-08-30T18:59,100.0,26.299994
2026-08-30T19:10,90.0,26.299994
2026-08-30T19:40,90.0,26.299994
2026-08-30T19:55,90.0,26.299994
2026-08-30T19:57,90.0,
2026-08-30T19:59,90.0,26.299994
2026-08-30T20:10,91.4,26.299994
2026-08-30T20:40,91.4,26.299994
2026-08-30T20:55,91.4,26.299994
2026-08-30T20:57,91.4,26.299994
2026-08-30T20:59,91.4,26.299994
2026-08-30T21:10,69.0,26.299994
2026-08-30T21:40,69.0,26.299994
2026-08-30T21:55,69.0,
2026-08-30T21:57,69.0,26.299994
2026-08-30T21:59,69.0,26.299994
2026-08-30T22:10,68.8,26.299994
2026-08-30T22:40,68.8,26.299994
2026-08-30T22:55,68.8,26.299994
2026-08-30T22:57,68.8,
2026-08-30T22:59,68.8,26.299994
2026-08-30T23:10,66.8,26.299994
2026-08-30T23:40,66.8,
2026-08-30T23:55,66.8,26.299994
2026-08-30T23:57,66.8,
2026-08-30T23:59,66.8,
2026-08-31T00:10,56.2,29.599997
2026-08-31T00:40,56.2,
2026-08-31T00:55,56.2,
2026-08-31T00:57,56.2,
2026-08-31T00:59,56.2,
2026-08-31T01:10,66.0,
2026-08-31T01:40,66.0,29.599997
2026-08-31T01:55,66.0,
2026-08-31T01:57,66.0,29.599997
2026-08-31T01:59,66.0,
2026-08-31T02:10,64.0,29.599997
2026-08-31T02:40,64.0,29.599997
2026-08-31T02:55,64.0,
2026-08-31T02:57,64.0,
2026-08-31T02:59,64.0,
2026-08-31T03:10,57.2,29.599997
2026-08-31T03:40,57.2,29.599997
2026-08-31T03:55,57.2,
2026-08-31T03:57,57.2,
2026-08-31T03:59,57.2,
2026-08-31T04:10,25.0,29.599997
2026-08-31T04:40,25.0,29.599997
2026-08-31T04:55,25.0,29.599997
2026-08-31T04:57,25.0,
2026-08-31T04:59,25.0,
2026-08-31T05:10,27.0,29.599997
2026-08-31T05:40,27.0,
2026-08-31T05:55,27.0,
2026-08-31T05:57,27.0,
2026-08-31T05:59,27.0,29.599997
2026-08-31T06:10,19.0,29.599997
2026-08-31T06:40,19.0,29.599997
2026-08-31T06:55,19.0,29.599997
2026-08-31T06:57,19.0,29.599997
2026-08-31T06:59,19.0,
2026-08-31T07:10,14.2,29.599997
2026-08-31T07:40,14.2,29.599997
2026-08-31T07:55,14.2,29.599997
2026-08-31T07:57,14.2,
2026-08-31T07:59,14.2,29.599997
2026-08-31T08:10,18.6,29.599997
2026-08-31T08:40,18.6,29.599997
2026-08-31T08:55,18.6,
2026-08-31T08:57,18.6,
2026-08-31T08:59,18.6,29.599997
2026-08-31T09:10,26.8,29.599997
2026-08-31T09:40,26.8,29.599997
2026-08-31T09:55,26.8,
2026-08-31T09:57,26.8,
2026-08-31T09:59,26.8,
2026-08-31T10:10,43.0,29.599997
2026-08-31T10:40,43.0,
2026-08-31T10:55,43.0,29.599997
2026-08-31T10:57,43.0,
2026-08-31T10:59,43.0,
2026-08-31T11:10,68.0,29.599997
2026-08-31T11:40,68.0,29.599997
2026-08-31T11:55,68.0,29.599997
2026-08-31T11:57,68.0,
2026-08-31T11:59,68.0,
2026-08-31T12:10,100.0,29.599997
2026-08-31T12:40,100.0,29.599997
2026-08-31T12:55,100.0,
2026-08-31T12:57,100.0,29.599997
2026-08-31T12:59,100.0,
2026-08-31T13:10,113.6,29.599997
2026-08-31T13:40,113.6,29.599997
2026-08-31T13:55,113.6,29.599997
2026-08-31T13:57,113.6,
2026-08-31T13:59,113.6,
2026-08-31T14:10,128.8,29.599997
2026-08-31T14:40,128.8,29.599997
2026-08-31T14:55,128.8,
2026-08-31T14:57,128.8,29.599997
2026-08-31T14:59,128.8,
2026-08-31T15:10,124.0,29.599997
2026-08-31T15:40,124.0,29.599997
2026-08-31T15:55,124.0,
2026-08-31T15:57,124.0,
2026-08-31T15:59,124.0,29.599997
2026-08-31T16:10,120.8,29.599997
2026-08-31T16:40,120.8,29.599997
2026-08-31T16:55,120.8,
2026-08-31T16:57,120.8,29.599997
2026-08-31T16:59,120.8,
2026-08-31T17:10,130.4,29.599997
2026-08-31T17:40,130.4,29.599997
2026-08-31T17:55,130.4,
2026-08-31T17:57,130.4,
2026-08-31T17:59,130.4,29.599997
2026-08-31T18:10,135.0,29.599997
2026-08-31T18:40,135.0,29.599997
2026-08-31T18:55,135.0,
2026-08-31T18:57,135.0,
2026-08-31T18:59,135.0,29.599997
2026-08-31T19:10,122.4,29.599997
2026-08-31T19:40,122.4,29.599997
2026-08-31T19:55,122.4,29.599997
2026-08-31T19:57,122.4,
2026-08-31T19:59,122.4,29.599997
2026-08-31T20:10,113.8,29.599997
2026-08-31T20:40,113.8,29.599997
2026-08-31T20:55,113.8,29.599997
2026-08-31T20:57,113.8,29.599997
2026-08-31T20:59,113.8,29.599997
2026-08-31T21:10,104.8,29.599997
2026-08-31T21:40,104.8,29.599997
2026-08-31T21:55,104.8,
2026-08-31T21:57,104.8,29.599997
2026-08-31T21:59,104.8,29.599997
2026-08-31T22:10,98.4,29.599997
2026-08-31T22:40,98.4,29.599997
2026-08-31T22:55,98.4,29.599997
2026-08-31T22:57,98.4,
2026-08-31T22:59,98.4,29.599997
2026-08-31T23:10,100.8,29.599997
2026-08-31T23:40,100.8,
2026-08-31T23:55,100.8,29.599997
2026-08-31T23:57,100.8,
2026-08-31T23:59,100.8,
2026-09-01T00:10,83.6,15.700002
2026-09-01T00:40,83.6,
2026-09-01T00:55,83.6,
2026-09-01T00:57,83.6,
2026-09-01T00:59,83.6,
2026-09-01T01:10,70.8,
2026-09-01T01:40,70.8,15.700002
2026-09-01T01:55,70.8,
2026-09-01T01:57,70.8,
2026-09-01T01:59,70.8,
2026-09-01T02:10,81.2,15.700002
2026-09-01T02:40,81.2,15.700002
2026-09-01T02:55,81.2,
2026-09-01T02:57,81.2,
2026-09-01T02:59,81.2,
2026-09-01T03:10,83.8,15.700002
2026-09-01T03:40,83.8,15.700002
2026-09-01T03:55,83.8,
2026-09-01T03:57,83.8,
2026-09-01T03:59,83.8,
2026-09-01T04:10,75.4,15.700002
2026-09-01T04:40,75.4,15.700002
2026-09-01T04:55,75.4,15.700002
2026-09-01T04:57,75.4,
2026-09-01T04:59,75.4,
2026-09-01T05:10,63.0,15.700002
2026-09-01T05:40,63.0,
2026-09-01T05:55,63.0,
2026-09-01T05:57,63.0,
2026-09-01T05:59,63.0,15.700002
2026-09-01T06:10,50.6,15.700002
2026-09-01T06:40,50.6,
2026-09-01T06:55,50.6,15.700002
2026-09-01T06:57,50.6,15.700002
2026-09-01T06:59,50.6,
2026-09-01T07:10,41.4,15.700002
2026-09-01T07:40,41.4,15.700002
2026-09-01T07:55,41.4,15.700002
2026-09-01T07:57,41.4,
2026-09-01T07:59,41.4,15.700002
2026-09-01T08:10,40.2,15.700002
2026-09-01T08:40,40.2,15.700002
2026-09-01T08:55,40.2,
2026-09-01T08:57,40.2,
2026-09-01T08:59,40.2,15.700002
2026-09-01T09:10,43.6,15.700002
2026-09-01T09:40,43.6,15.700002
2026-09-01T09:55,43.6,
2026-09-01T09:57,43.6,
2026-09-01T09:59,43.6,
2026-09-01T10:10,51.0,15.700002
2026-09-01T10:40,51.0,
2026-09-01T10:55,51.0,15.700002
2026-09-01T10:57,51.0,
2026-09-01T10:59,51.0,
2026-09-01T11:10,62.8,15.700002
2026-09-01T11:40,62.8,15.700002
2026-09-01T11:55,62.8,15.700002
2026-09-01T11:57,62.8,
2026-09-01T11:59,62.8,
2026-09-01T12:10,69.2,15.700002
2026-09-01T12:40,69.2,15.700002
2026-09-01T12:55,69.2,
2026-09-01T12:57,69.2,15.700002
2026-09-01T12:59,69.2,
2026-09-01T13:10,75.6,15.700002
2026-09-01T13:40,75.6,15.700002
2026-09-01T13:55,75.6,15.700002
2026-09-01T13:57,75.6,
2026-09-01T13:59,75.6,
2026-09-01T14:10,82.6,15.700002
2026-09-01T14:40,82.6,15.700002
2026-09-01T14:55,82.6,
2026-09-01T14:57,82.6,15.700002
2026-09-01T14:59,82.6,
2026-09-01T15:10,89.0,15.700002
2026-09-01T15:40,89.0,15.700002
2026-09-01T15:55,89.0,
2026-09-01T15:57,89.0,
2026-09-01T15:59,89.0,15.700002
2026-09-01T16:10,91.0,15.700002
2026-09-01T16:40,91.0,15.700002
2026-09-01T16:55,91.0,
2026-09-01T16:57,91.0,15.700002
2026-09-01T16:59,91.0,
2026-09-01T17:10,89.0,15.700002
2026-09-01T17:40,89.0,15.700002
2026-09-01T17:55,89.0,
2026-09-01T17:57,89.0,
2026-09-01T17:59,89.0,15.700002
2026-09-01T18:10,87.8,15.700002
2026-09-01T18:40,87.8,15.700002
2026-09-01T18:55,87.8,
2026-09-01T18:57,87.8,
2026-09-01T18:59,87.8,15.700002
2026-09-01T19:10,81.0,15.700002
2026-09-01T19:40,81.0,15.700002
2026-09-01T19:55,81.0,15.700002
2026-09-01T19:57,81.0,
2026-09-01T19:59,81.0,15.700002
2026-09-01T20:10,86.0,15.700002
2026-09-01T20:40,86.0,15.700002
2026-09-01T20:55,86.0,15.700002
2026-09-01T20:57,86.0,15.700002
2026-09-01T20:59,86.0,15.700002
2026-09-01T21:10,75.2,15.700002
2026-09-01T21:40,75.2,15.700002
2026-09-01T21:55,75.2,
2026-09-01T21:57,75.2,
2026-09-01T21:59,75.2,15.700002
2026-09-01T22:10,52.0,15.700002
2026-09-01T22:40,52.0,15.700002
2026-09-01T22:55,52.0,15.700002
2026-09-01T22:57,52.0,
2026-09-01T22:59,52.0,15.700002
2026-09-01T23:10,52.8,15.700002
2026-09-01T23:40,52.8,
2026-09-01T23:55,52.8,
2026-09-01T23:57,52.8,
2026-09-01T23:59,52.8,
2026-09-02T00:10,53.0,22.399996
2026-09-02T00:40,53.0,
2026-09-02T00:55,53.0,
2026-09-02T00:57,53.0,
2026-09-02T00:59,53.0,
2026-09-02T01:10,56.4,
2026-09-02T01:40,56.4,22.399996
2026-09-02T01:55,56.4,
2026-09-02T01:57,56.4,
2026-09-02T01:59,56.4,
2026-09-02T02:10,50.0,22.399996
2026-09-02T02:40,50.0,22.399996
2026-09-02T02:55,50.0,
2026-09-02T02:57,50.0,
2026-09-02T02:59,50.0,
2026-09-02T03:10,52.8,22.399996
2026-09-02T03:40,52.8,22.399996
2026-09-02T03:55,52.8,
2026-09-02T03:57,52.8,
2026-09-02T03:59,52.8,
2026-09-02T04:10,63.2,22.399996
2026-09-02T04:40,63.2,22.399996
2026-09-02T04:55,63.2,22.399996
2026-09-02T04:57,63.2,
2026-09-02T04:59,63.2,
2026-09-02T05:10,61.0,
2026-09-02T05:40,61.0,
2026-09-02T05:55,61.0,
2026-09-02T05:57,61.0,
2026-09-02T05:59,61.0,22.399996
2026-09-02T06:10,56.0,22.399996
2026-09-02T06:40,56.0,
2026-09-02T06:55,56.0,22.399996
2026-09-02T06:57,56.0,22.399996
2026-09-02T06:59,56.0,
2026-09-02T07:10,49.4,22.399996
2026-09-02T07:40,49.4,
2026-09-02T07:55,49.4,22.399996
2026-09-02T07:57,49.4,
2026-09-02T07:59,49.4,22.399996
2026-09-02T08:10,44.2,22.399996
2026-09-02T08:40,44.2,22.399996
2026-09-02T08:55,44.2,
2026-09-02T08:57,44.2,
2026-09-02T08:59,44.2,
2026-09-02T09:10,52.0,22.399996
2026-09-02T09:40,52.0,22.399996
2026-09-02T09:55,52.0,
2026-09-02T09:57,52.0,
2026-09-02T09:59,52.0,
2026-09-02T10:10,63.6,22.399996
2026-09-02T10:40,63.6,
2026-09-02T10:55,63.6,22.399996
2026-09-02T10:57,63.6,
2026-09-02T10:59,63.6,
2026-09-02T11:10,70.2,22.399996
2026-09-02T11:40,70.2,22.399996
2026-09-02T11:55,70.2,22.399996
2026-09-02T11:57,70.2,
2026-09-02T11:59,70.2,
2026-09-02T12:10,73.6,22.399996
2026-09-02T12:40,73.6,22.399996
2026-09-02T12:55,73.6,
2026-09-02T12:57,73.6,22.399996
2026-09-02T12:59,73.6,
2026-09-02T13:10,95.0,22.399996
2026-09-02T13:40,95.0,22.399996
2026-09-02T13:55,95.0,
2026-09-02T13:57,95.0,
2026-09-02T13:59,95.0,
2026-09-02T14:10,109.2,22.399996
2026-09-02T14:40,109.2,22.399996
2026-09-02T14:55,109.2,
2026-09-02T14:57,109.2,22.399996
2026-09-02T14:59,109.2,
2026-09-02T15:10,110.6,22.399996
2026-09-02T15:40,110.6,22.399996
2026-09-02T15:55,110.6,
2026-09-02T15:57,110.6,
2026-09-02T15:59,110.6,22.399996
2026-09-02T16:10,119.0,22.399996
2026-09-02T16:40,119.0,22.399996
2026-09-02T16:55,119.0,
2026-09-02T16:57,119.0,22.399996
2026-09-02T16:59,119.0,
2026-09-02T17:10,129.2,22.399996
2026-09-02T17:40,129.2,22.399996
2026-09-02T17:55,129.2,
2026-09-02T17:57,129.2,
2026-09-02T17:59,129.2,22.399996
2026-09-02T18:10,114.8,22.399996
2026-09-02T18:40,114.8,
2026-09-02T18:55,114.8,
2026-09-02T18:57,114.8,
2026-09-02T18:59,114.8,22.399996
2026-09-02T19:10,97.8,22.399996
2026-09-02T19:40,97.8,22.399996
2026-09-02T19:55,97.8,22.399996
2026-09-02T19:57,97.8,
2026-09-02T19:59,97.8,22.399996
2026-09-02T20:10,89.6,22.399996
2026-09-02T20:40,89.6,
2026-09-02T20:55,89.6,22.399996
2026-09-02T20:57,89.6,22.399996
2026-09-02T20:59,89.6,22.399996
2026-09-02T21:10,68.2,22.399996
2026-09-02T21:40,68.2,22.399996
2026-09-02T21:55,68.2,
2026-09-02T21:57,68.2,
2026-09-02T21:59,68.2,22.399996
2026-09-02T22:10,73.4,22.399996
2026-09-02T22:40,73.4,22.399996
2026-09-02T22:55,73.4,22.399996
2026-09-02T22:57,73.4,
2026-09-02T22:59,73.4,22.399996
2026-09-02T23:10,79.8,
2026-09-02T23:40,79.8,
2026-09-02T23:55,79.8,
2026-09-02T23:57,79.8,
2026-09-02T23:59,79.8,
2026-09-03T00:10,43.2,24.9
2026-09-03T00:40,43.2,
2026-09-03T00:55,43.2,
2026-09-03T00:57,43.2,
2026-09-03T00:59,43.2,
2026-09-03T01:10,37.8,
2026-09-03T01:40,37.8,24.9
2026-09-03T01:55,37.8,
2026-09-03T01:57,37.8,
2026-09-03T01:59,37.8,
2026-09-03T02:10,26.8,24.9
2026-09-03T02:40,26.8,24.9
2026-09-03T02:55,26.8,
2026-09-03T02:57,26.8,
2026-09-03T02:59,26.8,
2026-09-03T03:10,48.0,24.9
2026-09-03T03:40,48.0,24.9
2026-09-03T03:55,48.0,
2026-09-03T03:57,48.0,
2026-09-03T03:59,48.0,
2026-09-03T04:10,51.6,24.9
2026-09-03T04:40,51.6,24.9
2026-09-03T04:55,51.6,
2026-09-03T04:57,51.6,
2026-09-03T04:59,51.6,
2026-09-03T05:10,45.8,
2026-09-03T05:40,45.8,
2026-09-03T05:55,45.8,
2026-09-03T05:57,45.8,
2026-09-03T05:59,45.8,24.9
2026-09-03T06:10,41.6,24.9
2026-09-03T06:40,41.6,
2026-09-03T06:55,41.6,24.9
2026-09-03T06:57,41.6,
2026-09-03T06:59,41.6,
2026-09-03T07:10,29.4,24.9
2026-09-03T07:40,29.4,
2026-09-03T07:55,29.4,24.9
2026-09-03T07:57,29.4,
2026-09-03T07:59,29.4,24.9
2026-09-03T08:10,25.4,24.9
2026-09-03T08:40,25.4,24.9
2026-09-03T08:55,25.4,
2026-09-03T08:57,25.4,
2026-09-03T08:59,25.4,
2026-09-03T09:10,38.2,24.9
2026-09-03T09:40,38.2,24.9
2026-09-03T09:55,38.2,
2026-09-03T09:57,38.2,
2026-09-03T09:59,38.2,
2026-09-03T10:10,52.4,24.9
2026-09-03T10:40,52.4,
2026-09-03T10:55,52.4,24.9
2026-09-03T10:57,52.4,
2026-09-03T10:59,52.4,
2026-09-03T11:10,74.8,24.9
2026-09-03T11:40,74.8,24.9
2026-09-03T11:55,74.8,24.9
2026-09-03T11:57,74.8,
2026-09-03T11:59,74.8,
2026-09-03T12:10,89.8,24.9
2026-09-03T12:40,89.8,24.9
2026-09-03T12:55,89.8,
2026-09-03T12:57,89.8,24.9
2026-09-03T12:59,89.8,
2026-09-03T13:10,101.4,24.9
2026-09-03T13:40,101.4,24.9
2026-09-03T13:55,101.4,
2026-09-03T13:57,101.4,
2026-09-03T13:59,101.4,
2026-09-03T14:10,108.2,24.9
2026-09-03T14:40,108.2,24.9
2026-09-03T14:55,108.2,
2026-09-03T14:57,108.2,24.9
2026-09-03T14:59,108.2,
2026-09-03T15:10,113.4,24.9
2026-09-03T15:40,113.4,24.9
2026-09-03T15:55,113.4,
2026-09-03T15:57,113.4,
2026-09-03T15:59,113.4,24.9
2026-09-03T16:10,114.6,24.9
2026-09-03T16:40,114.6,24.9
2026-09-03T16:55,114.6,
2026-09-03T16:59,114.6,
2026-09-03T17:10,112.2,24.9
2026-09-03T17:40,112.2,24.9
2026-09-03T17:55,112.2,
2026-09-03T17:59,112.2,24.9
2026-09-03T18:10,103.4,24.9
2026-09-03T18:40,103.4,
2026-09-03T18:55,103.4,
2026-09-03T18:59,103.4,24.9
2026-09-03T19:10,94.8,24.9
2026-09-03T19:40,94.8,24.9
2026-09-03T19:55,94.8,
2026-09-03T19:59,94.8,24.9
2026-09-03T20:10,92.4,24.9
2026-09-03T20:40,92.4,
2026-09-03T20:55,92.4,
2026-09-03T20:57,,24.9
2026-09-03T20:59,92.4,24.9
2026-09-03T21:10,92.8,24.9
2026-09-03T21:40,92.8,24.9
2026-09-03T21:55,92.8,
2026-09-03T21:59,92.8,24.9
2026-09-03T22:10,70.8,24.9
2026-09-03T22:40,70.8,24.9
2026-09-03T22:55,70.8,
2026-09-03T22:59,70.8,24.9
2026-09-03T23:10,88.6,
2026-09-03T23:40,88.6,
2026-09-03T23:55,88.6,
2026-09-03T23:59,88.6,
2026-09-04T00:10,48.4,24.4
2026-09-04T00:40,48.4,
2026-09-04T00:55,48.4,
2026-09-04T00:59,48.4,
2026-09-04T01:10,17.8,
2026-09-04T01:40,17.8,
2026-09-04T01:55,17.8,
2026-09-04T01:59,17.8,
2026-09-04T02:10,20.2,24.4
2026-09-04T02:40,20.2,
2026-09-04T02:55,20.2,
2026-09-04T02:59,20.2,
2026-09-04T03:10,36.8,24.4
2026-09-04T03:40,36.8,24.4
2026-09-04T03:55,36.8,
2026-09-04T03:59,36.8,
2026-09-04T04:10,41.8,
2026-09-04T04:40,41.8,24.4
2026-09-04T04:55,41.8,
2026-09-04T04:59,41.8,
2026-09-04T05:10,15.4,
2026-09-04T05:40,15.4,
2026-09-04T05:55,15.4,
2026-09-04T05:59,15.4,
2026-09-04T06:10,8.6,24.4
2026-09-04T06:40,8.6,
2026-09-04T06:55,8.6,24.4
2026-09-04T06:59,8.6,
2026-09-04T07:10,8.8,24.4
2026-09-04T07:40,8.8,
2026-09-04T07:55,8.8,24.4
2026-09-04T07:59,8.8,
2026-09-04T08:10,14.8,24.4
2026-09-04T08:40,14.8,
2026-09-04T08:55,14.8,
2026-09-04T08:59,14.8,
2026-09-04T09:10,20.2,24.4
2026-09-04T09:40,20.2,24.4
2026-09-04T09:55,20.2,
2026-09-04T09:59,20.2,
2026-09-04T10:10,35.4,
2026-09-04T10:40,35.4,
2026-09-04T10:55,35.4,24.4
2026-09-04T10:59,35.4,
2026-09-04T11:10,68.6,24.4
2026-09-04T11:40,68.6,24.4
2026-09-04T11:55,68.6,24.4
2026-09-04T11:59,68.6,
2026-09-04T12:10,107.8,
2026-09-04T12:40,107.8,24.4
2026-09-04T12:55,107.8,
2026-09-04T12:57,107.8,24.4
2026-09-04T12:59,107.8,
2026-09-04T13:10,108.4,
2026-09-04T13:40,108.4,24.4
2026-09-04T13:55,108.4,
2026-09-04T13:57,108.4,
2026-09-04T13:59,108.4,
2026-09-04T14:10,109.8,24.4
2026-09-04T14:40,109.8,24.4
2026-09-04T14:55,109.8,
2026-09-04T14:57,109.8,24.4
2026-09-04T14:59,109.8,
2026-09-04T15:10,103.8,
2026-09-04T15:40,103.8,24.4
2026-09-04T15:55,103.8,
2026-09-04T15:57,103.8,
2026-09-04T15:59,103.8,24.4
2026-09-04T16:10,106.2,
2026-09-04T16:40,106.2,24.4
2026-09-04T16:55,106.2,
2026-09-04T16:57,106.2,
2026-09-04T16:59,106.2,
2026-09-04T17:10,103.8,24.4
2026-09-04T17:40,103.8,
2026-09-04T17:55,103.8,
2026-09-04T17:57,103.8,
2026-09-04T17:59,103.8,24.4
2026-09-04T18:10,94.4,24.4
2026-09-04T18:40,94.4,
2026-09-04T18:55,94.4,
2026-09-04T18:57,94.4,
2026-09-04T18:59,94.4,24.4
2026-09-04T19:10,95.6,24.4
2026-09-04T19:40,95.6,24.4
2026-09-04T19:55,95.6,
2026-09-04T19:57,95.6,
2026-09-04T19:59,95.6,24.4
2026-09-04T20:10,97.6,
2026-09-04T20:40,97.6,
2026-09-04T20:55,97.6,
2026-09-04T20:57,97.6,24.4
2026-09-04T20:59,97.6,24.4
2026-09-04T21:10,99.8,
2026-09-04T21:40,99.8,24.4
2026-09-04T21:55,99.8,
2026-09-04T21:57,99.8,
2026-09-04T21:59,99.8,
2026-09-04T22:10,91.4,24.4
2026-09-04T22:40,91.4,24.4
2026-09-04T22:55,91.4,
2026-09-04T22:57,91.4,
2026-09-04T22:59,91.4,24.4
2026-09-04T23:10,65.8,
2026-09-04T23:40,65.8,
2026-09-04T23:55,65.8,
2026-09-04T23:57,65.8,
2026-09-04T23:59,65.8,
2026-09-05T00:10,32.8,30.299994
2026-09-05T00:40,32.8,
2026-09-05T00:55,32.8,
2026-09-05T00:57,32.8,
2026-09-05T00:59,32.8,
2026-09-05T01:10,47.2,
2026-09-05T01:40,47.2,
2026-09-05T01:55,47.2,
2026-09-05T01:57,47.2,
2026-09-05T01:59,47.2,
2026-09-05T02:10,40.6,
2026-09-05T02:40,40.6,
2026-09-05T02:55,40.6,
2026-09-05T02:57,40.6,
2026-09-05T02:59,40.6,
2026-09-05T03:10,60.8,
2026-09-05T03:40,60.8,
2026-09-05T03:55,60.8,
2026-09-05T03:57,60.8,
2026-09-05T03:59,60.8,
2026-09-05T04:10,69.4,
2026-09-05T04:40,69.4,
2026-09-05T04:55,69.4,
2026-09-05T04:57,69.4,
2026-09-05T04:59,69.4,
2026-09-05T05:10,25.8,
2026-09-05T05:40,25.8,
2026-09-05T05:55,25.8,
2026-09-05T05:57,25.8,
2026-09-05T05:59,25.8,
2026-09-05T06:10,20.0,
2026-09-05T06:40,20.0,
2026-09-05T06:55,20.0,
2026-09-05T06:57,20.0,
2026-09-05T06:59,20.0,
2026-09-05T07:10,17.4,30.299994
2026-09-05T07:40,17.4,
2026-09-05T07:55,17.4,
2026-09-05T07:57,17.4,
2026-09-05T07:59,17.4,
2026-09-05T08:10,26.8,30.299994
2026-09-05T08:40,26.8,
2026-09-05T08:55,26.8,
2026-09-05T08:57,26.8,
2026-09-05T08:59,26.8,
2026-09-05T09:10,43.6,30.299994
2026-09-05T09:40,43.6,30.299994
2026-09-05T09:55,43.6,
2026-09-05T09:57,43.6,
2026-09-05T09:59,43.6,
2026-09-05T10:10,53.0,
2026-09-05T10:40,53.0,
2026-09-05T10:55,53.0,30.299994
2026-09-05T10:57,53.0,
2026-09-05T10:59,53.0,
2026-09-05T11:10,66.8,
2026-09-05T11:40,66.8,30.299994
2026-09-05T11:55,66.8,
2026-09-05T11:57,66.8,
2026-09-05T11:59,66.8,
2026-09-05T12:10,82.2,
2026-09-05T12:40,82.2,
2026-09-05T12:55,82.2,
2026-09-05T12:57,82.2,30.299994
2026-09-05T12:59,82.2,
2026-09-05T13:10,102.0,
2026-09-05T13:40,102.0,
2026-09-05T13:55,102.0,
2026-09-05T13:57,102.0,
2026-09-05T13:59,102.0,
2026-09-05T14:10,111.4,30.299994
2026-09-05T14:40,111.4,
2026-09-05T14:55,111.4,
2026-09-05T14:57,111.4,30.299994
2026-09-05T14:59,111.4,
2026-09-05T15:10,125.8,
2026-09-05T15:40,125.8,30.299994
2026-09-05T15:55,125.8,
2026-09-05T15:57,125.8,
2026-09-05T15:59,125.8,
2026-09-05T16:10,127.2,
2026-09-05T16:40,127.2,
2026-09-05T16:55,127.2,
2026-09-05T16:57,127.2,
2026-09-05T16:59,127.2,
2026-09-05T17:10,112.6,30.299994
2026-09-05T17:40,112.6,
2026-09-05T17:55,112.6,
2026-09-05T17:57,112.6,
2026-09-05T17:59,112.6,30.299994
2026-09-05T18:10,94.6,
2026-09-05T18:40,94.6,
2026-09-05T18:55,94.6,
2026-09-05T18:57,94.6,
2026-09-05T18:59,94.6,
2026-09-05T19:10,80.6,30.299994
2026-09-05T19:40,80.6,30.299994
2026-09-05T19:55,80.6,
2026-09-05T19:57,80.6,
2026-09-05T19:59,80.6,
2026-09-05T20:10,70.0,
2026-09-05T20:40,70.0,
2026-09-05T20:55,70.0,
2026-09-05T20:57,70.0,30.299994
2026-09-05T20:59,70.0,
2026-09-05T21:10,96.4,
2026-09-05T21:40,96.4,30.299994
2026-09-05T21:55,96.4,
2026-09-05T21:57,96.4,
2026-09-05T21:59,96.4,
2026-09-05T22:10,89.2,
2026-09-05T22:40,89.2,
2026-09-05T22:55,89.2,
2026-09-05T22:57,89.2,
2026-09-05T22:59,89.2,30.299994
2026-09-05T23:10,76.8,
2026-09-05T23:40,76.8,
2026-09-05T23:55,76.8,
2026-09-05T23:57,76.8,
2026-09-05T23:59,76.8,
2026-09-06T00:10,71.2,
2026-09-06T00:40,71.2,
2026-09-06T00:55,71.2,
2026-09-06T00:57,71.2,
2026-09-06T00:59,71.2,
2026-09-06T01:10,58.8,
2026-09-06T01:40,58.8,
2026-09-06T01:55,58.8,
2026-09-06T01:57,58.8,
2026-09-06T01:59,58.8,
2026-09-06T02:10,52.6,
2026-09-06T02:40,52.6,
2026-09-06T02:55,52.6,
2026-09-06T02:57,52.6,
2026-09-06T02:59,52.6,
2026-09-06T03:10,56.2,
2026-09-06T03:40,56.2,
2026-09-06T03:55,56.2,
2026-09-06T03:57,56.2,
2026-09-06T03:59,56.2,
2026-09-06T04:10,59.0,
2026-09-06T04:40,59.0,
2026-09-06T04:55,59.0,
2026-09-06T04:57,59.0,
2026-09-06T04:59,59.0,
2026-09-06T05:10,54.6,
2026-09-06T05:40,54.6,
2026-09-06T05:55,54.6,
2026-09-06T05:57,54.6,
2026-09-06T05:59,54.6,
2026-09-06T06:10,51.6,
2026-09-06T06:40,51.6,
2026-09-06T06:55,51.6,
2026-09-06T06:57,51.6,
2026-09-06T06:59,51.6,
2026-09-06T07:10,47.0,
2026-09-06T07:40,47.0,
2026-09-06T07:55,47.0,
2026-09-06T07:57,47.0,
2026-09-06T07:59,47.0,
2026-09-06T08:10,47.2,
2026-09-06T08:40,47.2,
2026-09-06T08:55,47.2,
2026-09-06T08:57,47.2,
2026-09-06T08:59,47.2,
2026-09-06T09:10,56.0,
2026-09-06T09:40,56.0,
2026-09-06T09:55,56.0,
2026-09-06T09:57,56.0,
2026-09-06T09:59,56.0,
2026-09-06T10:10,59.6,
2026-09-06T10:40,59.6,
2026-09-06T10:57,59.6,
2026-09-06T10:59,59.6,
2026-09-06T11:10,70.0,
2026-09-06T11:40,70.0,
2026-09-06T11:57,70.0,
2026-09-06T11:59,70.0,
2026-09-06T12:10,75.2,
2026-09-06T12:40,75.2,
2026-09-06T12:57,75.2,
2026-09-06T12:59,75.2,
2026-09-06T13:10,82.8,
2026-09-06T13:40,82.8,
2026-09-06T13:57,82.8,
2026-09-06T13:59,82.8,
2026-09-06T14:10,80.2,
2026-09-06T14:40,80.2,
2026-09-06T14:57,80.2,
2026-09-06T14:59,80.2,
2026-09-06T15:10,90.2,
2026-09-06T15:40,90.2,
2026-09-06T15:57,90.2,
2026-09-06T15:59,90.2,
2026-09-06T16:10,88.6,
2026-09-06T16:40,88.6,
2026-09-06T16:57,88.6,
2026-09-06T16:59,88.6,
2026-09-06T17:10,89.0,
2026-09-06T17:40,89.0,
2026-09-06T17:57,89.0,
2026-09-06T17:59,89.0,
2026-09-06T18:10,83.0,
2026-09-06T18:40,83.0,
2026-09-06T18:57,83.0,
2026-09-06T18:59,83.0,
2026-09-06T19:10,67.4,
2026-09-06T19:40,67.4,
2026-09-06T19:57,67.4,
2026-09-06T19:59,67.4,
2026-09-06T20:10,66.4,
2026-09-06T20:40,66.4,
2026-09-06T20:59,66.4,
2026-09-06T21:10,65.0,
2026-09-06T21:59,65.0,
