datetime,DVENTO,PREC,TEMP,UMID,VVENTO
2026-08-06T22:00,12,7.8,10.3,97,3.1
2026-08-06T22:30,30,3.2,11.6,98,2.5
2026-08-06T23:00,54,2.0,11.7,92,8.1
2026-08-06T23:30,63,0.8,11.3,92,5.3
2026-08-07T00:00,76,1.0,11.2,87,2.4
2026-08-07T00:30,112,1.4,10.2,100,1.4
2026-08-07T01:00,156,0.8,9.6,100,0.8
2026-08-07T01:30,165,0.0,9.6,100,0.8
2026-08-07T02:00,20,0.0,10.0,100,4.1
2026-08-07T02:30,75,0.4,10.7,99,2.5
2026-08-07T03:00,74,0.0,11.2,90,1.9
2026-08-07T03:30,51,0.0,10.6,94,4.4
2026-08-07T04:00,29,0.0,10.6,97,5.0
2026-08-07T04:30,51,0.0,11.7,82,5.9
2026-08-07T05:00,38,0.0,12.2,77,5.3
2026-08-07T05:30,42,0.0,12.5,72,4.4
2026-08-07T06:00,68,0.0,13.1,70,3.2
2026-08-07T06:30,61,0.0,12.6,70,1.5
2026-08-07T07:00,145,0.0,12.1,76,1.3
2026-08-07T07:30,192,0.0,12.7,72,0.4
2026-08-07T08:00,287,0.0,13.4,70,0.6
2026-08-07T08:30,37,0.0,13.6,73,2.8
2026-08-07T09:00,30,0.0,14.0,72,2.0
2026-08-07T09:30,191,0.0,14.7,69,1.7
2026-08-07T10:00,183,0.0,16.1,67,1.1
2026-08-07T10:30,187,0.0,15.7,70,1.6
2026-08-07T11:00,205,0.0,15.4,70,1.8
2026-08-07T11:30,197,0.0,15.6,71,1.6
2026-08-07T12:00,210,0.0,16.1,76,2.0
2026-08-07T12:30,203,0.0,17.3,74,1.0
2026-08-07T13:00,275,0.0,16.6,79,1.1
2026-08-07T13:30,187,0.0,16.7,75,1.2
2026-08-07T14:00,210,0.0,16.4,73,2.4
2026-08-07T14:30,211,0.0,16.0,85,1.2
2026-08-07T15:00,223,0.0,16.2,80,1.9
2026-08-07T15:30,212,0.0,16.5,75,2.0
2026-08-07T16:00,207,0.0,16.9,77,2.4
2026-08-07T16:30,213,0.0,15.6,81,2.5
2026-08-07T17:00,219,0.0,17.3,77,2.3
2026-08-07T17:30,212,0.0,17.4,73,2.8
2026-08-07T18:00,214,0.0,16.0,80,2.2
2026-08-07T18:30,207,0.0,16.3,80,3.2
2026-08-07T19:00,194,0.0,14.9,85,2.5
2026-08-07T19:30,196,0.0,14.7,86,2.6
2026-08-07T20:00,201,0.0,14.3,81,3.0
2026-08-07T20:30,207,0.0,13.9,91,3.8
2026-08-07T21:00,217,0.0,13.6,93,2.3
2026-08-07T21:30,211,0.0,13.3,96,1.9
2026-08-07T22:00,20,0.0,13.3,90,1.2
2026-08-07T22:30,87,0.0,13.4,84,1.3
2026-08-07T23:00,193,0.0,12.8,97,1.5
2026-08-07T23:30,179,0.0,12.6,97,0.8
2026-08-08T00:00,316,0.0,12.6,91,0.5
2026-08-08T00:30,150,0.0,12.0,93,0.8
2026-08-08T01:00,22,0.0,11.6,99,1.1
2026-08-08T01:30,26,0.0,12.1,89,1.1
2026-08-08T02:00,29,0.0,12.3,85,2.6
2026-08-08T02:30,35,0.0,12.0,86,3.0
2026-08-08T03:00,22,0.0,11.8,87,1.2
2026-08-08T03:30,147,0.0,11.3,98,1.2
2026-08-08T04:00,112,0.0,11.2,100,0.8
2026-08-08T04:30,29,0.0,11.2,99,1.1
2026-08-08T05:00,129,0.0,11.1,92,0.5
2026-08-08T05:30,58,0.0,11.1,91,1.0
2026-08-08T06:00,147,0.0,11.0,97,1.0
2026-08-08T06:30,148,0.0,10.6,100,1.0
2026-08-08T07:00,174,0.0,10.3,100,1.5
2026-08-08T07:30,161,0.0,10.5,100,1.1
2026-08-08T08:00,127,0.0,11.9,100,0.8
2026-08-08T08:30,204,0.0,12.9,94,0.7
2026-08-08T09:00,192,0.0,13.3,87,1.1
2026-08-08T09:30,189,0.0,14.3,80,1.3
2026-08-08T10:00,183,0.0,14.7,73,1.4
2026-08-08T10:30,181,0.0,15.6,73,1.1
2026-08-08T11:00,205,0.0,16.0,74,1.6
2026-08-08T11:30,203,0.0,15.9,71,1.6
2026-08-08T12:00,212,0.0,16.5,76,2.0
2026-08-08T12:30,214,0.0,17.1,73,2.5
2026-08-08T13:00,205,0.0,17.4,71,3.2
2026-08-08T13:30,205,0.0,17.7,71,3.4
2026-08-08T14:00,209,0.0,18.1,69,3.5
2026-08-08T14:30,210,0.0,17.8,75,4.5
2026-08-08T15:00,199,0.0,18.0,74,3.8
2026-08-08T15:30,333,0.0,18.8,72,1.5
2026-08-08T16:00,216,0.0,19.2,69,2.4
2026-08-08T16:30,205,0.0,18.4,75,4.1
2026-08-08T17:00,205,0.0,17.6,78,3.3
2026-08-08T17:30,208,0.0,17.6,79,3.5
2026-08-08T18:00,210,0.0,16.1,86,3.5
2026-08-08T18:30,197,0.0,14.6,92,3.1
2026-08-08T19:00,184,0.0,14.1,98,2.0
2026-08-08T19:30,172,0.0,13.5,100,1.6
2026-08-08T20:00,167,0.0,13.1,100,1.2
2026-08-08T20:30,145,0.0,12.6,100,1.3
2026-08-08T21:00,197,0.0,12.5,100,1.6
2026-08-08T21:30,356,0.0,12.3,100,0.7
2026-08-08T22:00,184,0.0,12.1,100,1.5
2026-08-08T22:30,160,0.0,11.7,100,1.7
2026-08-08T23:00,153,0.0,11.6,100,1.3
2026-08-08T23:30,176,0.0,11.5,100,1.5
2026-08-09T00:00,155,0.0,11.4,100,1.6
2026-08-09T00:30,147,0.0,11.2,100,1.2
2026-08-09T01:00,178,0.0,11.2,100,2.0
2026-08-09T01:30,180,0.0,11.0,100,1.6
2026-08-09T02:00,186,0.0,11.3,100,1.3
2026-08-09T02:30,173,0.0,11.4,100,0.5
2026-08-09T03:00,210,0.0,11.6,100,1.3
2026-08-09T03:30,165,0.0,11.7,100,0.6
2026-08-09T04:00,217,0.0,11.6,100,0.3
2026-08-09T04:30,1,0.0,11.7,100,0.4
2026-08-09T05:00,12,0.0,11.4,100,1.8
2026-08-09T05:30,170,0.0,11.5,100,0.7
2026-08-09T06:00,358,0.0,11.4,100,1.0
2026-08-09T06:30,50,0.0,11.4,100,1.4
2026-08-09T07:00,43,0.0,11.9,100,0.8
2026-08-09T07:30,339,0.0,11.9,100,0.3
2026-08-09T08:00,202,0.0,12.4,100,0.7
2026-08-09T08:30,15,0.0,13.1,100,1.9
2026-08-09T09:00,17,0.0,13.5,95,1.5
2026-08-09T09:30,2,0.0,14.5,94,1.6
2026-08-09T10:00,334,0.0,14.9,83,1.7
2026-08-09T10:30,332,0.0,15.3,85,1.6
2026-08-09T11:00,9,0.0,15.9,83,1.8
2026-08-09T11:30,316,0.0,16.6,74,1.5
2026-08-09T12:00,35,0.0,16.6,63,1.3
2026-08-09T12:30,220,0.0,17.7,81,2.0
2026-08-09T13:00,223,0.0,18.0,78,3.3
2026-08-09T13:30,209,0.0,18.9,71,3.8
2026-08-09T14:00,217,0.0,19.3,69,3.5
2026-08-09T14:30,213,0.0,19.2,67,3.6
2026-08-09T15:00,206,0.0,19.8,67,3.7
2026-08-09T15:30,209,0.0,19.8,68,4.0
2026-08-09T16:00,204,0.0,18.9,70,3.5
2026-08-09T16:30,204,0.0,19.8,72,3.7
2026-08-09T17:00,219,0.0,19.3,73,3.4
2026-08-09T17:30,210,0.0,18.8,75,3.7
2026-08-09T18:00,211,0.0,18.6,76,3.7
2026-08-09T18:30,212,0.0,16.5,84,3.4
2026-08-09T19:00,180,0.0,15.3,92,1.7
2026-08-09T19:30,166,0.0,14.8,96,1.6
2026-08-09T20:00,113,0.0,14.9,97,1.1
2026-08-09T20:30,159,0.0,14.0,100,1.3
2026-08-09T21:00,129,0.0,13.8,100,0.9
2026-08-09T21:30,149,0.0,13.5,100,1.2
2026-08-09T22:00,165,0.0,13.6,100,1.6
2026-08-09T22:30,110,0.0,13.5,100,1.3
2026-08-09T23:00,127,0.0,13.5,100,1.0
2026-08-09T23:30,331,0.0,12.4,100,1.6
2026-08-10T00:00,356,0.0,12.6,86,3.9
2026-08-10T00:30,11,0.0,12.3,86,4.9
2026-08-10T01:00,22,0.0,13.5,82,4.8
2026-08-10T01:30,53,0.0,13.2,80,1.6
2026-08-10T02:00,61,0.0,12.3,89,1.9
2026-08-10T02:30,68,0.0,12.4,86,2.5
2026-08-10T03:00,39,0.0,12.2,83,2.4
2026-08-10T03:30,70,0.0,12.3,85,1.9
2026-08-10T04:00,35,0.0,12.4,81,2.5
2026-08-10T04:30,233,0.0,11.6,83,0.5
2026-08-10T05:00,328,0.0,12.0,78,0.5
2026-08-10T05:30,345,0.0,12.9,74,1.4
2026-08-10T06:00,27,0.0,13.4,72,1.4
2026-08-10T06:30,42,0.0,13.6,67,2.9
2026-08-10T07:00,39,0.0,13.5,66,3.2
2026-08-10T07:30,25,0.0,14.1,63,2.2
2026-08-10T08:00,16,0.0,14.7,63,1.9
2026-08-10T08:30,17,0.0,14.6,64,2.2
2026-08-10T09:00,9,0.0,15.2,63,2.2
2026-08-10T09:30,17,0.0,15.4,64,2.2
2026-08-10T10:00,348,0.0,16.2,63,2.1
2026-08-10T10:30,355,0.0,16.9,61,2.2
2026-08-10T11:00,345,0.0,17.3,65,2.0
2026-08-10T11:30,344,0.0,17.7,70,1.1
2026-08-10T12:00,234,0.0,16.8,61,1.2
2026-08-10T12:30,308,0.0,17.6,68,1.1
2026-08-10T13:00,215,0.0,18.3,63,2.5
2026-08-10T13:30,191,0.0,17.0,67,1.6
2026-08-10T14:00,208,0.0,19.6,61,2.6
2026-08-10T14:30,217,0.0,19.1,60,3.5
2026-08-10T15:00,221,0.0,19.2,57,3.5
2026-08-10T15:30,218,0.0,19.7,55,2.0
2026-08-10T16:00,207,0.0,21.0,53,2.2
2026-08-10T16:30,205,0.0,20.2,54,3.4
2026-08-10T17:00,217,0.0,20.0,57,3.6
2026-08-10T17:30,220,0.0,19.6,59,3.2
2026-08-10T18:00,222,0.0,19.0,63,1.7
2026-08-10T18:30,215,0.0,18.4,67,3.8
2026-08-10T19:00,196,0.0,16.7,75,3.3
2026-08-10T19:30,168,0.0,15.8,82,1.7
2026-08-10T20:00,166,4.2,11.8,98,3.7
2026-08-10T20:30,138,5.6,12.9,95,1.1
2026-08-10T21:00,94,0.6,12.9,100,1.9
2026-08-10T21:30,357,0.0,12.5,97,1.6
2026-08-10T22:00,61,0.0,13.4,90,3.0
2026-08-10T22:30,33,0.0,13.5,91,1.5
2026-08-10T23:00,30,0.0,13.1,85,3.6
2026-08-10T23:30,40,0.0,13.6,83,3.9
2026-08-11T00:00,51,0.0,14.0,76,3.6
2026-08-11T00:30,60,0.0,13.0,80,1.7
2026-08-11T01:00,51,0.0,13.2,81,3.2
2026-08-11T01:30,24,0.0,12.9,82,3.9
2026-08-11T02:00,27,0.0,12.4,85,3.7
2026-08-11T02:30,10,0.0,12.1,84,2.7
2026-08-11T03:00,14,0.0,12.2,86,3.4
2026-08-11T03:30,12,0.0,12.7,78,3.3
2026-08-11T04:00,21,0.0,12.7,77,3.5
2026-08-11T04:30,19,0.0,13.6,70,2.4
2026-08-11T05:00,23,0.0,13.7,70,4.2
2026-08-11T05:30,6,0.0,13.1,74,2.5
2026-08-11T06:00,34,0.0,13.5,84,2.6
2026-08-11T06:30,31,0.0,13.7,69,2.3
2026-08-11T07:00,19,0.0,14.1,66,2.6
2026-08-11T07:30,3,0.0,13.7,68,1.3
2026-08-11T08:00,358,0.0,14.0,66,1.3
2026-08-11T08:30,7,0.0,14.4,70,1.6
2026-08-11T09:00,25,0.0,15.2,64,2.0
2026-08-11T09:30,19,0.0,15.9,64,1.1
2026-08-11T10:00,11,0.0,16.4,58,1.0
2026-08-11T10:30,18,0.0,16.5,63,1.3
2026-08-11T11:00,211,0.0,17.3,59,0.8
2026-08-11T11:30,310,0.0,16.8,61,0.8
2026-08-11T12:00,8,0.0,17.5,62,1.2
2026-08-11T12:30,219,0.0,18.2,61,2.4
2026-08-11T13:00,212,0.0,19.0,58,2.6
2026-08-11T13:30,219,0.0,19.0,54,3.2
2026-08-11T14:00,14,0.0,18.3,54,1.0
2026-08-11T14:30,214,0.0,18.6,58,2.8
2026-08-11T15:00,211,0.0,18.3,61,3.5
2026-08-11T15:30,195,0.0,17.6,65,4.2
2026-08-11T16:00,198,0.0,17.4,70,2.7
2026-08-11T16:30,212,0.0,17.6,62,3.7
2026-08-11T17:00,213,0.0,19.1,61,2.7
2026-08-11T17:30,214,0.0,19.1,59,2.5
2026-08-11T18:00,14,0.0,16.8,64,0.9
2026-08-11T18:30,182,0.0,15.5,81,2.5
2026-08-11T19:00,95,0.8,13.8,86,1.4
2026-08-11T19:30,151,0.6,14.0,95,1.0
2026-08-11T20:00,183,0.0,13.2,96,0.9
2026-08-11T20:30,138,0.0,12.6,100,1.0
2026-08-11T21:00,28,0.0,13.6,83,1.1
2026-08-11T21:30,200,0.0,13.5,90,0.8
2026-08-11T22:00,158,0.0,13.7,85,0.7
2026-08-11T22:30,175,0.0,12.8,90,1.3
2026-08-11T23:00,161,0.0,12.7,91,1.1
2026-08-11T23:30,187,0.0,11.8,96,2.3
2026-08-12T00:00,193,0.0,12.0,95,2.7
2026-08-12T00:30,203,0.0,12.8,91,2.1
2026-08-12T01:00,194,0.0,12.9,88,2.0
2026-08-12T01:30,180,0.0,12.0,93,2.1
2026-08-12T02:00,201,0.0,12.1,94,1.7
2026-08-12T02:30,180,0.0,12.1,92,1.7
2026-08-12T03:00,164,0.0,12.5,87,1.6
2026-08-12T03:30,167,0.0,12.6,82,1.3
2026-08-12T04:00,191,0.0,12.3,86,1.8
2026-08-12T04:30,187,0.0,12.1,86,1.8
2026-08-12T05:00,163,0.0,12.7,84,1.6
2026-08-12T05:30,336,0.0,13.4,73,0.6
2026-08-12T06:00,30,0.0,13.4,74,1.4
2026-08-12T06:30,40,0.0,13.4,75,1.8
2026-08-12T07:00,87,0.0,13.6,76,1.0
2026-08-12T07:30,129,0.0,13.2,78,1.0
2026-08-12T08:00,87,0.0,14.1,77,0.9
2026-08-12T08:30,56,0.0,14.8,77,1.1
2026-08-12T09:00,12,0.0,15.2,77,1.1
2026-08-12T09:30,16,0.0,15.7,72,0.8
2026-08-12T10:00,40,0.0,15.5,70,1.2
2026-08-12T10:30,298,0.0,16.0,67,1.0
2026-08-12T11:00,225,0.0,16.1,67,1.5
2026-08-12T11:30,269,0.0,16.6,69,1.3
2026-08-12T12:00,246,0.0,17.4,71,1.2
2026-08-12T12:30,228,0.0,17.7,71,2.2
2026-08-12T13:00,228,0.0,17.9,67,1.9
2026-08-12T13:30,212,0.0,19.2,64,1.7
2026-08-12T14:00,327,0.0,19.8,69,1.4
2026-08-12T14:30,211,0.0,19.5,64,3.2
2026-08-12T15:00,217,0.0,20.3,68,3.1
2026-08-12T15:30,212,0.0,19.4,66,3.5
2026-08-12T16:00,218,0.0,19.7,66,3.9
2026-08-12T16:30,216,0.0,20.6,66,3.8
2026-08-12T17:00,217,0.0,20.2,67,3.6
2026-08-12T17:30,214,0.0,20.2,67,3.0
2026-08-12T18:00,215,0.0,19.3,72,4.2
2026-08-12T18:30,206,0.0,18.3,77,4.2
2026-08-12T19:00,198,0.0,17.4,81,3.2
2026-08-12T19:30,183,0.0,16.0,86,1.8
2026-08-12T20:00,200,0.0,15.1,90,1.3
2026-08-12T20:30,193,0.0,14.2,95,1.2
2026-08-12T21:00,155,0.0,14.4,98,1.4
2026-08-12T21:30,8,0.0,14.7,94,0.5
2026-08-12T22:00,169,0.0,14.2,94,1.0
2026-08-12T22:30,181,0.0,13.8,98,0.9
2026-08-12T23:00,158,0.0,13.3,100,1.3
2026-08-12T23:30,159,0.0,12.8,100,1.6
2026-08-13T00:00,139,0.0,13.3,100,1.7
2026-08-13T00:30,143,0.0,12.7,100,1.1
2026-08-13T01:00,118,0.0,12.8,100,1.2
2026-08-13T01:30,158,0.0,12.8,100,1.1
2026-08-13T02:00,161,0.0,12.6,100,1.2
2026-08-13T02:30,174,0.0,12.8,100,1.7
2026-08-13T03:00,165,0.0,13.1,100,1.5
2026-08-13T03:30,109,0.0,13.3,100,0.6
2026-08-13T04:00,12,0.0,13.4,100,1.4
2026-08-13T04:30,24,0.0,13.2,99,2.1
2026-08-13T05:00,330,0.0,13.3,100,0.9
2026-08-13T05:30,21,0.0,13.2,98,1.8
2026-08-13T06:00,29,0.0,13.2,97,3.7
2026-08-13T06:30,34,0.0,13.1,96,3.4
2026-08-13T07:00,15,0.0,13.3,95,2.5
2026-08-13T07:30,16,0.0,13.7,91,2.4
2026-08-13T08:00,17,0.0,14.0,89,3.2
2026-08-13T08:30,20,0.0,14.4,88,3.0
2026-08-13T09:00,11,0.0,15.0,87,2.5
2026-08-13T09:30,24,0.0,15.2,83,2.4
2026-08-13T10:00,21,0.0,15.9,78,1.8
2026-08-13T10:30,321,0.0,16.7,66,1.8
2026-08-13T11:00,340,0.0,17.0,66,2.2
2026-08-13T11:30,338,0.0,17.7,66,2.0
2026-08-13T12:00,348,0.0,17.2,69,2.2
2026-08-13T12:30,15,0.0,17.0,69,1.2
2026-08-13T13:00,218,0.0,17.7,75,1.6
2026-08-13T13:30,216,0.0,19.4,67,2.7
2026-08-13T14:00,216,0.0,19.5,63,3.5
2026-08-13T14:30,215,0.0,20.3,61,3.0
2026-08-13T15:00,353,0.0,21.0,57,1.2
2026-08-13T15:30,210,0.0,21.3,56,3.6
2026-08-13T16:00,207,0.0,21.5,58,3.6
2026-08-13T16:30,206,0.0,21.1,64,4.0
2026-08-13T17:00,210,0.0,20.8,63,3.9
2026-08-13T17:30,206,0.0,20.5,68,3.8
2026-08-13T18:00,202,0.0,19.9,73,2.0
2026-08-13T18:30,209,0.0,19.2,72,2.0
2026-08-13T19:00,191,0.0,17.5,77,1.9
2026-08-13T19:30,169,0.0,15.7,86,1.5
2026-08-13T20:00,204,0.0,15.6,88,0.9
2026-08-13T20:30,240,0.0,15.3,89,0.5
2026-08-13T21:00,30,0.0,15.3,90,1.6
2026-08-13T21:30,20,0.0,14.9,91,1.2
2026-08-13T22:00,154,0.0,13.8,95,1.1
2026-08-13T22:30,162,0.0,13.4,98,1.2
2026-08-13T23:00,167,0.0,13.3,99,0.8
2026-08-13T23:30,179,0.0,13.1,100,1.1
2026-08-14T00:00,171,0.0,12.5,100,1.4
2026-08-14T00:30,180,0.0,12.8,100,1.9
2026-08-14T01:00,186,0.0,12.9,100,2.1
2026-08-14T01:30,175,0.0,12.8,100,1.4
2026-08-14T02:00,175,0.0,13.0,97,1.1
2026-08-14T02:30,181,0.0,13.4,98,0.7
2026-08-14T03:00,142,0.0,13.4,98,0.8
2026-08-14T03:30,31,0.0,13.4,96,1.7
2026-08-14T04:00,21,0.0,13.2,94,2.8
2026-08-14T04:30,23,0.0,13.1,95,2.8
2026-08-14T05:00,13,0.0,13.2,93,2.7
2026-08-14T05:30,34,0.0,13.0,95,2.7
2026-08-14T06:00,22,0.0,13.0,95,3.3
2026-08-14T06:30,27,0.0,12.7,96,2.2
2026-08-14T07:00,39,0.0,12.8,96,2.6
2026-08-14T07:30,34,0.0,13.0,95,2.2
2026-08-14T08:00,17,0.0,13.8,91,0.9
2026-08-14T08:30,27,0.0,14.3,82,2.8
2026-08-14T09:00,20,0.0,14.7,82,2.7
2026-08-14T09:30,15,0.0,15.3,79,2.4
2026-08-14T10:00,18,0.0,15.8,76,1.9
2026-08-14T10:30,355,0.0,16.6,75,1.7
2026-08-14T11:00,327,0.0,16.4,73,2.3
2026-08-14T11:30,340,0.0,17.8,69,1.2
2026-08-14T12:00,228,0.0,17.5,74,1.4
2026-08-14T12:30,222,0.0,17.9,73,2.4
2026-08-14T13:00,213,0.0,19.0,68,2.5
2026-08-14T13:30,221,0.0,19.1,64,2.9
2026-08-14T14:00,214,0.0,20.2,60,3.0
2026-08-14T14:30,212,0.0,20.8,59,3.3
2026-08-14T15:00,210,0.0,20.7,57,4.0
2026-08-14T15:30,207,0.0,20.7,57,3.6
2026-08-14T16:00,210,0.0,21.1,58,3.6
2026-08-14T16:30,210,0.0,21.1,57,4.1
2026-08-14T17:00,205,0.0,20.2,59,4.8
2026-08-14T17:30,192,0.0,17.5,68,3.4
2026-08-14T18:00,210,0.0,19.1,65,4.3
2026-08-14T18:30,210,0.0,18.6,66,3.8
2026-08-14T19:00,198,0.0,17.5,68,2.8
2026-08-14T19:30,177,0.0,15.6,74,1.7
2026-08-14T20:00,172,0.0,15.4,77,1.2
2026-08-14T20:30,229,0.0,14.9,79,1.2
2026-08-14T21:00,204,0.0,14.0,80,1.4
2026-08-14T21:30,164,0.0,13.5,82,1.6
2026-08-14T22:00,143,0.0,13.3,82,1.0
2026-08-14T22:30,166,0.0,13.4,77,1.5
2026-08-14T23:00,159,0.0,13.5,76,1.1
2026-08-14T23:30,177,0.0,13.0,77,1.5
2026-08-15T00:00,181,0.0,13.0,75,1.6
2026-08-15T00:30,169,0.0,13.2,73,1.7
2026-08-15T01:00,149,0.0,12.6,75,1.4
2026-08-15T01:30,161,0.0,12.6,76,2.0
2026-08-15T02:00,175,0.0,12.7,73,1.8
2026-08-15T02:30,172,0.0,13.0,77,1.7
2026-08-15T03:00,172,0.0,13.4,74,1.7
2026-08-15T03:30,166,0.0,13.4,78,0.9
2026-08-15T04:00,169,0.0,13.3,84,0.3
2026-08-15T04:30,353,0.0,12.9,81,0.4
2026-08-15T05:00,28,0.0,13.1,85,2.2
2026-08-15T05:30,24,0.0,13.1,83,2.5
2026-08-15T06:00,7,0.0,12.7,86,2.4
2026-08-15T06:30,32,0.0,13.3,82,2.3
2026-08-15T07:00,23,0.0,13.2,80,2.2
2026-08-15T07:30,39,0.0,13.5,75,3.5
2026-08-15T08:00,34,0.0,13.9,71,3.6
2026-08-15T08:30,37,0.0,14.6,69,2.8
2026-08-15T09:00,25,0.0,15.2,71,1.6
2026-08-15T09:30,24,0.0,16.1,61,1.8
2026-08-15T10:00,24,0.0,16.4,62,1.5
2026-08-15T10:30,353,0.0,17.1,52,2.2
2026-08-15T11:00,334,0.0,17.4,52,1.8
2026-08-15T11:30,349,0.0,18.1,54,1.6
2026-08-15T12:00,231,0.0,18.2,55,1.0
2026-08-15T12:30,255,0.0,18.8,46,1.4
2026-08-15T13:00,222,0.0,19.4,55,1.8
2026-08-15T13:30,222,0.0,20.0,52,2.6
2026-08-15T14:00,184,0.0,17.3,52,2.4
2026-08-15T14:30,218,0.0,20.4,55,3.5
2026-08-15T15:00,213,0.0,20.9,49,3.6
2026-08-15T15:30,210,0.0,21.0,46,4.0
2026-08-15T16:00,204,0.0,21.1,47,4.2
2026-08-15T16:30,205,0.0,20.3,50,4.2
2026-08-15T17:00,195,0.0,17.1,59,4.1
2026-08-15T17:30,169,0.2,14.4,76,2.8
2026-08-15T18:00,183,0.0,15.5,68,3.2
2026-08-15T18:30,185,0.0,16.0,65,2.9
2026-08-15T19:00,155,0.0,15.4,67,1.8
2026-08-15T19:30,148,0.0,15.4,67,1.8
2026-08-15T20:00,160,0.0,14.7,69,1.3
2026-08-15T20:30,158,0.0,14.0,71,1.7
2026-08-15T21:00,164,0.0,14.0,71,1.9
2026-08-15T21:30,108,0.0,14.5,71,1.0
2026-08-15T22:00,196,0.0,13.6,72,1.3
2026-08-15T22:30,170,0.0,13.8,73,2.0
2026-08-15T23:00,171,0.0,13.2,74,1.2
2026-08-15T23:30,165,0.0,13.3,75,1.7
2026-08-16T00:00,169,0.0,13.3,75,1.5
2026-08-16T00:30,173,0.0,13.2,77,1.5
2026-08-16T01:00,148,0.0,13.7,78,1.5
2026-08-16T01:30,190,0.0,14.0,76,0.8
2026-08-16T02:00,134,0.0,13.9,77,1.2
2026-08-16T02:30,129,0.0,14.1,74,0.6
2026-08-16T03:00,128,0.0,13.9,76,1.0
2026-08-16T03:30,17,0.0,13.7,75,0.8
2026-08-16T04:00,163,0.0,13.4,77,0.9
2026-08-16T04:30,168,0.0,12.9,79,1.7
2026-08-16T05:00,184,0.0,13.1,80,1.5
2026-08-16T05:30,198,0.0,13.7,78,1.2
2026-08-16T06:00,202,0.0,13.5,80,1.3
2026-08-16T06:30,176,0.0,12.9,82,1.6
2026-08-16T07:00,189,0.0,12.6,83,1.5
2026-08-16T07:30,>>,>>,>>,>>,>>
2026-08-16T08:00,184,0.0,13.0,82,1.5
2026-08-16T08:30,180,0.0,14.4,77,1.3
2026-08-16T09:00,160,0.0,15.4,71,1.0
2026-08-16T09:30,181,0.0,16.2,68,1.2
2026-08-16T10:00,183,0.0,16.2,66,1.9
2026-08-16T10:30,198,0.0,17.0,64,2.0
2026-08-16T11:00,207,0.0,17.2,61,1.7
2026-08-16T11:30,229,0.0,17.4,61,1.6
2026-08-16T12:00,251,0.0,18.0,58,1.3
2026-08-16T12:30,215,0.0,18.4,58,2.6
2026-08-16T13:00,215,0.0,19.0,54,3.3
2026-08-16T13:30,215,0.0,19.5,52,3.4
2026-08-16T14:00,218,0.0,19.7,53,4.0
2026-08-16T14:30,201,0.0,17.6,58,3.7
2026-08-16T15:00,194,0.0,16.7,58,2.9
2026-08-16T15:30,163,0.0,16.3,65,3.2
2026-08-16T16:00,75,0.0,14.4,73,2.6
2026-08-16T16:30,138,0.2,12.8,84,1.5
2026-08-16T17:00,26,1.4,11.0,98,4.3
2026-08-16T17:30,62,1.2,11.2,100,3.2
2026-08-16T18:00,335,2.0,9.6,100,1.0
2026-08-16T18:30,166,2.2,9.3,100,1.5
2026-08-16T19:00,57,0.0,9.9,100,1.0
2026-08-16T19:30,202,0.0,9.4,100,1.7
2026-08-16T20:00,126,0.0,9.6,100,0.7
2026-08-16T20:30,85,0.0,11.1,89,0.6
2026-08-16T21:00,112,0.0,11.3,87,0.5
2026-08-16T21:30,41,0.0,12.1,80,1.5
2026-08-16T22:00,6,0.0,10.7,88,2.5
2026-08-16T22:30,356,0.0,10.1,98,2.4
2026-08-16T23:00,20,0.8,9.8,100,3.6
2026-08-16T23:30,42,1.2,10.1,99,3.6
2026-08-17T00:00,60,0.4,10.5,94,3.2
2026-08-17T00:30,34,0.0,11.0,89,1.7
2026-08-17T01:00,37,0.0,11.8,78,1.0
2026-08-17T01:30,319,0.0,10.8,83,1.0
2026-08-17T02:00,186,0.0,11.3,79,0.6
2026-08-17T02:30,198,0.0,10.9,80,2.1
2026-08-17T03:00,194,0.0,11.6,78,0.7
2026-08-17T03:30,45,0.0,11.7,76,2.1
2026-08-17T04:00,48,0.0,11.3,81,2.3
2026-08-17T04:30,315,0.0,11.5,77,0.6
2026-08-17T05:00,29,0.0,11.5,77,2.7
2026-08-17T05:30,33,0.0,11.4,79,2.9
2026-08-17T06:00,20,0.0,11.3,78,2.4
2026-08-17T06:30,32,0.0,11.2,81,3.2
2026-08-17T07:00,36,0.0,11.5,79,2.1
2026-08-17T07:30,28,0.0,11.3,82,3.3
2026-08-17T08:00,25,0.0,11.4,80,2.9
2026-08-17T08:30,152,0.0,12.0,78,0.6
2026-08-17T09:00,309,0.0,11.1,83,1.1
2026-08-17T09:30,58,0.0,11.7,80,1.5
2026-08-17T10:00,21,0.0,12.1,75,1.5
2026-08-17T10:30,15,0.0,13.0,81,0.9
2026-08-17T11:00,347,0.0,13.1,91,0.6
2026-08-17T11:30,314,0.0,13.9,85,1.1
2026-08-17T12:00,289,0.0,14.2,84,1.0
2026-08-17T12:30,327,0.0,13.5,86,1.2
2026-08-17T13:00,207,0.0,15.9,79,1.6
2026-08-17T13:30,347,0.0,14.6,80,0.8
2026-08-17T14:00,174,0.0,13.0,86,1.5
2026-08-17T14:30,198,0.0,15.0,75,3.4
2026-08-17T15:00,328,5.2,9.8,100,4.8
2026-08-17T15:30,28,2.4,10.2,92,1.5
2026-08-17T16:00,27,0.0,10.4,90,4.3
2026-08-17T16:30,8,0.0,10.4,87,2.1
2026-08-17T17:00,346,0.0,10.2,92,1.9
2026-08-17T17:30,28,0.0,10.4,90,2.6
2026-08-17T18:00,32,0.0,10.5,88,3.1
2026-08-17T18:30,17,0.0,10.7,88,4.2
2026-08-17T19:00,1,0.0,10.5,85,4.3
2026-08-17T19:30,1,0.0,10.2,86,3.7
2026-08-17T20:00,1,0.0,10.0,88,3.5
2026-08-17T20:30,358,0.0,9.7,90,3.8
2026-08-17T21:00,4,0.0,9.3,89,4.4
2026-08-17T21:30,14,0.0,9.2,90,4.5
2026-08-17T22:00,7,0.0,8.8,90,3.1
2026-08-17T22:30,3,0.0,9.0,85,3.9
2026-08-17T23:00,12,0.0,8.7,87,3.6
2026-08-17T23:30,11,0.0,9.2,80,4.0
2026-08-18T00:00,352,0.0,8.8,81,4.7
2026-08-18T00:30,4,0.0,8.3,82,4.5
2026-08-18T01:00,2,0.0,8.3,80,3.9
2026-08-18T01:30,4,0.0,8.2,80,3.3
2026-08-18T02:00,5,0.0,8.3,78,2.9
2026-08-18T02:30,356,0.0,8.2,75,2.5
2026-08-18T03:00,352,0.0,8.0,74,3.5
2026-08-18T03:30,349,0.0,8.3,73,3.0
2026-08-18T04:00,349,0.0,8.1,74,3.0
2026-08-18T04:30,15,0.0,8.4,72,2.5
2026-08-18T05:00,1,0.0,8.2,72,2.5
2026-08-18T05:30,45,0.0,9.1,68,1.6
2026-08-18T06:00,212,0.0,8.5,71,2.4
2026-08-18T06:30,213,0.0,8.8,72,2.1
2026-08-18T07:00,206,0.0,8.8,73,2.5
2026-08-18T07:30,187,0.0,8.9,73,1.3
2026-08-18T08:00,186,0.0,8.9,75,1.3
2026-08-18T08:30,>>,>>,>>,>>,>>
2026-08-18T09:00,183,0.0,10.2,70,1.1
2026-08-18T09:30,206,0.0,10.5,71,2.6
2026-08-18T10:00,215,0.0,10.3,70,3.2
2026-08-18T10:30,210,0.0,9.8,73,2.8
2026-08-18T11:00,209,0.0,10.2,71,2.8
2026-08-18T11:30,209,0.0,10.9,71,1.7
2026-08-18T12:00,215,0.0,11.2,71,2.9
2026-08-18T12:30,216,0.0,12.3,67,2.5
2026-08-18T13:00,229,0.0,12.3,66,1.4
2026-08-18T13:30,215,0.0,11.9,69,2.5
2026-08-18T14:00,209,0.0,12.5,66,2.3
2026-08-18T14:30,215,0.0,12.9,68,1.7
2026-08-18T15:00,291,0.0,14.4,67,1.6
2026-08-18T15:30,199,0.0,15.0,65,1.8
2026-08-18T16:00,221,0.0,16.1,59,1.4
2026-08-18T16:30,192,0.0,15.5,62,1.3
2026-08-18T17:00,183,0.0,15.0,60,1.2
2026-08-18T17:30,23,0.0,14.2,66,1.2
2026-08-18T18:00,19,0.0,13.5,68,1.4
2026-08-18T18:30,337,0.0,12.8,74,3.4
2026-08-18T19:00,345,0.0,12.5,74,1.6
2026-08-18T19:30,217,0.0,12.2,80,1.9
2026-08-18T20:00,157,0.0,11.5,84,1.3
2026-08-18T20:30,358,0.0,11.7,79,0.8
2026-08-18T21:00,179,0.0,11.7,78,1.3
2026-08-18T21:30,198,0.0,11.8,77,2.0
2026-08-18T22:00,217,0.0,11.9,77,2.6
2026-08-18T22:30,338,0.0,11.3,82,1.8
2026-08-18T23:00,344,0.0,11.2,84,1.1
2026-08-18T23:30,189,0.0,10.9,87,1.1
2026-08-19T00:00,198,0.0,10.8,87,1.7
2026-08-19T00:30,186,0.0,10.9,88,1.8
2026-08-19T01:00,184,0.0,10.8,88,2.1
2026-08-19T01:30,208,0.0,10.7,89,2.0
2026-08-19T02:00,196,0.0,10.5,91,1.7
2026-08-19T02:30,163,0.2,10.5,94,1.5
2026-08-19T03:00,195,0.0,10.4,92,1.7
2026-08-19T03:30,186,0.0,10.5,94,2.7
2026-08-19T04:00,176,0.0,10.8,90,2.9
2026-08-19T04:30,185,0.0,11.3,87,3.0
2026-08-19T05:00,190,0.0,10.5,94,3.3
2026-08-19T05:30,202,0.0,10.8,89,3.0
2026-08-19T06:00,208,0.0,10.7,91,3.0
2026-08-19T06:30,202,0.0,10.7,91,2.6
2026-08-19T07:00,193,0.0,10.6,93,3.1
2026-08-19T07:30,201,0.0,10.6,91,3.2
2026-08-19T08:00,211,0.0,11.4,84,2.7
2026-08-19T08:30,214,0.0,12.1,81,2.9
2026-08-19T09:00,205,0.0,13.0,75,2.3
2026-08-19T09:30,205,0.0,13.8,74,2.1
2026-08-19T10:00,213,0.0,14.1,72,2.6
2026-08-19T10:30,218,0.0,14.6,67,2.5
2026-08-19T11:00,199,0.0,15.6,74,2.6
2026-08-19T11:30,199,0.0,15.6,83,2.5
2026-08-19T12:00,211,0.0,16.3,83,3.8
2026-08-19T12:30,218,0.0,16.4,88,3.4
2026-08-19T13:00,215,0.0,17.4,82,3.8
2026-08-19T13:30,208,0.0,16.5,87,4.9
2026-08-19T14:00,200,0.0,16.0,87,5.2
2026-08-19T14:30,198,0.0,15.8,87,5.0
2026-08-19T15:00,194,0.0,14.7,90,4.5
2026-08-19T15:30,197,0.0,16.1,90,4.8
2026-08-19T16:00,207,0.0,15.1,88,4.8
2026-08-19T16:30,204,0.0,15.5,91,5.7
2026-08-19T17:00,209,0.0,15.9,89,5.5
2026-08-19T17:30,207,0.0,15.9,90,6.1
2026-08-19T18:00,204,0.0,15.1,90,4.8
2026-08-19T18:30,189,0.0,13.8,98,3.4
2026-08-19T19:00,182,0.0,13.2,100,2.4
2026-08-19T19:30,179,0.0,12.7,100,2.5
2026-08-19T20:00,190,0.0,12.4,100,3.4
2026-08-19T20:30,189,0.0,12.2,100,4.3
2026-08-19T21:00,200,0.0,12.0,100,4.6
2026-08-19T21:30,192,0.0,12.1,100,4.5
2026-08-19T22:00,195,0.0,11.8,100,3.9
2026-08-19T22:30,197,0.0,12.1,100,4.9
2026-08-19T23:00,199,0.0,12.1,100,4.0
2026-08-19T23:30,197,0.0,11.9,100,3.7
2026-08-20T00:00,199,0.0,12.2,99,4.8
2026-08-20T00:30,205,0.0,12.6,91,4.9
2026-08-20T01:00,202,0.0,12.3,96,5.1
2026-08-20T01:30,208,0.0,12.8,94,4.5
2026-08-20T02:00,210,0.0,13.1,88,3.3
2026-08-20T02:30,212,0.2,13.4,56,4.1
2026-08-20T03:00,193,0.0,12.1,83,3.9
2026-08-20T03:30,182,0.0,11.4,98,3.4
2026-08-20T04:00,190,0.0,11.3,100,3.9
2026-08-20T04:30,191,0.0,11.8,90,3.0
2026-08-20T05:00,183,0.0,11.0,100,2.9
2026-08-20T05:30,193,0.0,11.3,97,3.3
2026-08-20T06:00,190,0.0,11.0,100,3.1
2026-08-20T06:30,189,0.0,11.5,97,2.8
2026-08-20T07:00,183,0.0,11.5,99,3.2
2026-08-20T07:30,191,0.0,11.9,95,3.4
2026-08-20T08:00,187,0.0,12.3,89,2.5
2026-08-20T08:30,179,0.0,12.1,97,2.6
2026-08-20T09:00,173,0.0,11.9,100,1.5
2026-08-20T09:30,177,0.0,12.5,100,0.8
2026-08-20T10:00,>>,>>,>>,>>,>>
2026-08-20T10:30,224,0.0,14.7,89,0.8
2026-08-20T11:00,210,0.0,13.2,100,1.1
2026-08-20T11:30,200,0.0,12.8,100,1.8
2026-08-20T12:00,214,0.0,14.6,100,2.6
2026-08-20T12:30,218,0.0,14.1,98,2.1
2026-08-20T13:00,197,0.0,14.3,100,1.2
2026-08-20T13:30,171,0.0,13.0,100,1.5
2026-08-20T14:00,189,0.0,12.1,100,3.9
2026-08-20T14:30,334,11.4,9.8,100,2.7
2026-08-20T15:00,19,0.8,9.2,100,4.4
2026-08-20T15:30,10,0.6,9.2,100,2.8
2026-08-20T16:00,163,0.8,10.2,100,1.0
2026-08-20T16:30,211,0.0,10.6,100,2.3
2026-08-20T17:00,208,0.0,10.7,100,3.4
2026-08-20T17:30,358,0.0,10.2,100,1.1
2026-08-20T18:00,218,0.0,10.9,100,1.6
2026-08-20T18:30,174,0.0,9.5,100,1.9
2026-08-20T19:00,4,0.8,9.2,100,1.4
2026-08-20T19:30,66,0.2,9.5,100,1.6
2026-08-20T20:00,35,0.0,10.0,100,0.8
2026-08-20T20:30,346,0.8,9.2,100,2.2
2026-08-20T21:00,209,0.8,8.8,100,1.8
2026-08-20T21:30,201,0.0,9.7,100,4.3
2026-08-20T22:00,192,0.8,8.8,100,2.1
2026-08-20T22:30,206,0.6,9.1,100,3.3
2026-08-20T23:00,206,0.4,8.9,100,4.3
2026-08-20T23:30,203,0.4,8.8,100,4.0
2026-08-21T00:00,204,0.0,8.8,100,2.4
2026-08-21T00:30,3,0.8,8.7,100,0.5
2026-08-21T01:00,43,0.2,8.6,100,2.1
2026-08-21T01:30,118,0.0,8.8,100,0.9
2026-08-21T02:00,6,0.0,8.6,100,0.6
2026-08-21T02:30,31,0.0,8.3,100,2.4
2026-08-21T03:00,20,0.0,8.5,100,1.6
2026-08-21T03:30,30,0.0,8.9,100,2.9
2026-08-21T04:00,30,0.0,9.0,97,1.7
2026-08-21T04:30,18,0.0,9.6,98,0.7
2026-08-21T05:00,37,0.0,9.5,97,1.3
2026-08-21T05:30,137,0.0,8.8,100,0.7
2026-08-21T06:00,156,0.0,8.5,100,1.4
2026-08-21T06:30,40,0.0,9.2,95,2.4
2026-08-21T07:00,45,0.0,9.6,91,1.7
2026-08-21T07:30,47,0.0,9.6,93,1.4
2026-08-21T08:00,170,0.0,8.9,100,1.7
2026-08-21T08:30,133,0.2,9.7,100,1.2
2026-08-21T09:00,60,0.0,9.5,100,1.2
2026-08-21T09:30,113,0.0,8.8,100,1.4
2026-08-21T10:00,150,0.0,8.9,100,2.0
2026-08-21T10:30,174,0.0,8.9,100,2.2
2026-08-21T11:00,166,0.8,8.6,100,2.7
2026-08-21T11:30,179,0.6,8.9,100,2.1
2026-08-21T12:00,150,0.6,8.8,100,2.3
2026-08-21T12:30,199,0.6,8.6,100,3.9
2026-08-21T13:00,143,0.2,8.3,100,2.5
2026-08-21T13:30,181,0.2,8.3,100,3.9
2026-08-21T14:00,215,0.0,8.8,100,4.5
2026-08-21T14:30,181,0.0,8.7,100,1.9
2026-08-21T15:00,184,0.0,8.6,100,2.7
2026-08-21T15:30,173,0.6,8.5,100,2.0
2026-08-21T16:00,192,0.8,8.5,100,3.3
2026-08-21T16:30,131,0.4,8.4,100,1.1
2026-08-21T17:00,213,0.8,8.5,100,1.9
2026-08-21T17:30,190,0.0,8.5,100,3.9
2026-08-21T18:00,217,0.0,8.9,100,3.2
2026-08-21T18:30,199,0.0,8.3,100,2.8
2026-08-21T19:00,182,0.0,8.2,100,2.9
2026-08-21T19:30,185,0.6,8.0,100,2.2
2026-08-21T20:00,182,0.4,8.1,100,1.9
2026-08-21T20:30,178,0.0,8.0,100,1.8
2026-08-21T21:00,193,0.4,8.1,100,3.0
2026-08-21T21:30,206,0.0,7.8,100,2.3
2026-08-21T22:00,193,0.0,7.8,100,1.7
2026-08-21T22:30,186,0.2,7.8,100,1.0
2026-08-21T23:00,26,0.0,7.8,100,2.2
2026-08-21T23:30,357,0.0,7.8,100,1.9
2026-08-22T00:00,27,0.0,7.7,100,4.1
2026-08-22T00:30,43,0.0,7.6,100,3.9
2026-08-22T01:00,41,0.0,7.7,99,3.5
2026-08-22T01:30,44,0.0,7.4,96,4.2
2026-08-22T02:00,31,0.0,7.3,95,4.5
2026-08-22T02:30,26,0.0,7.4,92,3.6
2026-08-22T03:00,31,0.0,7.6,84,4.6
2026-08-22T03:30,27,0.0,7.7,77,3.4
2026-08-22T04:00,34,0.0,7.8,73,2.7
2026-08-22T04:30,23,0.0,7.7,70,2.1
2026-08-22T05:00,36,0.0,7.9,68,3.6
2026-08-22T05:30,34,0.0,7.8,66,3.0
2026-08-22T06:00,27,0.0,7.8,65,2.7
2026-08-22T06:30,33,0.0,7.4,68,3.5
2026-08-22T07:00,42,0.0,7.5,67,2.9
2026-08-22T07:30,33,0.0,7.8,65,2.4
2026-08-22T08:00,20,0.0,7.8,68,1.7
2026-08-22T08:30,25,0.0,8.9,69,1.0
2026-08-22T09:00,52,0.0,9.3,68,1.1
2026-08-22T09:30,195,0.0,10.5,62,0.6
2026-08-22T10:00,193,0.0,11.2,61,0.7
2026-08-22T10:30,195,0.0,10.8,64,1.4
2026-08-22T11:00,177,0.0,11.7,69,0.9
2026-08-22T11:30,332,0.0,11.7,73,0.8
2026-08-22T12:00,219,0.0,11.8,81,1.8
2026-08-22T12:30,340,0.0,10.7,74,1.2
2026-08-22T13:00,5,0.0,12.0,79,1.1
2026-08-22T13:30,182,0.0,11.9,84,1.6
2026-08-22T14:00,205,0.0,12.8,91,2.8
2026-08-22T14:30,207,0.0,12.5,86,2.5
2026-08-22T15:00,214,0.0,12.2,90,2.7
2026-08-22T15:30,222,0.0,12.5,88,2.8
2026-08-22T16:00,207,0.0,13.2,86,2.8
2026-08-22T16:30,232,0.0,12.9,90,2.7
2026-08-22T17:00,227,0.0,11.7,88,2.2
2026-08-22T17:30,200,0.0,12.3,94,1.7
2026-08-22T18:00,222,0.0,11.0,96,1.6
2026-08-22T18:30,210,0.0,10.5,98,1.5
2026-08-22T19:00,206,0.0,10.1,99,1.9
2026-08-22T19:30,169,0.0,9.7,100,1.8
2026-08-22T20:00,180,0.0,9.3,98,1.3
2026-08-22T20:30,147,0.0,8.8,100,1.3
2026-08-22T21:00,160,0.0,8.7,100,2.0
2026-08-22T21:30,174,0.0,8.4,100,1.8
2026-08-22T22:00,176,0.0,8.6,100,1.8
2026-08-22T22:30,172,0.0,8.2,100,1.4
2026-08-22T23:00,186,0.0,8.3,100,1.5
2026-08-22T23:30,185,0.0,8.6,100,1.4
2026-08-23T00:00,197,0.0,8.7,100,2.5
2026-08-23T00:30,219,0.0,8.8,100,2.6
2026-08-23T01:00,356,0.0,7.8,100,1.1
2026-08-23T01:30,196,0.0,7.7,100,1.0
2026-08-23T02:00,159,0.0,7.7,100,0.5
2026-08-23T02:30,120,0.0,7.2,100,0.5
2026-08-23T03:00,199,0.0,7.5,100,0.8
2026-08-23T03:30,207,0.0,7.4,100,1.2
2026-08-23T04:00,218,0.0,7.3,100,1.0
2026-08-23T04:30,203,0.0,7.2,100,0.9
2026-08-23T05:00,192,0.0,7.0,100,0.8
2026-08-23T05:30,193,0.0,7.0,100,0.6
2026-08-23T06:00,217,0.0,6.9,100,1.2
2026-08-23T06:30,206,0.2,6.7,100,1.3
2026-08-23T07:00,212,0.0,6.6,100,1.5
2026-08-23T07:30,206,0.0,6.5,100,0.8
2026-08-23T08:00,186,0.0,6.5,100,0.7
2026-08-23T08:30,154,0.0,6.5,100,0.8
2026-08-23T09:00,345,0.0,7.5,100,1.0
2026-08-23T09:30,195,0.0,7.8,100,1.1
2026-08-23T10:00,206,0.0,8.2,100,1.5
2026-08-23T10:30,7,0.0,8.6,100,1.1
2026-08-23T11:00,241,0.0,9.3,100,1.3
2026-08-23T11:30,227,0.0,10.4,100,1.5
2026-08-23T12:00,215,0.0,10.1,95,1.6
2026-08-23T12:30,218,0.0,11.0,98,2.8
2026-08-23T13:00,209,0.0,11.9,93,2.5
2026-08-23T13:30,216,0.0,12.2,90,2.8
2026-08-23T14:00,217,0.0,12.8,81,3.4
2026-08-23T14:30,216,0.0,13.1,84,3.3
2026-08-23T15:00,220,0.0,13.4,80,3.3
2026-08-23T15:30,212,0.0,13.8,81,3.1
2026-08-23T16:00,214,0.0,13.3,83,3.4
2026-08-23T16:30,216,0.0,12.8,89,3.3
2026-08-23T17:00,215,0.0,13.3,91,3.2
2026-08-23T17:30,215,0.0,13.1,90,3.2
2026-08-23T18:00,217,0.0,12.6,91,2.8
2026-08-23T18:30,207,0.0,11.3,96,2.4
2026-08-23T19:00,117,0.0,10.4,100,1.1
2026-08-23T19:30,201,0.0,9.7,100,0.6
2026-08-23T20:00,197,0.0,9.2,100,0.8
2026-08-23T20:30,211,0.0,9.0,100,1.0
2026-08-23T21:00,170,0.0,8.8,100,0.9
2026-08-23T21:30,169,0.0,8.9,100,0.6
2026-08-23T22:00,185,0.0,8.9,100,0.9
2026-08-23T22:30,190,0.0,8.7,100,1.5
2026-08-23T23:00,151,0.0,8.3,100,1.0
2026-08-23T23:30,173,0.0,8.2,100,1.2
2026-08-24T00:00,104,0.0,8.1,100,0.7
2026-08-24T00:30,197,0.0,8.1,100,1.0
2026-08-24T01:00,172,0.0,8.0,100,0.8
2026-08-24T01:30,180,0.0,8.2,100,1.7
2026-08-24T02:00,186,0.0,8.9,100,1.4
2026-08-24T02:30,200,0.0,9.1,100,1.0
2026-08-24T03:00,250,0.0,8.7,100,0.6
2026-08-24T03:30,189,0.0,8.8,100,1.5
2026-08-24T04:00,10,0.0,8.7,100,0.4
2026-08-24T04:30,206,0.0,8.8,100,0.4
2026-08-24T05:00,42,0.0,8.8,100,0.5
2026-08-24T05:30,244,0.0,8.4,100,0.3
2026-08-24T06:00,131,0.0,8.9,100,0.6
2026-08-24T06:30,162,0.0,9.3,100,0.6
2026-08-24T07:00,43,0.2,9.3,100,1.4
2026-08-24T07:30,31,0.0,9.5,97,1.2
2026-08-24T08:00,70,0.0,9.4,99,0.5
2026-08-24T08:30,158,0.0,10.1,100,0.7
2026-08-24T09:00,331,0.0,11.5,96,0.5
2026-08-24T09:30,181,0.0,11.1,94,0.9
2026-08-24T10:00,330,0.0,12.1,90,0.6
2026-08-24T10:30,356,0.0,12.3,91,0.8
2026-08-24T11:00,334,0.0,12.7,94,1.1
2026-08-24T11:30,18,0.0,13.1,94,1.2
2026-08-24T12:00,171,0.0,14.5,86,1.2
2026-08-24T12:30,224,0.0,14.5,89,1.6
2026-08-24T13:00,229,0.0,15.3,83,2.0
2026-08-24T13:30,212,0.0,15.4,82,3.4
2026-08-24T14:00,207,0.0,15.7,80,3.5
2026-08-24T14:30,209,0.0,14.5,79,4.3
2026-08-24T15:00,205,0.0,14.6,81,4.2
2026-08-24T15:30,188,0.0,12.7,90,2.8
2026-08-24T16:00,179,0.0,12.4,97,2.1
2026-08-24T16:30,193,0.2,12.6,93,3.7
2026-08-24T17:00,203,0.0,14.0,96,2.3
2026-08-24T17:30,199,0.0,13.8,93,3.1
2026-08-24T18:00,184,0.0,12.9,94,2.8
2026-08-24T18:30,177,0.0,11.4,100,2.8
2026-08-24T19:00,170,0.0,10.9,100,2.8
2026-08-24T19:30,165,0.0,10.6,100,2.4
2026-08-24T20:00,141,0.0,10.7,100,2.2
2026-08-24T20:30,173,0.0,9.8,100,2.1
2026-08-24T21:00,163,0.0,9.8,100,2.2
2026-08-24T21:30,168,0.0,9.7,100,2.7
2026-08-24T22:00,118,0.0,9.5,100,1.3
2026-08-24T22:30,153,0.0,9.3,100,1.7
2026-08-26T01:30,30,0.0,10.7,70,3.1
2026-08-26T02:00,28,0.0,10.7,70,4.0
2026-08-26T02:30,42,0.0,10.5,70,3.7
2026-08-26T03:00,30,0.0,10.3,72,2.3
2026-08-26T03:30,34,0.0,10.5,71,2.1
2026-08-26T04:00,166,0.0,9.9,73,1.5
2026-08-26T04:30,185,0.0,9.9,75,1.8
2026-08-26T05:00,160,0.0,10.4,73,1.5
2026-08-26T05:30,194,0.0,10.7,70,1.3
2026-08-26T06:00,213,0.0,10.7,70,0.7
2026-08-26T06:30,176,0.0,10.6,70,1.8
2026-08-26T07:00,163,0.0,9.1,78,1.6
2026-08-26T07:30,169,0.0,8.9,82,1.8
2026-08-26T08:00,155,0.0,9.6,80,1.7
2026-08-26T08:30,166,0.0,10.7,77,1.6
2026-08-26T09:00,169,0.0,12.5,72,1.3
2026-08-26T09:30,185,0.0,12.8,70,2.2
2026-08-26T10:00,166,0.0,14.1,72,1.5
2026-08-26T10:30,185,0.0,14.7,68,1.1
2026-08-26T11:00,204,0.0,14.4,68,2.6
2026-08-26T11:30,194,0.0,15.1,72,2.5
2026-08-26T12:00,203,0.0,15.6,73,3.0
2026-08-26T12:30,212,0.0,15.7,72,3.3
2026-08-26T13:00,212,0.0,15.9,73,3.2
2026-08-26T13:30,209,0.0,17.1,75,2.7
2026-08-26T14:00,211,0.0,17.0,75,3.3
2026-08-26T14:30,213,0.0,17.5,74,3.6
2026-08-26T15:00,208,0.0,16.2,77,4.6
2026-08-26T15:30,212,0.0,17.4,79,3.8
2026-08-26T16:00,202,0.0,15.7,83,3.7
2026-08-26T16:30,213,0.0,17.1,79,3.4
2026-08-26T17:00,213,0.0,17.1,82,2.8
2026-08-26T17:30,187,0.0,14.4,95,2.5
2026-08-26T18:00,197,0.0,15.6,91,2.3
2026-08-26T18:30,211,0.0,14.9,94,2.4
2026-08-26T19:00,177,0.0,12.9,100,2.2
2026-08-26T19:30,186,0.0,12.4,100,0.9
2026-08-26T20:00,175,0.0,12.2,100,0.8
2026-08-26T20:30,172,0.0,11.7,100,2.6
2026-08-26T21:00,171,0.0,11.5,100,1.6
2026-08-26T21:30,148,0.0,11.5,100,0.9
2026-08-26T22:00,166,0.0,11.3,100,0.7
2026-08-26T22:30,182,0.0,11.2,100,1.5
2026-08-26T23:00,186,0.0,11.2,100,2.1
2026-08-26T23:30,188,0.0,11.1,100,1.8
2026-08-27T00:00,195,0.0,11.0,100,1.1
2026-08-27T00:30,178,0.0,10.9,100,1.1
2026-08-27T01:00,178,0.0,10.9,100,1.5
2026-08-27T01:30,182,0.0,10.8,100,2.1
2026-08-27T02:00,204,0.0,11.0,100,1.4
2026-08-27T02:30,168,0.0,10.3,100,1.6
2026-08-27T03:00,205,0.0,10.8,100,1.0
2026-08-27T03:30,22,0.2,11.4,100,1.2
2026-08-27T04:00,9,0.0,11.3,100,1.3
2026-08-27T04:30,30,0.0,11.2,98,4.7
2026-08-27T05:00,48,0.0,11.7,99,2.6
2026-08-27T05:30,318,0.0,11.7,91,0.8
2026-08-27T06:00,170,0.0,12.8,78,1.9
2026-08-27T06:30,204,0.0,13.9,69,1.4
2026-08-27T07:00,220,0.0,13.1,71,1.9
2026-08-27T07:30,202,0.0,13.3,68,1.7
2026-08-27T08:00,189,0.0,12.4,81,2.7
2026-08-27T08:30,177,0.0,13.0,84,2.8
2026-08-27T09:00,163,0.0,12.8,81,1.8
2026-08-27T09:30,169,0.0,13.8,78,2.0
2026-08-27T10:00,162,0.0,13.9,80,2.0
2026-08-27T10:30,164,0.0,15.6,78,1.6
2026-08-27T11:00,144,0.0,16.1,72,1.6
2026-08-27T11:30,196,0.0,17.7,74,0.9
2026-08-27T12:00,206,0.0,17.7,67,1.8
2026-08-27T12:30,197,0.0,18.4,68,1.4
2026-08-27T13:00,179,0.0,17.9,78,1.3
2026-08-27T13:30,233,0.0,18.4,83,1.3
2026-08-27T14:00,204,0.0,18.7,78,2.1
2026-08-27T14:30,202,0.0,18.1,78,2.4
2026-08-27T15:00,212,0.0,18.5,78,1.6
2026-08-27T15:30,223,0.0,18.0,83,1.7
2026-08-27T16:00,215,0.0,16.7,87,1.7
2026-08-27T16:30,224,0.0,16.5,91,1.4
2026-08-27T17:00,200,0.0,17.4,88,0.8
2026-08-27T17:30,204,0.0,17.1,89,1.5
2026-08-27T18:00,198,0.0,16.5,97,2.1
2026-08-27T18:30,206,0.0,15.5,98,1.3
2026-08-27T19:00,202,0.0,14.6,100,0.9
2026-08-27T19:30,194,0.0,14.1,100,1.4
2026-08-27T20:00,192,0.0,13.7,100,2.1
2026-08-27T20:30,205,0.0,13.8,100,1.9
2026-08-27T21:00,191,0.0,13.6,100,1.9
2026-08-27T21:30,196,0.0,13.2,100,2.4
2026-08-27T22:00,184,0.0,13.0,100,2.3
2026-08-27T22:30,175,0.0,13.2,100,2.2
2026-08-27T23:00,188,0.0,14.1,94,3.2
2026-08-27T23:30,192,0.0,14.9,84,3.8
2026-08-28T00:00,194,0.0,14.7,85,2.9
2026-08-28T00:30,184,0.0,14.6,89,3.2
2026-08-28T01:00,199,0.0,14.4,88,3.1
2026-08-28T01:30,199,0.0,14.7,83,3.7
2026-08-28T02:00,193,0.0,14.7,82,4.6
2026-08-28T02:30,202,0.0,15.0,78,5.0
2026-08-28T03:00,199,0.0,15.5,72,4.3
2026-08-28T03:30,198,0.0,15.0,74,4.4
2026-08-28T04:00,202,0.0,15.1,73,4.0
2026-08-28T04:30,201,0.0,15.5,69,4.6
2026-08-28T05:00,197,0.0,15.7,66,4.3
2026-08-28T05:30,196,0.0,15.2,69,3.2
2026-08-28T06:00,198,0.0,15.6,65,3.8
2026-08-28T06:30,202,0.0,15.5,68,4.9
2026-08-28T07:00,206,0.0,15.4,69,5.8
2026-08-28T07:30,200,0.0,15.4,69,5.0
2026-08-28T08:00,193,0.0,15.2,70,5.2
2026-08-28T08:30,189,0.0,14.9,74,3.8
2026-08-28T09:00,195,0.0,14.7,80,3.5
2026-08-28T09:30,201,0.0,15.9,74,4.9
2026-08-28T10:00,198,0.0,16.4,67,6.1
2026-08-28T10:30,209,0.0,17.2,66,5.3
2026-08-28T11:00,204,0.0,17.6,67,5.3
2026-08-28T11:30,210,0.0,18.0,65,5.9
2026-08-28T12:00,215,0.0,17.7,60,8.1
2026-08-28T12:30,212,0.0,18.3,54,8.7
2026-08-28T13:00,209,0.0,18.4,54,7.7
2026-08-28T13:30,212,0.2,18.9,49,8.4
2026-08-28T14:00,215,0.0,18.8,48,10.2
2026-08-28T14:30,213,0.0,19.2,43,9.3
2026-08-28T15:00,>>,>>,>>,>>,>>
2026-08-28T15:30,209,0.0,19.4,47,8.7
2026-08-28T16:00,215,0.0,19.6,46,10.4
2026-08-28T16:30,209,0.0,19.4,47,7.5
2026-08-28T17:00,210,0.0,18.2,50,8.8
2026-08-28T17:30,213,0.0,17.6,51,9.6
2026-08-28T18:00,214,0.0,17.1,51,11.4
2026-08-28T18:30,208,0.0,16.3,55,10.3
2026-08-28T19:00,203,0.0,16.2,53,9.3
2026-08-28T19:30,207,0.0,14.7,62,8.5
2026-08-28T20:00,207,0.4,14.9,60,10.2
2026-08-28T20:30,212,0.2,13.5,69,8.9
2026-08-28T21:00,208,0.4,12.3,79,8.5
2026-08-28T21:30,213,0.0,12.7,77,4.8
2026-08-28T22:00,208,0.0,12.6,77,4.1
2026-08-28T22:30,204,0.0,13.1,73,5.0
2026-08-28T23:00,188,2.0,9.9,100,2.5
2026-08-28T23:30,205,0.0,11.2,93,4.8
2026-08-29T00:00,188,0.0,10.3,99,1.8
2026-08-29T00:30,179,0.0,10.6,100,2.1
2026-08-29T01:00,194,0.0,11.4,100,4.1
2026-08-29T01:30,193,0.0,11.2,95,3.8
2026-08-29T02:00,196,0.0,11.0,100,4.4
2026-08-29T02:30,199,0.0,11.2,96,4.0
2026-08-29T03:00,327,0.0,10.2,100,1.0
2026-08-29T03:30,16,0.0,10.4,100,1.0
2026-08-29T04:00,49,0.0,10.3,98,1.5
2026-08-29T04:30,183,0.0,9.9,100,0.7
2026-08-29T05:00,188,0.2,9.8,100,1.8
2026-08-29T05:30,112,0.0,9.5,100,1.3
2026-08-29T06:00,74,0.0,9.8,100,1.0
2026-08-29T06:30,156,0.0,9.7,100,0.9
2026-08-29T07:00,163,0.0,9.5,100,1.9
2026-08-29T07:30,195,0.0,9.1,100,1.2
2026-08-29T08:00,152,0.0,9.9,100,0.8
2026-08-29T08:30,163,0.0,9.7,100,1.2
2026-08-29T09:00,222,0.0,10.7,100,0.8
2026-08-29T09:30,200,0.0,11.2,100,1.3
2026-08-29T10:00,132,0.0,12.8,97,1.0
2026-08-29T10:30,182,0.0,13.4,92,1.1
2026-08-29T11:00,159,0.0,13.3,89,1.2
2026-08-29T11:30,183,0.0,14.0,89,1.2
2026-08-29T12:00,216,0.0,14.6,87,1.8
2026-08-29T12:30,213,0.0,15.3,86,3.2
2026-08-29T13:00,209,0.0,15.2,82,4.0
2026-08-29T13:30,200,0.0,15.8,78,3.5
2026-08-29T14:00,203,0.0,15.8,79,4.2
2026-08-29T14:30,211,0.0,16.0,76,4.9
2026-08-29T15:00,209,0.0,16.0,79,5.4
2026-08-29T15:30,217,0.0,16.2,74,3.9
2026-08-29T16:00,216,0.0,15.8,74,3.3
2026-08-29T16:30,223,0.0,15.4,74,3.2
2026-08-29T17:00,215,0.0,13.8,88,4.4
2026-08-29T17:30,189,0.0,13.1,93,3.2
2026-08-29T18:00,189,0.0,12.9,90,2.7
2026-08-29T18:30,196,0.0,12.3,94,4.1
2026-08-29T19:00,183,0.0,11.9,99,2.3
2026-08-29T19:30,182,0.0,11.4,100,2.3
2026-08-29T20:00,170,0.0,11.1,100,1.3
2026-08-29T20:30,177,0.0,10.7,100,1.4
2026-08-29T21:00,177,0.0,10.5,100,1.6
2026-08-29T21:30,174,0.0,10.5,100,1.2
2026-08-29T22:00,161,0.0,10.3,100,1.6
2026-08-29T22:30,157,0.0,10.1,100,1.1
2026-08-29T23:00,187,0.0,10.3,100,1.9
2026-08-29T23:30,194,0.0,10.6,100,3.0
2026-08-30T00:00,188,0.0,10.2,100,2.3
2026-08-30T00:30,183,0.0,10.1,100,2.2
2026-08-30T01:00,184,0.0,10.2,100,2.1
2026-08-30T01:30,190,0.0,10.2,100,2.6
2026-08-30T02:00,184,0.0,9.8,100,1.8
2026-08-30T02:30,183,0.0,9.6,100,1.7
2026-08-30T03:00,175,0.0,9.1,100,1.2
2026-08-30T03:30,168,0.0,9.0,100,1.7
2026-08-30T04:00,177,0.0,9.0,100,1.4
2026-08-30T04:30,178,0.0,9.3,100,1.2
2026-08-30T05:00,19,0.0,9.4,100,1.7
2026-08-30T05:30,30,0.0,9.6,100,2.4
2026-08-30T06:00,41,0.0,10.0,100,3.1
2026-08-30T06:30,37,0.0,9.7,100,2.2
2026-08-30T07:00,39,0.2,9.6,100,1.7
2026-08-30T07:30,73,0.0,9.7,100,1.1
2026-08-30T08:00,42,0.0,9.1,100,1.8
2026-08-30T08:30,50,0.0,9.8,100,1.5
2026-08-30T09:00,220,0.0,11.4,99,0.6
2026-08-30T09:30,206,0.0,11.7,91,1.1
2026-08-30T10:00,17,0.0,12.1,97,0.8
2026-08-30T10:30,200,0.0,13.7,86,1.1
2026-08-30T11:00,41,0.0,14.2,85,0.9
2026-08-30T11:30,348,0.0,14.7,85,1.1
2026-08-30T12:00,189,0.0,15.7,85,1.2
2026-08-30T12:30,211,0.0,15.8,85,2.4
2026-08-30T13:00,210,0.0,16.0,80,3.3
2026-08-30T13:30,210,0.0,16.5,78,2.7
2026-08-30T14:00,220,0.0,16.8,75,2.6
2026-08-30T14:30,209,0.0,16.6,80,3.7
2026-08-30T15:00,209,0.0,15.7,78,4.2
2026-08-30T15:30,206,0.0,15.2,86,4.6
2026-08-30T16:00,161,0.0,14.2,85,1.7
2026-08-30T16:30,157,0.0,13.7,89,1.7
2026-08-30T17:00,167,0.0,13.9,90,1.7
2026-08-30T17:30,198,0.0,13.2,92,3.2
2026-08-30T18:00,183,0.0,13.3,93,2.1
2026-08-30T18:30,198,0.0,13.8,92,2.6
2026-08-30T19:00,159,0.0,12.3,96,2.1
2026-08-30T19:30,169,0.0,11.8,100,2.0
2026-08-30T20:00,162,0.0,11.5,100,1.7
2026-08-30T20:30,157,0.0,11.0,100,1.4
2026-08-30T21:00,162,0.0,10.7,100,1.6
2026-08-30T21:30,148,0.0,11.0,100,0.9
2026-08-30T22:00,75,0.0,11.0,100,1.1
2026-08-30T22:30,153,0.0,10.3,100,1.2
2026-08-30T23:00,63,0.0,10.3,100,0.9
2026-08-30T23:30,125,0.0,9.9,100,1.1
2026-08-31T00:00,76,0.0,10.2,100,0.8
2026-08-31T00:30,162,0.0,10.2,100,1.4
2026-08-31T01:00,162,0.0,9.8,100,1.5
2026-08-31T01:30,168,0.0,9.4,100,1.4
2026-08-31T02:00,178,0.0,9.2,100,1.7
2026-08-31T02:30,154,0.0,8.6,100,1.3
2026-08-31T03:00,171,0.0,8.6,100,1.8
2026-08-31T03:30,175,0.0,8.7,100,1.8
2026-08-31T04:00,170,0.2,8.9,99,2.3
2026-08-31T04:30,165,0.0,8.8,99,1.5
2026-08-31T05:00,169,0.0,8.8,95,1.5
2026-08-31T05:30,170,0.0,9.5,92,1.5
2026-08-31T06:00,85,0.0,9.4,93,0.9
2026-08-31T06:30,51,0.0,9.7,98,1.7
2026-08-31T07:00,23,0.0,9.6,>>,1.5
2026-08-31T07:30,29,0.0,10.1,91,1.7
2026-08-31T08:00,54,0.0,10.3,88,1.0
2026-08-31T08:30,341,0.0,10.6,88,1.0
2026-08-31T09:00,35,0.0,11.5,85,1.1
2026-08-31T09:30,19,0.0,12.1,81,1.3
2026-08-31T10:00,323,0.0,12.8,79,0.9
2026-08-31T10:30,356,0.0,14.0,81,0.8
2026-08-31T11:00,260,0.0,14.1,75,0.9
2026-08-31T11:30,311,0.0,14.6,75,1.2
2026-08-31T12:00,216,0.0,15.0,74,2.2
2026-08-31T12:30,226,0.0,15.9,72,1.4
2026-08-31T13:00,212,0.0,16.1,73,3.4
2026-08-31T13:30,198,0.0,13.9,79,3.5
2026-08-31T14:00,204,0.0,14.4,74,3.1
2026-08-31T14:30,212,0.0,15.9,74,4.0
2026-08-31T15:00,211,0.0,17.0,71,4.5
2026-08-31T15:30,206,0.0,15.0,74,4.6
2026-08-31T16:00,210,0.0,16.5,73,4.4
2026-08-31T16:30,200,0.0,14.0,81,4.6
2026-08-31T17:00,206,0.0,14.7,81,4.7
2026-08-31T17:30,207,0.0,15.1,80,5.2
2026-08-31T18:00,203,0.0,13.6,82,5.3
2026-08-31T18:30,205,0.0,13.1,89,5.3
2026-08-31T19:00,197,0.0,12.5,95,5.3
2026-08-31T19:30,192,0.0,12.0,99,3.8
2026-08-31T20:00,199,0.0,11.6,100,6.9
2026-08-31T20:30,174,0.0,11.6,100,2.1
2026-08-31T21:00,343,0.0,10.8,97,2.3
2026-08-31T21:30,26,1.4,9.0,81,4.7
2026-08-31T22:00,14,0.8,9.6,86,3.2
2026-08-31T22:30,11,0.0,10.1,78,3.8
2026-08-31T23:00,19,0.2,10.1,85,4.6
2026-08-31T23:30,24,0.2,9.7,86,5.1
2026-09-01T00:00,351,0.0,9.5,80,3.2
2026-09-01T00:30,26,0.0,10.0,77,1.9
2026-09-01T01:00,15,0.0,9.9,78,1.9
2026-09-01T01:30,39,0.0,9.4,81,2.4
2026-09-01T02:00,38,0.0,9.2,82,2.9
2026-09-01T02:30,23,0.0,9.2,82,2.2
2026-09-01T03:00,28,0.0,8.9,85,2.1
2026-09-01T03:30,44,0.0,9.1,84,2.2
2026-09-01T04:00,37,0.0,8.7,87,2.7
2026-09-01T04:30,117,0.0,8.7,88,0.7
2026-09-01T05:00,68,0.0,8.4,89,0.4
2026-09-01T05:30,29,0.0,8.7,85,2.5
2026-09-01T06:00,36,0.0,8.7,83,1.2
2026-09-01T06:30,266,0.0,8.4,83,0.5
2026-09-01T07:00,174,0.0,7.3,93,1.7
2026-09-01T07:30,177,0.0,7.6,95,1.7
2026-09-01T08:00,182,0.0,7.4,98,1.4
2026-09-01T08:30,153,0.0,8.5,96,1.1
2026-09-01T09:00,>>,>>,>>,>>,>>
2026-09-01T09:30,159,0.0,10.1,81,1.3
2026-09-01T10:00,181,0.0,11.2,78,1.6
2026-09-01T10:30,136,0.0,11.5,75,0.9
2026-09-01T11:00,166,0.0,12.3,75,1.6
2026-09-01T11:30,209,0.0,12.5,79,2.5
2026-09-01T12:00,216,0.0,11.9,85,2.8
2026-09-01T12:30,207,0.0,12.8,87,3.0
2026-09-01T13:00,208,0.0,12.8,84,2.9
2026-09-01T13:30,182,0.0,12.7,91,1.5
2026-09-01T14:00,194,0.0,12.6,93,2.5
2026-09-01T14:30,194,0.0,11.6,92,2.7
2026-09-01T15:00,199,0.0,11.5,92,1.9
2026-09-01T15:30,199,0.0,11.6,93,2.0
2026-09-01T16:00,190,0.0,11.4,97,1.7
2026-09-01T16:30,182,0.0,11.2,97,1.6
2026-09-01T17:00,211,0.0,13.9,87,2.9
2026-09-01T17:30,192,0.0,11.7,95,3.3
2026-09-01T18:00,182,0.0,11.4,98,1.6
2026-09-01T18:30,183,0.0,10.6,100,3.2
2026-09-01T19:00,123,0.0,10.1,100,1.1
2026-09-01T19:30,160,0.0,9.6,100,1.5
2026-09-01T20:00,192,0.0,9.6,100,1.7
2026-09-01T20:30,173,0.0,9.6,100,1.8
2026-09-01T21:00,170,0.0,9.4,100,1.9
2026-09-01T21:30,40,0.2,8.4,100,6.1
2026-09-01T22:00,343,7.0,8.2,96,1.6
2026-09-01T22:30,38,2.6,8.2,99,4.1
2026-09-01T23:00,35,0.6,8.5,96,0.6
2026-09-01T23:30,29,0.0,9.4,90,1.4
2026-09-02T00:00,11,0.0,8.7,91,2.0
2026-09-02T00:30,45,0.0,9.4,83,4.9
2026-09-02T01:00,146,1.8,7.7,97,2.7
2026-09-02T01:30,177,0.0,7.4,100,1.6
2026-09-02T02:00,193,0.0,7.4,100,1.7
2026-09-02T02:30,147,0.0,8.0,93,1.7
2026-09-02T03:00,171,0.0,8.0,93,1.0
2026-09-02T03:30,158,0.0,7.4,97,2.2
2026-09-02T04:00,167,0.0,7.2,99,1.9
2026-09-02T04:30,161,0.0,7.8,100,1.9
2026-09-02T05:00,160,0.0,7.8,100,2.1
2026-09-02T05:30,162,0.0,7.6,100,1.8
2026-09-02T06:00,161,0.0,7.9,97,1.7
2026-09-02T06:30,173,0.0,8.6,93,1.7
2026-09-02T07:00,174,0.0,9.1,84,1.6
2026-09-02T07:30,165,0.0,9.4,84,0.9
2026-09-02T08:00,212,0.0,9.4,81,0.6
2026-09-02T08:30,53,0.0,10.2,81,0.6
2026-09-02T09:00,55,0.0,12.3,75,0.3
2026-09-02T09:30,32,0.0,12.0,73,0.4
2026-09-02T10:00,33,0.0,11.3,78,1.3
2026-09-02T10:30,11,0.0,12.0,75,1.4
2026-09-02T11:00,284,0.0,12.3,72,1.0
2026-09-02T11:30,219,0.0,12.7,64,1.1
2026-09-02T12:00,233,0.0,13.1,65,1.4
2026-09-02T12:30,239,0.0,13.3,64,1.2
2026-09-02T13:00,227,0.0,13.6,84,1.3
2026-09-02T13:30,209,0.0,14.2,81,2.0
2026-09-02T14:00,228,0.0,13.9,75,1.7
2026-09-02T14:30,215,0.0,14.4,77,3.0
2026-09-02T15:00,218,0.0,14.9,77,2.9
2026-09-02T15:30,>>,>>,>>,>>,>>
2026-09-02T16:00,177,0.0,>>,>>,0.8
2026-09-02T16:30,167,0.0,>>,>>,0.8
2026-09-02T17:00,205,0.4,14.8,79,2.4
2026-09-02T17:30,198,0.0,14.5,80,1.7
2026-09-02T18:00,240,0.0,14.2,70,1.4
2026-09-02T18:30,215,0.4,13.0,75,1.4
2026-09-02T19:00,196,0.0,11.5,81,2.2
2026-09-02T19:30,171,0.0,10.7,83,1.8
2026-09-02T20:00,149,0.0,10.7,83,1.5
2026-09-02T20:30,63,0.0,10.9,90,0.9
2026-09-02T21:00,44,0.0,11.2,85,1.1
2026-09-02T21:30,137,0.0,10.6,94,1.8
2026-09-02T22:00,44,0.0,10.7,91,1.2
2026-09-02T22:30,26,0.0,10.7,91,0.7
2026-09-02T23:00,45,0.0,10.8,87,1.6
2026-09-02T23:30,44,0.0,10.6,84,1.4
2026-09-03T00:00,25,0.0,10.5,87,1.2
2026-09-03T00:30,35,0.0,10.5,86,1.9
2026-09-03T01:00,18,0.0,10.2,76,2.0
2026-09-03T01:30,9,0.0,10.4,73,1.9
2026-09-03T02:00,19,0.0,10.3,70,2.3
2026-09-03T02:30,16,0.0,10.0,68,2.0
2026-09-03T03:00,18,0.0,10.3,67,1.7
2026-09-03T03:30,38,0.0,10.2,64,2.4
2026-09-03T04:00,39,0.0,9.9,66,2.4
2026-09-03T04:30,28,0.0,9.6,68,3.2
2026-09-03T05:00,27,0.0,9.7,68,3.1
2026-09-03T05:30,27,0.0,9.7,68,3.0
2026-09-03T06:00,29,0.0,9.6,67,3.5
2026-09-03T06:30,29,0.0,9.7,67,3.5
2026-09-03T07:00,25,0.0,9.5,68,3.3
2026-09-03T07:30,28,0.0,9.4,67,3.2
2026-09-03T08:00,24,0.0,9.6,67,3.8
2026-09-03T08:30,22,0.0,9.9,63,3.1
2026-09-03T09:00,23,0.0,10.5,63,1.9
2026-09-03T09:30,21,0.0,10.6,61,3.5
2026-09-03T10:00,16,0.0,11.3,60,2.0
2026-09-03T10:30,19,0.0,12.0,59,1.5
2026-09-03T11:00,339,0.0,12.9,57,2.2
2026-09-03T11:30,322,0.0,13.2,53,1.2
2026-09-03T12:00,342,0.0,13.7,55,1.2
2026-09-03T12:30,318,0.0,14.3,55,1.5
2026-09-03T13:00,351,0.0,14.5,55,2.1
2026-09-03T13:30,354,0.0,14.9,51,2.1
2026-09-03T14:00,353,0.0,15.1,52,2.1
2026-09-03T14:30,358,0.0,15.5,46,2.9
2026-09-03T15:00,350,0.0,15.5,44,2.6
2026-09-03T15:30,352,0.0,15.9,43,3.1
2026-09-03T16:00,351,0.0,16.3,45,2.8
2026-09-03T16:30,359,0.0,15.7,50,1.7
2026-09-03T17:00,13,0.0,16.5,49,1.3
2026-09-03T17:30,326,0.0,15.6,54,0.7
2026-09-03T18:00,351,0.0,14.8,53,2.1
2026-09-03T18:30,337,0.0,14.7,54,2.1
2026-09-03T19:00,345,0.0,14.0,55,2.6
2026-09-03T19:30,11,0.0,13.5,57,2.1
2026-09-03T20:00,18,0.0,13.6,58,3.4
2026-09-03T20:30,10,0.0,13.2,60,3.3
2026-09-03T21:00,7,0.0,12.9,64,2.8
2026-09-03T21:30,6,0.0,12.7,63,2.9
2026-09-03T22:00,357,0.0,12.6,62,3.0
2026-09-03T22:30,9,0.0,12.5,61,3.4
2026-09-03T23:00,4,0.0,12.3,59,3.6
2026-09-03T23:30,8,0.0,12.2,60,2.8
2026-09-04T00:00,2,0.0,12.1,62,2.7
2026-09-04T00:30,2,0.0,12.2,60,1.6
2026-09-04T01:00,15,0.0,12.1,59,2.3
2026-09-04T01:30,10,0.0,11.8,59,2.9
2026-09-04T02:00,17,0.0,11.7,59,3.1
2026-09-04T02:30,34,0.0,11.9,58,4.1
2026-09-04T03:00,33,0.0,11.7,59,3.4
2026-09-04T03:30,31,0.0,11.7,59,2.9
2026-09-04T04:00,30,0.0,11.6,59,2.9
2026-09-04T04:30,32,0.0,11.7,60,3.9
2026-09-04T05:00,37,0.0,11.6,60,3.5
2026-09-04T05:30,41,0.0,11.4,60,4.1
2026-09-04T06:00,41,0.0,11.4,61,3.6
2026-09-04T06:30,33,0.0,11.5,61,3.0
2026-09-04T07:00,29,0.0,11.8,59,2.2
2026-09-04T07:30,156,0.0,11.4,57,1.2
2026-09-04T08:00,205,0.0,11.2,62,2.0
2026-09-04T08:30,192,0.0,12.0,61,1.4
2026-09-04T09:00,212,0.0,12.7,59,1.7
2026-09-04T09:30,209,0.0,13.6,57,2.2
2026-09-04T10:00,210,0.0,14.4,55,2.6
2026-09-04T10:30,222,0.0,14.9,51,1.8
2026-09-04T11:00,239,0.0,15.2,47,1.4
2026-09-04T11:30,240,0.0,15.9,49,1.3
2026-09-04T12:00,208,0.0,17.4,52,1.9
2026-09-04T12:30,225,0.0,17.2,51,1.9
2026-09-04T13:00,236,0.0,17.4,51,2.2
2026-09-04T13:30,229,0.0,18.2,53,2.5
2026-09-04T14:00,213,0.0,19.0,54,3.2
2026-09-04T14:30,214,0.0,19.1,54,3.6
2026-09-04T15:00,218,0.0,19.3,53,3.7
2026-09-04T15:30,213,0.0,19.4,54,3.5
2026-09-04T16:00,212,0.0,19.2,58,4.0
2026-09-04T16:30,217,0.0,18.6,61,4.4
2026-09-04T17:00,218,0.0,18.6,63,3.5
2026-09-04T17:30,216,0.0,18.2,69,3.5
2026-09-04T18:00,213,0.0,17.8,72,3.7
2026-09-04T18:30,215,0.0,16.7,78,3.5
2026-09-04T19:00,211,0.0,16.2,80,2.5
2026-09-04T19:30,207,0.0,14.7,85,2.4
2026-09-04T20:00,199,0.0,13.7,90,2.6
2026-09-04T20:30,189,0.0,13.5,94,2.6
2026-09-04T21:00,195,0.0,13.3,97,2.9
2026-09-04T21:30,188,0.0,13.1,96,2.4
2026-09-04T22:00,175,0.0,12.7,99,2.0
2026-09-04T22:30,185,0.0,12.8,100,2.2
2026-09-04T23:00,184,0.0,13.2,99,2.1
2026-09-04T23:30,182,0.0,12.5,100,2.3
2026-09-05T00:00,185,0.0,12.3,100,2.1
2026-09-05T00:30,202,0.0,12.7,98,1.9
2026-09-05T01:00,216,0.0,13.0,94,1.7
2026-09-05T01:30,209,0.0,12.9,94,1.4
2026-09-05T02:00,227,0.0,13.0,93,1.3
2026-09-05T02:30,259,0.0,13.1,90,0.6
2026-09-05T03:00,1,0.0,12.9,89,0.5
2026-09-05T03:30,352,0.0,12.5,94,0.5
2026-09-05T04:00,223,0.0,12.7,91,0.9
2026-09-05T04:30,178,0.0,12.6,88,0.7
2026-09-05T05:00,221,0.0,13.2,82,0.9
2026-09-05T05:30,84,0.0,12.8,85,0.8
2026-09-05T06:00,31,0.0,12.9,80,3.1
2026-09-05T06:30,28,0.0,12.9,81,1.8
2026-09-05T07:00,43,0.0,12.3,84,3.8
2026-09-05T07:30,28,0.0,12.3,85,3.9
2026-09-05T08:00,45,0.0,13.2,76,3.3
2026-09-05T08:30,26,0.0,13.2,78,2.9
2026-09-05T09:00,14,0.0,13.9,69,3.5
2026-09-05T09:30,23,0.0,13.8,66,3.8
2026-09-05T10:00,18,0.0,13.9,65,3.5
2026-09-05T10:30,46,0.0,14.9,49,1.6
2026-09-05T11:00,11,0.0,15.2,51,1.4
2026-09-05T11:30,359,0.0,16.3,56,1.5
2026-09-05T12:00,14,0.0,15.4,50,1.5
2026-09-05T12:30,344,0.0,15.8,55,1.6
2026-09-05T13:00,350,0.0,16.5,55,1.8
2026-09-05T13:30,355,0.0,15.9,60,2.0
2026-09-05T14:00,354,0.0,15.1,59,2.2
2026-09-05T14:30,35,0.0,15.8,58,1.8
2026-09-05T15:00,19,0.0,16.9,55,1.4
2026-09-05T15:30,343,0.0,16.1,56,2.2
2026-09-05T16:00,349,0.0,16.0,57,1.4
2026-09-05T16:30,350,0.0,15.8,61,1.9
2026-09-05T17:00,4,0.0,15.6,59,1.9
2026-09-05T17:30,1,0.0,15.2,57,3.1
2026-09-05T18:00,343,0.0,15.8,56,2.9
2026-09-05T18:30,10,0.0,14.9,55,1.4
2026-09-05T19:00,332,0.0,15.0,55,2.8
2026-09-05T19:30,16,0.0,13.6,60,2.1
2026-09-05T20:00,23,0.0,13.3,62,3.6
