datetime,PORTATA
2026-08-06T22:00,0.54
2026-08-06T22:15,0.61
2026-08-06T23:00,0.01
2026-08-06T23:30,0.01
2026-08-07T00:00,0.47
2026-08-07T00:15,0.85
2026-08-07T00:30,0.02
2026-08-07T01:45,0.29
2026-08-07T02:15,0.06
2026-08-07T02:30,0.0
2026-08-07T03:00,0.0
2026-08-07T03:15,0.01
2026-08-07T03:30,0.12
2026-08-07T03:45,0.47
2026-08-07T04:00,0.77
2026-08-07T04:15,0.02
2026-08-07T04:30,0.12
2026-08-07T04:45,0.02
2026-08-07T05:00,0.24
2026-08-07T05:15,0.0
2026-08-07T05:45,0.06
2026-08-07T06:30,0.54
2026-08-07T06:45,0.09
2026-08-07T07:00,0.04
2026-08-07T07:15,0.4
2026-08-07T07:30,0.61
2026-08-07T07:45,0.0
2026-08-07T08:00,0.69
2026-08-07T08:15,0.29
2026-08-07T10:00,0.24
2026-08-07T10:30,0.77
2026-08-07T10:45,0.0
2026-08-07T11:15,0.02
2026-08-07T11:30,0.0
2026-08-07T11:45,0.01
2026-08-07T12:00,0.16
2026-08-07T12:30,3.88
2026-08-07T12:45,0.06
2026-08-07T13:30,0.0
2026-08-07T15:00,0.0
2026-08-07T15:15,0.0
2026-08-07T16:15,0.0
2026-08-07T16:30,11.76
2026-08-07T16:45,14.11
2026-08-07T17:00,0.24
2026-08-07T17:30,0.0
2026-08-07T17:45,4.46
2026-08-07T20:00,0.0
2026-08-07T20:15,0.01
2026-08-07T20:45,0.0
2026-08-07T22:00,0.24
2026-08-07T22:30,0.02
2026-08-07T22:45,0.2
2026-08-07T23:00,0.09
2026-08-07T23:30,0.09
2026-08-07T23:45,0.54
2026-08-08T00:15,0.77
2026-08-08T00:30,0.94
2026-08-08T00:45,0.35
2026-08-08T01:00,0.29
2026-08-08T01:15,0.94
2026-08-08T01:30,0.02
2026-08-08T01:45,1.83
2026-08-08T02:00,0.85
2026-08-08T02:15,0.47
2026-08-08T02:30,0.35
2026-08-08T02:45,1.04
2026-08-08T03:00,0.69
2026-08-08T03:15,0.69
2026-08-08T03:30,0.04
2026-08-08T03:45,0.77
2026-08-08T04:00,1.58
2026-08-08T04:15,0.85
2026-08-08T04:30,0.35
2026-08-08T04:45,2.84
2026-08-08T05:00,0.47
2026-08-08T05:15,0.69
2026-08-08T05:30,0.69
2026-08-08T05:45,0.35
2026-08-08T06:00,0.54
2026-08-08T06:15,0.35
2026-08-08T06:30,0.85
2026-08-08T06:45,0.54
2026-08-08T07:00,0.24
2026-08-08T07:15,0.09
2026-08-08T07:30,0.4
2026-08-08T07:45,0.29
2026-08-08T08:00,0.24
2026-08-08T08:15,0.4
2026-08-08T08:30,0.4
2026-08-08T08:45,0.24
2026-08-08T09:00,0.4
2026-08-08T09:45,0.29
2026-08-08T10:45,7.42
2026-08-08T11:00,0.01
2026-08-08T11:15,0.06
2026-08-08T11:30,0.0
2026-08-08T12:15,0.61
2026-08-08T12:30,0.24
2026-08-08T12:45,0.47
2026-08-08T13:00,0.02
2026-08-08T13:15,17.07
2026-08-08T13:30,16.3
2026-08-08T14:00,1.14
2026-08-08T14:15,0.24
2026-08-08T14:30,0.0
2026-08-08T14:45,7.94
2026-08-08T15:00,9.04
2026-08-08T15:15,0.01
2026-08-08T16:00,0.04
2026-08-08T16:15,1.24
2026-08-08T16:30,0.04
2026-08-08T16:45,0.06
2026-08-08T17:00,0.0
2026-08-08T17:15,0.16
2026-08-08T17:30,0.09
2026-08-08T18:15,6.19
2026-08-08T19:00,0.12
2026-08-08T19:15,0.06
2026-08-08T19:30,0.16
2026-08-08T19:45,8.48
2026-08-08T20:00,0.09
2026-08-08T20:15,0.2
2026-08-08T20:30,1.04
2026-08-08T20:45,0.4
2026-08-08T21:00,0.29
2026-08-08T21:15,0.29
2026-08-08T21:30,0.29
2026-08-08T21:45,0.2
2026-08-08T22:00,0.54
2026-08-08T22:15,0.09
2026-08-08T22:30,0.35
2026-08-08T23:00,0.02
2026-08-08T23:15,0.04
2026-08-08T23:30,0.2
2026-08-08T23:45,0.16
2026-08-09T00:15,0.16
2026-08-09T00:30,0.2
2026-08-09T00:45,0.47
2026-08-09T01:00,0.04
2026-08-09T01:15,0.02
2026-08-09T01:30,19.46
2026-08-09T01:45,0.02
2026-08-09T02:30,0.01
2026-08-09T02:45,0.0
2026-08-09T03:45,0.24
2026-08-09T04:00,0.77
2026-08-09T04:15,0.02
2026-08-09T04:30,0.04
2026-08-09T04:45,0.09
2026-08-09T05:00,0.29
2026-08-09T05:15,0.85
2026-08-09T05:30,0.01
2026-08-09T05:45,0.24
2026-08-09T06:00,0.4
2026-08-09T06:15,0.16
2026-08-09T06:30,0.77
2026-08-09T06:45,0.77
2026-08-09T07:00,0.47
2026-08-09T07:15,0.94
2026-08-09T07:30,0.54
2026-08-09T07:45,0.29
2026-08-09T08:00,0.29
2026-08-09T08:15,0.12
2026-08-09T08:30,0.06
2026-08-09T08:45,0.01
2026-08-09T09:00,1.04
2026-08-09T09:15,0.12
2026-08-09T09:30,2.1
2026-08-09T09:45,0.16
2026-08-09T10:00,0.01
2026-08-09T10:15,0.0
2026-08-09T10:30,0.24
2026-08-09T10:45,9.32
2026-08-09T11:30,0.69
2026-08-09T11:45,0.0
2026-08-09T12:00,0.06
2026-08-09T12:15,4.07
2026-08-09T12:30,11.12
2026-08-09T12:45,0.09
2026-08-09T13:00,0.06
2026-08-09T13:15,0.4
2026-08-09T13:30,14.11
2026-08-09T13:45,0.04
2026-08-09T14:15,3.0
2026-08-09T14:30,0.0
2026-08-09T15:00,0.02
2026-08-09T15:15,11.44
2026-08-09T15:30,0.16
2026-08-09T16:15,0.01
2026-08-09T16:45,0.2
2026-08-09T17:00,0.16
2026-08-09T17:15,1.14
2026-08-09T17:30,0.16
2026-08-09T17:45,21.14
2026-08-09T18:00,0.85
2026-08-09T18:15,18.65
2026-08-09T19:15,0.0
2026-08-09T19:30,0.54
2026-08-09T19:45,0.09
2026-08-09T20:15,0.0
2026-08-09T20:30,0.06
2026-08-09T20:45,0.06
2026-08-09T21:00,0.01
2026-08-09T21:15,0.24
2026-08-09T21:30,0.0
2026-08-09T22:00,0.47
2026-08-09T22:15,0.01
2026-08-09T22:30,0.0
2026-08-09T23:00,0.54
2026-08-09T23:15,0.01
2026-08-09T23:45,0.06
2026-08-10T00:00,1.46
2026-08-10T00:45,0.12
2026-08-10T01:00,0.69
2026-08-10T01:15,0.2
2026-08-10T01:30,0.01
2026-08-10T01:45,1.04
2026-08-10T02:00,1.83
2026-08-10T02:15,0.61
2026-08-10T02:30,1.14
2026-08-10T02:45,1.24
2026-08-10T03:00,1.04
2026-08-10T03:15,1.35
2026-08-10T03:30,0.69
2026-08-10T03:45,0.29
2026-08-10T04:00,0.69
2026-08-10T04:15,0.09
2026-08-10T04:45,0.24
2026-08-10T05:00,0.61
2026-08-10T05:15,0.06
2026-08-10T05:30,0.12
2026-08-10T06:15,0.01
2026-08-10T06:30,0.02
2026-08-10T06:45,0.06
2026-08-10T07:00,0.16
2026-08-10T07:15,0.16
2026-08-10T07:30,0.24
2026-08-10T07:45,0.04
2026-08-10T08:00,0.4
2026-08-10T08:15,1.46
2026-08-10T08:30,0.09
2026-08-10T08:45,0.0
2026-08-10T09:00,0.04
2026-08-10T09:15,0.2
2026-08-10T09:30,0.12
2026-08-10T09:45,0.2
2026-08-10T10:00,0.24
2026-08-10T10:15,0.04
2026-08-10T10:30,0.24
2026-08-10T10:45,0.01
2026-08-10T11:00,0.2
2026-08-10T11:45,19.46
2026-08-10T12:00,0.01
2026-08-10T12:15,0.01
2026-08-10T12:30,14.83
2026-08-10T12:45,0.16
2026-08-10T13:00,0.4
2026-08-10T13:30,0.09
2026-08-10T13:45,0.02
2026-08-10T14:30,15.19
2026-08-10T15:00,0.4
2026-08-10T15:15,0.09
2026-08-10T15:30,1.83
2026-08-10T16:00,0.35
2026-08-10T16:15,8.76
2026-08-10T16:30,0.16
2026-08-10T16:45,1.24
2026-08-10T17:00,1.7
2026-08-10T17:15,3.88
2026-08-10T17:30,13.08
2026-08-10T18:00,0.0
2026-08-10T18:15,0.0
2026-08-10T18:30,0.09
2026-08-10T19:30,0.4
2026-08-10T20:15,0.0
2026-08-10T20:30,0.09
2026-08-10T21:00,0.09
2026-08-10T21:15,1.04
2026-08-10T21:30,0.29
2026-08-10T21:45,0.47
2026-08-10T22:45,0.01
2026-08-10T23:00,0.12
2026-08-10T23:15,0.2
2026-08-10T23:30,0.61
2026-08-10T23:45,0.35
2026-08-11T00:00,0.24
2026-08-11T00:15,0.04
2026-08-11T00:30,0.04
2026-08-11T00:45,0.0
2026-08-11T01:00,0.16
2026-08-11T01:15,0.29
2026-08-11T01:30,0.0
2026-08-11T01:45,0.0
2026-08-11T02:00,0.02
2026-08-11T02:15,0.02
2026-08-11T02:30,0.16
2026-08-11T02:45,0.01
2026-08-11T03:00,0.35
2026-08-11T03:15,0.0
2026-08-11T03:30,0.29
2026-08-11T03:45,0.29
2026-08-11T04:15,0.16
2026-08-11T04:30,1.24
2026-08-11T04:45,0.85
2026-08-11T05:00,0.47
2026-08-11T05:15,0.09
2026-08-11T05:30,0.09
2026-08-11T05:45,0.2
2026-08-11T06:00,0.29
2026-08-11T06:15,0.24
2026-08-11T06:30,0.16
2026-08-11T06:45,0.09
2026-08-11T07:00,0.61
2026-08-11T07:15,0.47
2026-08-11T07:30,0.2
2026-08-11T07:45,0.69
2026-08-11T08:00,0.16
2026-08-11T08:15,0.06
2026-08-11T08:30,0.0
2026-08-11T08:45,0.06
2026-08-11T09:00,0.04
2026-08-11T09:15,0.02
2026-08-11T09:45,1.83
2026-08-11T10:00,0.16
2026-08-11T10:15,0.0
2026-08-11T10:30,18.25
2026-08-11T11:30,0.01
2026-08-11T12:15,0.01
2026-08-11T12:45,0.02
2026-08-11T13:00,22.01
2026-08-11T13:30,0.09
2026-08-11T13:45,0.12
2026-08-11T14:00,0.0
2026-08-11T14:15,1.24
2026-08-11T14:30,0.29
2026-08-11T14:45,5.29
2026-08-11T15:00,0.69
2026-08-11T15:45,0.35
2026-08-11T16:00,19.46
2026-08-11T16:15,0.4
2026-08-11T16:30,0.02
2026-08-11T16:45,0.61
2026-08-11T17:30,19.05
2026-08-11T17:45,0.4
2026-08-11T18:00,0.09
2026-08-11T18:15,0.2
2026-08-11T18:30,20.29
2026-08-11T18:45,21.14
2026-08-11T19:15,0.04
2026-08-11T19:30,0.0
2026-08-11T20:00,0.0
2026-08-11T20:30,22.45
2026-08-11T21:30,0.0
2026-08-11T21:45,0.09
2026-08-11T22:00,0.02
2026-08-11T22:15,0.24
2026-08-11T22:30,0.2
2026-08-11T22:45,0.4
2026-08-11T23:30,0.35
2026-08-11T23:45,0.06
2026-08-12T00:00,0.54
2026-08-12T00:15,0.47
2026-08-12T00:45,0.24
2026-08-12T01:30,0.61
2026-08-12T01:45,2.84
2026-08-12T02:15,0.94
2026-08-12T02:30,0.47
2026-08-12T02:45,2.24
2026-08-12T03:15,2.24
2026-08-12T03:30,1.24
2026-08-12T03:45,0.04
2026-08-12T04:00,1.46
2026-08-12T04:15,1.35
2026-08-12T04:30,0.85
2026-08-12T05:00,1.58
2026-08-12T05:15,0.29
2026-08-12T05:30,1.46
2026-08-12T05:45,1.7
2026-08-12T06:00,1.58
2026-08-12T06:15,1.7
2026-08-12T06:30,1.83
2026-08-12T06:45,2.1
2026-08-12T07:00,1.7
2026-08-12T07:15,1.58
2026-08-12T07:30,3.0
2026-08-12T08:15,0.61
2026-08-12T08:30,0.4
2026-08-12T09:00,0.94
2026-08-12T10:00,0.54
2026-08-12T10:30,13.42
2026-08-12T10:45,0.09
2026-08-12T11:15,0.06
2026-08-12T11:30,2.84
2026-08-12T11:45,0.54
2026-08-12T12:00,0.04
2026-08-12T12:45,4.66
2026-08-12T13:00,7.94
2026-08-12T13:15,0.12
2026-08-12T13:45,0.2
2026-08-12T14:30,0.35
2026-08-12T14:45,0.04
2026-08-12T15:00,0.04
2026-08-12T15:15,3.0
2026-08-12T15:30,0.47
2026-08-12T15:45,0.24
2026-08-12T16:00,0.12
2026-08-12T16:15,0.0
2026-08-12T16:30,0.4
2026-08-12T16:45,10.51
2026-08-12T17:15,21.14
2026-08-12T17:30,0.01
2026-08-12T17:45,0.24
2026-08-12T18:00,0.0
2026-08-12T18:15,0.04
2026-08-12T18:30,0.69
2026-08-12T18:45,21.14
2026-08-12T19:00,0.01
2026-08-12T19:15,15.93
2026-08-12T19:30,0.0
2026-08-12T19:45,0.0
2026-08-12T20:00,0.0
2026-08-12T20:15,1.04
2026-08-12T20:45,0.06
2026-08-12T21:15,1.14
2026-08-12T22:00,0.0
2026-08-12T22:15,13.08
2026-08-12T22:45,0.24
2026-08-12T23:30,0.09
2026-08-13T00:30,0.09
2026-08-13T01:00,0.09
2026-08-13T01:15,0.35
2026-08-13T01:30,0.16
2026-08-13T01:45,0.12
2026-08-13T02:00,0.29
2026-08-13T02:15,0.29
2026-08-13T02:30,1.24
2026-08-13T02:45,0.4
2026-08-13T03:00,0.77
2026-08-13T03:15,0.16
2026-08-13T03:30,0.24
2026-08-13T03:45,0.04
2026-08-13T04:00,0.12
2026-08-13T04:15,0.69
2026-08-13T04:30,0.47
2026-08-13T04:45,0.09
2026-08-13T05:00,0.16
2026-08-13T05:15,0.29
2026-08-13T05:30,0.61
2026-08-13T05:45,10.51
2026-08-13T06:00,0.47
2026-08-13T06:15,0.4
2026-08-13T06:30,0.06
2026-08-13T06:45,1.04
2026-08-13T07:30,0.02
2026-08-13T07:45,1.46
2026-08-13T08:00,0.29
2026-08-13T09:00,0.2
2026-08-13T09:15,0.02
2026-08-13T09:30,0.12
2026-08-13T09:45,0.2
2026-08-13T10:00,7.42
2026-08-13T10:15,0.06
2026-08-13T10:30,4.46
2026-08-13T10:45,0.02
2026-08-13T11:00,1.04
2026-08-13T11:15,1.04
2026-08-13T11:30,15.19
2026-08-13T11:45,17.85
2026-08-13T12:00,0.54
2026-08-13T12:30,0.4
2026-08-13T12:45,1.04
2026-08-13T13:15,0.09
2026-08-13T13:30,0.12
2026-08-13T13:45,0.06
2026-08-13T14:00,4.46
2026-08-13T14:30,0.77
2026-08-13T14:45,0.02
2026-08-13T15:15,16.68
2026-08-13T15:30,0.02
2026-08-13T15:45,0.2
2026-08-13T16:00,1.46
2026-08-13T16:15,1.35
2026-08-13T16:30,0.54
2026-08-13T16:45,21.58
2026-08-13T17:00,0.29
2026-08-13T17:15,0.24
2026-08-13T17:30,0.02
2026-08-13T18:15,0.04
2026-08-13T18:30,0.0
2026-08-13T18:45,0.04
2026-08-13T19:30,0.0
2026-08-13T20:15,0.0
2026-08-13T20:30,0.0
2026-08-13T21:15,0.02
2026-08-13T21:30,0.01
2026-08-13T21:45,0.0
2026-08-13T22:00,0.06
2026-08-13T22:30,0.0
2026-08-13T23:00,0.0
2026-08-13T23:15,0.01
2026-08-13T23:30,0.0
2026-08-13T23:45,0.0
2026-08-14T00:00,0.09
2026-08-14T00:45,0.0
2026-08-14T01:00,0.02
2026-08-14T01:15,0.0
2026-08-14T01:30,0.01
2026-08-14T01:45,0.0
2026-08-14T02:30,0.04
2026-08-14T03:00,0.04
2026-08-14T03:30,0.06
2026-08-14T04:15,0.0
2026-08-14T05:00,0.04
2026-08-14T05:15,0.0
2026-08-14T05:30,0.0
2026-08-14T05:45,0.04
2026-08-14T06:45,0.0
2026-08-14T07:30,0.0
2026-08-14T07:45,0.0
2026-08-14T08:15,0.02
2026-08-14T09:15,0.0
2026-08-14T11:15,0.04
2026-08-14T12:00,0.85
2026-08-14T12:15,0.02
2026-08-14T12:30,0.01
2026-08-14T13:00,0.85
2026-08-14T13:15,0.0
2026-08-14T13:30,0.01
2026-08-14T14:45,0.0
2026-08-14T15:15,0.0
2026-08-14T15:30,0.02
2026-08-14T16:00,0.0
2026-08-14T16:30,0.0
2026-08-14T17:15,0.06
2026-08-14T17:30,0.02
2026-08-14T17:45,0.0
2026-08-14T18:15,0.16
2026-08-14T18:30,0.02
2026-08-14T19:00,0.54
2026-08-14T19:45,0.0
2026-08-14T20:00,0.02
2026-08-14T20:30,0.0
2026-08-14T20:45,0.24
2026-08-14T21:30,0.01
2026-08-14T22:00,0.01
2026-08-14T22:15,0.0
2026-08-14T22:30,0.0
2026-08-15T00:30,0.01
2026-08-15T01:00,0.0
2026-08-15T05:15,0.0
2026-08-15T05:45,0.0
2026-08-15T06:00,0.0
2026-08-15T06:45,0.0
2026-08-15T07:00,0.0
2026-08-15T07:15,0.0
2026-08-15T08:15,0.0
2026-08-15T09:15,0.0
2026-08-15T09:30,0.0
2026-08-15T09:45,0.0
2026-08-15T10:00,0.09
2026-08-15T10:15,0.01
2026-08-15T10:45,0.02
2026-08-15T12:00,0.01
2026-08-15T13:15,0.0
2026-08-15T14:00,0.0
2026-08-15T15:15,0.0
2026-08-15T17:45,0.0
2026-08-15T18:00,0.04
2026-08-15T18:15,0.04
2026-08-15T18:30,0.01
2026-08-15T18:45,0.2
2026-08-15T19:30,0.2
2026-08-15T19:45,0.12
2026-08-15T20:00,0.0
2026-08-15T20:15,0.85
2026-08-15T20:30,0.04
2026-08-15T20:45,0.0
2026-08-15T21:30,0.01
2026-08-15T22:15,0.0
2026-08-15T23:15,0.0
2026-08-16T01:00,0.0
2026-08-16T01:30,0.0
2026-08-16T03:45,0.29
2026-08-16T04:15,0.0
2026-08-16T05:45,0.0
2026-08-16T06:00,0.01
2026-08-16T07:00,0.0
2026-08-16T07:45,0.0
2026-08-16T08:00,0.0
2026-08-16T08:15,0.01
2026-08-16T08:30,0.0
2026-08-16T08:45,0.04
2026-08-16T09:00,0.0
2026-08-16T09:15,0.0
2026-08-16T09:30,0.0
2026-08-16T09:45,0.0
2026-08-16T11:15,0.0
2026-08-16T11:45,0.0
2026-08-16T12:00,0.0
2026-08-16T12:30,0.0
2026-08-16T12:45,0.0
2026-08-16T13:00,0.0
2026-08-16T13:15,0.0
2026-08-16T15:00,0.0
2026-08-16T15:15,0.0
2026-08-16T16:00,0.02
2026-08-16T16:15,0.0
2026-08-16T17:00,0.0
2026-08-16T17:30,0.0
2026-08-16T18:15,0.0
2026-08-16T18:30,0.0
2026-08-16T18:45,0.0
2026-08-16T20:45,0.0
2026-08-16T22:45,0.0
2026-08-16T23:00,0.0
2026-08-16T23:15,0.0
2026-08-16T23:30,0.01
2026-08-16T23:45,0.02
2026-08-17T00:00,0.0
2026-08-17T00:15,0.0
2026-08-17T00:30,0.0
2026-08-17T01:00,0.0
2026-08-17T01:15,0.04
2026-08-17T01:30,0.0
2026-08-17T01:45,0.0
2026-08-17T02:00,0.0
2026-08-17T02:15,0.01
2026-08-17T02:30,0.01
2026-08-17T02:45,0.01
2026-08-17T03:00,0.02
2026-08-17T03:15,0.0
2026-08-17T03:30,0.0
2026-08-17T03:45,0.0
2026-08-17T04:00,0.0
2026-08-17T04:15,0.0
2026-08-17T04:30,0.01
2026-08-17T04:45,0.02
2026-08-17T05:00,0.02
2026-08-17T05:15,0.01
2026-08-17T05:30,0.02
2026-08-17T05:45,0.0
2026-08-17T06:00,0.02
2026-08-17T06:15,0.12
2026-08-17T06:30,0.02
2026-08-17T06:45,0.02
2026-08-17T07:00,1.46
2026-08-17T07:15,0.0
2026-08-17T07:30,0.0
2026-08-17T08:00,0.0
2026-08-17T08:15,0.02
2026-08-17T08:30,0.02
2026-08-17T08:45,0.01
2026-08-17T09:00,0.02
2026-08-17T09:15,0.0
2026-08-17T11:00,0.01
2026-08-17T11:15,0.0
2026-08-17T11:30,0.0
2026-08-17T12:00,0.0
2026-08-17T12:15,0.0
2026-08-17T12:30,0.0
2026-08-17T12:45,0.0
2026-08-17T13:00,0.0
2026-08-17T15:30,0.0
2026-08-17T16:00,0.0
2026-08-17T16:15,0.0
2026-08-17T16:30,0.0
2026-08-17T16:45,0.04
2026-08-17T17:00,0.01
2026-08-17T17:15,0.0
2026-08-17T17:30,0.0
2026-08-17T17:45,0.01
2026-08-17T18:00,0.02
2026-08-17T18:15,0.01
2026-08-17T18:30,0.02
2026-08-17T18:45,0.02
2026-08-17T19:00,0.0
2026-08-17T19:15,0.01
2026-08-17T19:30,0.0
2026-08-17T19:45,0.01
2026-08-17T20:00,0.0
2026-08-17T20:15,0.01
2026-08-17T20:30,0.0
2026-08-17T20:45,0.0
2026-08-17T21:00,0.01
2026-08-17T21:15,0.02
2026-08-17T21:30,0.04
2026-08-17T21:45,0.02
2026-08-17T22:00,0.02
2026-08-17T22:15,0.01
2026-08-17T22:30,0.0
2026-08-17T22:45,0.01
2026-08-17T23:00,0.01
2026-08-17T23:15,0.01
2026-08-17T23:30,0.01
2026-08-17T23:45,0.01
2026-08-18T00:00,0.01
2026-08-18T00:15,0.0
2026-08-18T00:30,0.0
2026-08-18T00:45,0.0
2026-08-18T01:00,0.0
2026-08-18T01:15,0.0
2026-08-18T01:30,0.0
2026-08-18T01:45,0.0
2026-08-18T02:00,0.0
2026-08-18T02:15,0.0
2026-08-18T02:30,0.01
2026-08-18T02:45,0.0
2026-08-18T03:00,0.01
2026-08-18T03:15,0.02
2026-08-18T03:30,0.0
2026-08-18T03:45,0.0
2026-08-18T04:00,0.02
2026-08-18T04:15,0.01
2026-08-18T04:30,0.0
2026-08-18T04:45,0.0
2026-08-18T05:00,0.0
2026-08-18T05:45,0.0
2026-08-18T06:15,0.0
2026-08-18T06:30,0.0
2026-08-18T06:45,0.04
2026-08-18T07:00,0.0
2026-08-18T07:15,0.0
2026-08-18T07:30,0.0
2026-08-18T07:45,0.0
2026-08-18T08:00,0.0
2026-08-18T08:15,0.01
2026-08-18T08:30,0.01
2026-08-18T08:45,0.01
2026-08-18T09:00,0.01
2026-08-18T09:15,0.02
2026-08-18T09:30,0.0
2026-08-18T09:45,0.0
2026-08-18T10:00,0.04
2026-08-18T10:15,0.0
2026-08-18T10:30,0.0
2026-08-18T12:30,0.0
2026-08-18T13:45,0.0
2026-08-18T14:45,0.0
2026-08-18T15:45,0.0
2026-08-18T16:30,0.0
2026-08-18T19:15,0.0
2026-08-18T19:30,0.0
2026-08-18T19:45,0.01
2026-08-18T20:30,0.01
2026-08-18T21:00,0.02
2026-08-18T21:15,0.0
2026-08-18T21:30,0.0
2026-08-18T22:00,0.01
2026-08-18T22:15,0.0
2026-08-18T22:45,0.0
2026-08-18T23:00,0.02
2026-08-18T23:15,0.0
2026-08-18T23:30,0.0
2026-08-18T23:45,0.01
2026-08-19T00:00,0.0
2026-08-19T00:15,0.0
2026-08-19T00:30,0.0
2026-08-19T00:45,0.0
2026-08-19T01:00,0.0
2026-08-19T01:30,0.0
2026-08-19T02:30,0.0
2026-08-19T03:45,0.0
2026-08-19T04:15,0.0
2026-08-19T05:15,0.0
2026-08-19T06:00,0.0
2026-08-19T06:30,0.0
2026-08-19T07:00,0.0
2026-08-19T07:15,0.0
2026-08-19T07:30,0.0
2026-08-19T07:45,0.0
2026-08-19T08:00,0.0
2026-08-19T08:15,0.0
2026-08-19T08:30,0.0
2026-08-19T08:45,0.0
2026-08-19T09:00,0.0
2026-08-19T09:15,0.01
2026-08-19T09:30,0.0
2026-08-19T09:45,0.0
2026-08-19T10:30,0.0
2026-08-19T11:00,0.0
2026-08-19T11:30,0.0
2026-08-19T11:45,0.01
2026-08-19T12:00,0.0
2026-08-19T12:15,0.0
2026-08-19T12:30,0.0
2026-08-19T12:45,0.16
2026-08-19T13:15,0.0
2026-08-19T13:30,0.0
2026-08-19T14:00,0.0
2026-08-19T15:00,0.0
2026-08-19T15:30,0.01
2026-08-19T16:00,0.0
2026-08-19T16:30,0.01
2026-08-19T16:45,0.0
2026-08-19T17:00,0.0
2026-08-19T17:15,0.0
2026-08-19T18:00,0.0
2026-08-19T21:45,0.0
2026-08-19T22:00,0.0
2026-08-19T22:15,0.01
2026-08-19T23:00,0.0
2026-08-20T00:30,0.0
2026-08-20T00:45,0.04
2026-08-20T01:15,0.0
2026-08-20T01:30,0.0
2026-08-20T01:45,0.0
2026-08-20T02:00,0.02
2026-08-20T02:15,0.01
2026-08-20T02:45,0.01
2026-08-20T03:00,0.02
2026-08-20T03:15,0.09
2026-08-20T03:30,0.02
2026-08-20T03:45,0.0
2026-08-20T04:00,0.0
2026-08-20T04:15,0.01
2026-08-20T04:30,0.02
2026-08-20T04:45,0.06
2026-08-20T05:00,0.02
2026-08-20T05:15,0.02
2026-08-20T05:30,0.09
2026-08-20T05:45,0.0
2026-08-20T06:00,0.0
2026-08-20T06:15,0.04
2026-08-20T06:30,0.02
2026-08-20T06:45,0.02
2026-08-20T07:00,0.01
2026-08-20T07:15,0.02
2026-08-20T07:30,0.0
2026-08-20T07:45,0.0
2026-08-20T08:00,0.0
2026-08-20T08:15,0.0
2026-08-20T08:30,0.0
2026-08-20T08:45,0.0
2026-08-20T09:00,0.01
2026-08-20T09:15,0.0
2026-08-20T09:30,0.0
2026-08-20T09:45,0.0
2026-08-20T10:00,0.01
2026-08-20T10:15,0.01
2026-08-20T10:30,0.0
2026-08-20T10:45,0.0
2026-08-20T11:00,0.0
2026-08-20T11:15,0.0
2026-08-20T11:30,0.0
2026-08-20T11:45,0.0
2026-08-20T12:00,0.0
2026-08-20T12:15,0.0
2026-08-20T12:30,0.0
2026-08-20T12:45,0.0
2026-08-20T13:00,0.0
2026-08-20T13:15,0.01
2026-08-20T13:30,0.0
2026-08-20T13:45,0.0
2026-08-20T14:00,0.01
2026-08-20T14:15,0.01
2026-08-20T14:30,0.0
2026-08-20T14:45,0.0
2026-08-20T15:00,0.01
2026-08-20T15:15,0.0
2026-08-20T15:30,0.01
2026-08-20T15:45,0.01
2026-08-20T16:00,0.01
2026-08-20T16:15,0.0
2026-08-20T16:30,0.01
2026-08-20T16:45,0.0
2026-08-20T17:00,0.0
2026-08-20T17:15,0.0
2026-08-20T17:30,0.01
2026-08-20T17:45,0.01
2026-08-20T18:00,0.0
2026-08-20T18:15,0.0
2026-08-20T18:45,0.0
2026-08-20T19:00,0.0
2026-08-20T19:15,0.0
2026-08-20T19:30,0.0
2026-08-20T19:45,0.0
2026-08-20T20:00,0.0
2026-08-20T20:15,0.0
2026-08-20T20:30,0.0
2026-08-20T20:45,0.0
2026-08-20T21:00,0.04
2026-08-20T21:15,0.0
2026-08-20T21:30,0.0
2026-08-20T21:45,0.0
2026-08-20T22:00,0.01
2026-08-20T22:15,0.0
2026-08-20T22:30,0.0
2026-08-20T22:45,0.0
2026-08-20T23:00,0.0
2026-08-20T23:15,0.0
2026-08-20T23:30,0.0
2026-08-20T23:45,0.0
2026-08-21T00:00,0.0
2026-08-21T00:15,0.0
2026-08-21T00:30,0.0
2026-08-21T00:45,0.0
2026-08-21T01:00,0.0
2026-08-21T01:15,0.01
2026-08-21T01:30,0.01
2026-08-21T01:45,0.01
2026-08-21T02:00,0.02
2026-08-21T02:15,0.01
2026-08-21T02:30,0.01
2026-08-21T02:45,0.0
2026-08-21T03:00,0.01
2026-08-21T03:15,0.01
2026-08-21T03:30,0.01
2026-08-21T03:45,0.01
2026-08-21T04:00,0.01
2026-08-21T04:15,0.01
2026-08-21T04:30,0.0
2026-08-21T04:45,0.01
2026-08-21T05:00,0.02
2026-08-21T05:15,0.01
2026-08-21T05:30,0.01
2026-08-21T05:45,0.01
2026-08-21T06:00,0.01
2026-08-21T06:15,0.01
2026-08-21T06:30,0.0
2026-08-21T06:45,0.0
2026-08-21T07:00,0.0
2026-08-21T07:15,0.01
2026-08-21T07:30,0.0
2026-08-21T07:45,0.0
2026-08-21T08:30,0.0
2026-08-21T08:45,0.0
2026-08-21T09:00,0.01
2026-08-21T09:15,0.01
2026-08-21T09:30,0.01
2026-08-21T09:45,0.0
2026-08-21T10:00,0.06
2026-08-21T10:15,0.04
2026-08-21T10:30,0.0
2026-08-21T10:45,0.04
2026-08-21T11:00,0.02
2026-08-21T11:15,0.0
2026-08-21T11:30,0.29
2026-08-21T12:00,1.96
2026-08-21T12:15,0.16
2026-08-21T12:30,0.61
2026-08-21T12:45,0.47
2026-08-21T13:00,0.4
2026-08-21T13:15,0.54
2026-08-21T13:30,0.16
2026-08-21T13:45,0.61
2026-08-21T14:00,0.35
2026-08-21T14:15,0.16
2026-08-21T14:30,0.24
2026-08-21T14:45,16.3
2026-08-21T15:00,0.01
2026-08-21T15:15,0.24
2026-08-21T15:30,0.04
2026-08-21T16:30,0.01
2026-08-21T16:45,0.06
2026-08-21T17:00,0.12
2026-08-21T17:15,0.06
2026-08-21T17:30,0.02
2026-08-21T17:45,0.29
2026-08-21T18:00,0.01
2026-08-21T18:15,0.09
2026-08-21T18:30,0.06
2026-08-21T18:45,0.0
2026-08-21T19:00,0.0
2026-08-21T19:15,0.04
2026-08-21T19:30,0.09
2026-08-21T19:45,0.01
2026-08-21T20:00,0.02
2026-08-21T20:15,0.02
2026-08-21T20:30,0.02
2026-08-21T20:45,0.01
2026-08-21T21:00,0.02
2026-08-21T21:15,0.02
2026-08-21T21:30,0.01
2026-08-21T21:45,0.01
2026-08-21T22:00,0.01
2026-08-21T22:15,0.01
2026-08-21T22:30,0.01
2026-08-21T22:45,0.01
2026-08-21T23:00,0.01
2026-08-21T23:15,0.02
2026-08-21T23:30,0.02
2026-08-21T23:45,0.0
2026-08-22T00:00,0.01
2026-08-22T00:15,0.02
2026-08-22T00:30,0.01
2026-08-22T00:45,0.02
2026-08-22T01:00,0.01
2026-08-22T01:15,0.01
2026-08-22T01:30,0.01
2026-08-22T01:45,0.02
2026-08-22T02:00,0.02
2026-08-22T02:15,0.01
2026-08-22T02:30,0.01
2026-08-22T02:45,0.0
2026-08-22T03:00,0.01
2026-08-22T03:15,0.0
2026-08-22T03:30,0.01
2026-08-22T03:45,0.01
2026-08-22T04:00,0.01
2026-08-22T04:15,0.01
2026-08-22T04:30,0.01
2026-08-22T04:45,0.01
2026-08-22T05:00,0.01
2026-08-22T05:15,0.01
2026-08-22T05:30,0.0
2026-08-22T05:45,0.01
2026-08-22T06:00,0.01
2026-08-22T06:15,0.0
2026-08-22T06:30,0.0
2026-08-22T06:45,0.01
2026-08-22T07:00,0.01
2026-08-22T07:15,0.01
2026-08-22T07:30,0.0
2026-08-22T07:45,0.0
2026-08-22T08:00,0.0
2026-08-22T08:15,0.0
2026-08-22T08:30,0.0
2026-08-22T08:45,0.04
2026-08-22T09:00,0.0
2026-08-22T09:15,0.0
2026-08-22T09:45,0.0
2026-08-22T10:45,0.0
2026-08-22T11:00,0.0
2026-08-22T11:15,0.0
2026-08-22T11:45,0.0
2026-08-22T12:00,0.0
2026-08-22T12:30,0.09
2026-08-22T13:00,0.06
2026-08-22T13:15,0.16
2026-08-22T13:30,0.0
2026-08-22T18:45,0.0
2026-08-22T19:00,0.0
2026-08-22T19:15,0.0
2026-08-22T19:45,0.0
2026-08-22T20:15,0.0
2026-08-23T01:00,0.02
2026-08-23T01:15,0.0
2026-08-23T01:30,0.0
2026-08-23T01:45,0.0
2026-08-23T02:00,0.0
2026-08-23T02:15,0.01
2026-08-23T02:30,0.01
2026-08-23T02:45,0.02
2026-08-23T03:00,0.01
2026-08-23T03:15,0.0
2026-08-23T03:30,0.0
2026-08-23T03:45,0.01
2026-08-23T04:00,0.0
2026-08-23T04:15,0.01
2026-08-23T04:30,0.01
2026-08-23T04:45,0.0
2026-08-23T05:00,0.01
2026-08-23T05:15,0.0
2026-08-23T05:30,0.01
2026-08-23T05:45,0.01
2026-08-23T06:15,0.0
2026-08-23T06:30,0.0
2026-08-23T06:45,0.0
2026-08-23T07:00,0.0
2026-08-23T07:15,0.0
2026-08-23T07:30,0.0
2026-08-23T07:45,0.0
2026-08-23T08:00,0.0
2026-08-23T08:15,0.0
2026-08-23T08:30,0.01
2026-08-23T08:45,0.0
2026-08-23T09:00,0.0
2026-08-23T09:15,0.0
2026-08-23T09:30,0.0
2026-08-23T10:00,0.0
2026-08-23T11:15,0.0
2026-08-23T12:45,0.02
2026-08-23T14:45,0.0
2026-08-23T18:30,0.0
2026-08-23T19:15,0.0
2026-08-23T19:30,0.0
2026-08-23T19:45,0.0
2026-08-23T20:00,0.0
2026-08-23T20:15,0.0
2026-08-23T20:30,0.0
2026-08-23T20:45,0.0
2026-08-23T21:00,0.0
2026-08-23T21:15,0.0
2026-08-23T21:30,0.0
2026-08-23T21:45,0.01
2026-08-23T22:15,0.0
2026-08-23T22:45,0.0
2026-08-24T00:00,0.0
2026-08-24T01:45,0.0
2026-08-24T03:15,0.0
2026-08-24T03:30,1.35
2026-08-24T04:00,0.0
2026-08-24T04:45,0.0
2026-08-24T05:00,0.0
2026-08-24T05:30,0.0
2026-08-24T05:45,0.0
2026-08-24T06:00,0.0
2026-08-24T06:15,0.0
2026-08-24T06:30,0.02
2026-08-24T06:45,0.0
2026-08-24T07:00,0.0
2026-08-24T07:15,0.0
2026-08-24T07:30,0.02
2026-08-24T07:45,0.04
2026-08-24T08:00,0.04
2026-08-24T08:15,0.04
2026-08-24T08:30,0.06
2026-08-24T08:45,0.02
2026-08-24T09:00,0.0
2026-08-24T09:15,0.04
2026-08-24T09:30,0.0
2026-08-24T10:15,0.0
2026-08-24T10:30,0.0
2026-08-24T10:45,0.0
2026-08-24T11:15,0.0
2026-08-24T12:15,0.02
2026-08-24T12:45,0.0
2026-08-24T15:00,0.0
2026-08-24T16:15,0.0
2026-08-24T19:15,0.0
2026-08-24T19:30,0.0
2026-08-24T19:45,0.0
2026-08-24T20:15,0.0
2026-08-24T20:30,0.01
2026-08-24T20:45,0.0
2026-08-24T21:00,0.01
2026-08-24T21:15,0.0
2026-08-24T21:30,0.0
2026-08-24T21:45,0.0
2026-08-24T22:00,0.0
2026-08-24T22:15,0.01
2026-08-24T22:45,0.0
2026-08-24T23:00,0.0
2026-08-24T23:30,0.0
2026-08-25T02:15,0.0
2026-08-25T02:30,0.04
2026-08-25T03:00,0.0
2026-08-25T03:15,0.0
2026-08-25T03:30,0.0
2026-08-25T03:45,0.0
2026-08-25T04:00,0.0
2026-08-25T04:15,0.0
2026-08-25T04:30,0.0
2026-08-25T04:45,0.0
2026-08-25T05:00,0.0
2026-08-25T05:15,0.09
2026-08-25T05:30,0.0
2026-08-25T05:45,0.01
2026-08-25T06:00,0.01
2026-08-25T06:15,0.02
2026-08-25T06:30,0.01
2026-08-25T06:45,0.0
2026-08-25T07:00,0.01
2026-08-25T07:15,0.0
2026-08-25T07:30,0.0
2026-08-25T07:45,0.0
2026-08-25T08:00,0.0
2026-08-25T08:15,0.01
2026-08-25T08:30,0.01
2026-08-25T08:45,0.0
2026-08-25T09:00,0.0
2026-08-25T09:15,0.0
2026-08-25T09:30,0.0
2026-08-25T09:45,0.01
2026-08-25T10:00,0.0
2026-08-25T10:15,0.0
2026-08-25T10:30,0.0
2026-08-25T10:45,0.0
2026-08-25T11:00,0.0
2026-08-25T11:15,0.01
2026-08-25T11:30,0.0
2026-08-25T11:45,0.0
2026-08-25T12:00,0.0
2026-08-25T12:15,0.0
2026-08-25T13:00,0.0
2026-08-25T13:30,0.0
2026-08-25T15:15,0.0
2026-08-25T16:00,0.0
2026-08-25T16:15,0.0
2026-08-25T16:30,0.0
2026-08-25T16:45,0.0
2026-08-25T17:00,0.0
2026-08-25T17:15,0.0
2026-08-25T17:30,0.0
2026-08-25T19:00,0.0
2026-08-25T19:15,0.0
2026-08-25T19:30,0.0
2026-08-25T19:45,0.0
2026-08-25T20:00,0.0
2026-08-25T20:15,0.0
2026-08-25T20:30,0.0
2026-08-25T20:45,0.0
2026-08-25T21:00,0.0
2026-08-25T21:30,0.0
2026-08-25T21:45,0.0
2026-08-25T22:00,0.0
2026-08-25T22:30,0.0
2026-08-25T23:00,0.02
2026-08-25T23:30,0.0
2026-08-25T23:45,0.0
2026-08-26T00:00,0.0
2026-08-26T00:15,0.0
2026-08-26T00:30,0.0
2026-08-26T00:45,0.0
2026-08-26T01:00,0.0
2026-08-26T01:15,0.01
2026-08-26T01:30,0.0
2026-08-26T02:00,0.0
2026-08-26T02:15,0.0
2026-08-26T02:30,0.0
2026-08-26T02:45,0.01
2026-08-26T03:00,0.01
2026-08-26T03:15,0.0
2026-08-26T03:30,0.02
2026-08-26T03:45,0.0
2026-08-26T04:00,0.0
2026-08-26T04:15,0.0
2026-08-26T04:30,0.0
2026-08-26T04:45,0.0
2026-08-26T05:00,0.0
2026-08-26T05:15,0.0
2026-08-26T05:30,0.0
2026-08-26T05:45,0.0
2026-08-26T06:00,0.0
2026-08-26T06:15,0.0
2026-08-26T06:30,0.0
2026-08-26T06:45,0.0
2026-08-26T07:00,0.0
2026-08-26T07:15,0.0
2026-08-26T07:30,0.0
2026-08-26T07:45,0.01
2026-08-26T08:00,0.01
2026-08-26T08:15,0.0
2026-08-26T08:30,0.01
2026-08-26T08:45,0.0
2026-08-26T09:00,0.0
2026-08-26T09:15,0.0
2026-08-26T09:30,0.0
2026-08-26T09:45,0.01
2026-08-26T10:00,0.0
2026-08-26T10:30,0.0
2026-08-26T10:45,0.04
2026-08-26T11:15,0.0
2026-08-26T11:45,0.0
2026-08-26T13:00,0.0
2026-08-26T13:30,0.0
2026-08-26T13:45,0.0
2026-08-26T14:15,0.0
2026-08-26T16:00,0.0
2026-08-26T16:45,0.0
2026-08-26T17:00,0.0
2026-08-26T17:15,0.0
2026-08-26T17:30,0.01
2026-08-26T17:45,0.0
2026-08-26T18:00,0.0
2026-08-26T18:15,0.0
2026-08-26T18:30,0.0
2026-08-26T18:45,0.0
2026-08-26T19:00,0.0
2026-08-26T19:15,0.0
2026-08-26T19:30,0.02
2026-08-26T19:45,0.0
2026-08-26T20:00,0.0
2026-08-26T20:15,0.0
2026-08-26T20:30,0.0
2026-08-26T20:45,0.24
2026-08-26T21:00,0.0
2026-08-26T21:15,0.0
2026-08-26T21:30,0.0
2026-08-26T21:45,0.0
2026-08-26T22:00,0.04
2026-08-26T22:15,0.02
2026-08-26T23:00,0.0
2026-08-27T00:15,0.0
2026-08-27T00:30,0.0
2026-08-27T00:45,0.0
2026-08-27T01:30,0.0
2026-08-27T02:00,0.0
2026-08-27T02:15,0.0
2026-08-27T02:45,0.0
2026-08-27T03:00,0.0
2026-08-27T03:15,0.0
2026-08-27T03:30,0.0
2026-08-27T03:45,0.0
2026-08-27T04:00,0.0
2026-08-27T04:15,0.0
2026-08-27T04:30,0.0
2026-08-27T04:45,0.0
2026-08-27T05:00,0.0
2026-08-27T05:15,0.01
2026-08-27T05:30,0.0
2026-08-27T05:45,0.0
2026-08-27T06:00,0.0
2026-08-27T06:15,0.0
2026-08-27T06:30,0.0
2026-08-27T07:00,0.0
2026-08-27T07:15,0.0
2026-08-27T07:30,0.02
2026-08-27T07:45,0.01
2026-08-27T08:00,0.04
2026-08-27T08:15,0.02
2026-08-27T08:30,0.01
2026-08-27T08:45,0.0
2026-08-27T09:00,0.0
2026-08-27T09:15,0.0
2026-08-27T09:30,0.0
2026-08-27T09:45,0.0
2026-08-27T10:15,0.0
2026-08-27T10:45,0.0
2026-08-27T11:45,0.61
2026-08-27T12:15,0.0
2026-08-27T15:00,0.0
2026-08-27T15:15,0.02
2026-08-27T16:00,0.01
2026-08-27T16:45,0.0
2026-08-27T17:00,0.04
2026-08-27T17:15,0.0
2026-08-27T17:30,0.09
2026-08-27T18:15,0.0
2026-08-27T18:30,0.0
2026-08-27T18:45,0.0
2026-08-27T19:30,0.0
2026-08-27T20:00,0.16
2026-08-27T20:15,0.0
2026-08-27T20:30,0.01
2026-08-27T20:45,0.0
2026-08-27T21:15,0.0
2026-08-27T21:30,0.0
2026-08-27T21:45,0.0
2026-08-27T22:30,0.01
2026-08-27T23:00,0.02
2026-08-27T23:15,0.0
2026-08-28T00:30,0.06
2026-08-28T00:45,0.0
2026-08-28T01:00,0.0
2026-08-28T01:30,0.0
2026-08-28T02:00,0.01
2026-08-28T02:30,0.0
2026-08-28T02:45,0.0
2026-08-28T04:30,0.0
2026-08-28T04:45,0.0
2026-08-28T05:00,0.0
2026-08-28T05:15,0.0
2026-08-28T05:45,0.0
2026-08-28T06:00,0.0
2026-08-28T06:15,0.0
2026-08-28T06:30,0.0
2026-08-28T06:45,0.0
2026-08-28T07:00,0.0
2026-08-28T07:15,0.01
2026-08-28T07:30,0.04
2026-08-28T07:45,0.0
2026-08-28T08:00,0.02
2026-08-28T08:15,0.02
2026-08-28T08:30,0.04
2026-08-28T08:45,0.54
2026-08-28T09:00,0.0
2026-08-28T09:15,0.0
2026-08-28T09:30,0.06
2026-08-28T09:45,0.0
2026-08-28T10:00,0.0
2026-08-28T10:30,0.0
2026-08-28T10:45,0.01
2026-08-28T11:00,0.01
2026-08-28T11:30,0.0
2026-08-28T12:15,0.94
2026-08-28T12:45,0.02
2026-08-28T13:00,0.01
2026-08-28T13:30,0.0
2026-08-28T13:45,0.01
2026-08-28T14:00,0.0
2026-08-28T14:15,0.0
2026-08-28T14:45,0.0
2026-08-28T15:00,0.0
2026-08-28T15:15,0.0
2026-08-28T15:30,0.0
2026-08-28T15:45,0.0
2026-08-28T16:15,0.0
2026-08-28T16:45,0.0
2026-08-28T18:00,0.01
2026-08-28T18:15,0.0
2026-08-28T19:30,0.01
2026-08-28T20:00,0.0
2026-08-28T20:15,0.0
2026-08-28T20:45,0.0
2026-08-28T21:00,0.01
2026-08-28T21:15,0.01
2026-08-28T21:30,0.02
2026-08-28T21:45,0.0
2026-08-28T22:00,0.69
2026-08-28T22:15,0.01
2026-08-28T22:30,0.0
2026-08-28T22:45,0.01
2026-08-28T23:00,0.02
2026-08-28T23:15,0.04
2026-08-28T23:30,0.04
2026-08-28T23:45,0.0
2026-08-29T00:00,0.24
2026-08-29T00:15,0.0
2026-08-29T01:00,0.0
2026-08-29T01:45,0.0
2026-08-29T04:30,0.0
2026-08-29T05:15,0.0
2026-08-29T05:30,0.0
2026-08-29T06:00,0.0
2026-08-29T06:15,0.0
2026-08-29T06:45,0.0
2026-08-29T07:00,0.0
2026-08-29T07:30,0.0
2026-08-29T07:45,0.01
2026-08-29T08:00,0.0
2026-08-29T08:15,0.02
2026-08-29T08:30,0.0
2026-08-29T08:45,0.0
2026-08-29T09:15,0.0
2026-08-29T09:30,0.0
2026-08-29T09:45,0.0
2026-08-29T10:00,0.0
2026-08-29T12:00,0.0
2026-08-29T12:15,0.0
2026-08-29T12:30,0.0
2026-08-29T14:00,0.0
2026-08-29T14:15,0.04
2026-08-29T14:45,0.0
2026-08-29T15:00,0.01
2026-08-29T18:15,0.0
2026-08-29T18:45,0.01
2026-08-29T19:00,0.0
2026-08-29T19:45,0.0
2026-08-29T20:00,0.0
2026-08-29T20:15,0.0
2026-08-29T20:30,0.0
2026-08-29T20:45,0.0
2026-08-29T21:00,0.0
2026-08-29T21:15,0.0
2026-08-29T21:30,0.0
2026-08-29T22:15,0.01
2026-08-29T23:30,0.0
2026-08-30T03:30,0.0
2026-08-30T04:00,0.0
2026-08-30T04:15,0.0
2026-08-30T04:30,0.01
2026-08-30T04:45,0.0
2026-08-30T05:00,0.0
2026-08-30T05:15,0.0
2026-08-30T05:30,0.0
2026-08-30T05:45,0.0
2026-08-30T06:00,0.0
2026-08-30T06:30,0.0
2026-08-30T06:45,0.0
2026-08-30T07:00,0.0
2026-08-30T07:15,0.0
2026-08-30T08:00,0.0
2026-08-30T08:15,0.0
2026-08-30T08:30,0.0
2026-08-30T09:00,0.04
2026-08-30T09:15,0.0
2026-08-30T09:30,0.0
2026-08-30T09:45,0.01
2026-08-30T10:00,0.0
2026-08-30T10:15,0.0
2026-08-30T10:30,0.02
2026-08-30T10:45,0.0
2026-08-30T11:00,0.01
2026-08-30T11:15,0.02
2026-08-30T13:00,0.0
2026-08-30T15:30,0.02
2026-08-30T16:00,0.0
2026-08-30T16:30,0.4
2026-08-30T16:45,0.54
2026-08-30T17:00,0.61
2026-08-30T19:00,0.0
2026-08-30T19:15,0.0
2026-08-30T19:30,0.0
2026-08-30T20:15,0.0
2026-08-30T20:45,0.0
2026-08-30T21:45,0.0
2026-08-30T22:15,0.02
2026-08-30T22:45,0.16
2026-08-30T23:00,0.01
2026-08-31T00:30,0.0
2026-08-31T00:45,0.01
2026-08-31T01:00,0.0
2026-08-31T02:00,0.0
2026-08-31T02:30,0.0
2026-08-31T02:45,0.0
2026-08-31T03:15,0.0
2026-08-31T04:00,0.01
2026-08-31T04:15,0.0
2026-08-31T04:30,0.0
2026-08-31T04:45,0.0
2026-08-31T05:00,0.0
2026-08-31T05:15,0.0
2026-08-31T05:30,0.0
2026-08-31T05:45,0.02
2026-08-31T06:15,0.0
2026-08-31T07:00,0.0
2026-08-31T07:15,0.0
2026-08-31T07:30,0.0
2026-08-31T07:45,0.0
2026-08-31T08:00,0.0
2026-08-31T09:30,0.0
2026-08-31T11:15,0.06
2026-08-31T11:45,0.0
2026-08-31T12:00,0.0
2026-08-31T12:30,0.0
2026-08-31T13:30,0.0
2026-08-31T13:45,0.0
2026-08-31T14:45,0.0
2026-08-31T15:15,0.0
2026-08-31T17:15,0.0
2026-08-31T18:30,0.06
2026-08-31T18:45,0.0
2026-08-31T19:45,0.02
2026-08-31T20:15,0.04
2026-08-31T20:30,0.0
2026-08-31T20:45,0.0
2026-08-31T21:00,0.01
2026-08-31T21:15,0.0
2026-08-31T21:30,0.0
2026-08-31T21:45,0.0
2026-08-31T22:00,0.01
2026-08-31T22:15,0.0
2026-08-31T22:45,0.0
2026-08-31T23:15,0.0
2026-08-31T23:30,0.0
2026-09-01T00:45,0.0
2026-09-01T01:15,0.0
2026-09-01T01:30,0.0
2026-09-01T04:30,0.0
2026-09-01T05:15,0.24
2026-09-01T05:30,0.04
2026-09-01T06:15,0.01
2026-09-01T08:00,0.0
2026-09-01T08:15,0.01
2026-09-01T08:30,0.0
2026-09-01T08:45,0.0
2026-09-01T09:00,0.0
2026-09-01T09:15,0.0
2026-09-01T09:30,0.0
2026-09-01T12:45,0.0
2026-09-01T13:15,0.0
2026-09-01T14:15,0.0
2026-09-01T15:30,0.0
2026-09-01T16:15,0.04
2026-09-01T16:45,0.02
2026-09-01T17:00,0.0
2026-09-01T17:15,0.0
2026-09-01T17:30,0.54
2026-09-01T18:15,0.01
2026-09-01T19:00,0.0
2026-09-01T19:15,0.04
2026-09-01T19:30,0.0
2026-09-01T19:45,0.04
2026-09-01T20:00,0.06
2026-09-01T20:15,0.12
2026-09-01T20:30,0.01
2026-09-01T21:00,0.01
2026-09-01T21:15,0.02
2026-09-01T21:30,0.01
2026-09-01T22:00,0.0
2026-09-01T22:15,0.0
2026-09-01T23:00,0.12
2026-09-01T23:15,0.16
2026-09-01T23:45,0.06
2026-09-02T00:00,0.2
2026-09-02T00:15,0.06
2026-09-02T00:30,0.24
2026-09-02T00:45,0.04
2026-09-02T01:00,0.06
2026-09-02T01:15,0.0
2026-09-02T02:00,0.01
2026-09-02T02:45,0.01
2026-09-02T04:15,0.04
2026-09-02T06:45,0.0
2026-09-02T07:00,0.01
2026-09-02T07:15,0.09
2026-09-02T07:30,0.02
2026-09-02T07:45,0.12
2026-09-02T08:00,0.04
2026-09-02T08:30,0.0
2026-09-02T09:00,0.4
2026-09-02T09:30,0.02
2026-09-02T09:45,0.12
2026-09-02T10:15,0.0
2026-09-02T10:45,0.0
2026-09-02T12:00,0.69
2026-09-02T12:15,0.0
2026-09-02T13:15,0.94
2026-09-02T15:15,0.24
2026-09-02T16:45,0.09
2026-09-02T18:15,0.01
2026-09-02T19:00,0.0
2026-09-02T19:15,0.16
2026-09-02T19:30,0.0
2026-09-02T21:30,0.01
2026-09-02T21:45,0.0
2026-09-02T22:00,0.0
2026-09-03T00:00,0.0
2026-09-03T00:15,0.0
2026-09-03T00:30,0.0
2026-09-03T00:45,0.0
2026-09-03T01:00,0.01
2026-09-03T01:15,0.0
2026-09-03T01:30,0.0
2026-09-03T01:45,0.0
2026-09-03T02:15,0.0
2026-09-03T02:45,0.02
2026-09-03T03:00,0.09
2026-09-03T03:15,0.0
2026-09-03T03:30,0.0
2026-09-03T03:45,0.09
2026-09-03T04:00,0.0
2026-09-03T04:15,0.01
2026-09-03T04:30,0.01
2026-09-03T04:45,0.0
2026-09-03T05:00,0.12
2026-09-03T05:15,0.01
2026-09-03T05:30,0.0
2026-09-03T05:45,0.0
2026-09-03T06:00,0.04
2026-09-03T06:15,0.0
2026-09-03T06:30,0.0
2026-09-03T06:45,0.0
2026-09-03T07:00,0.01
2026-09-03T07:15,0.16
2026-09-03T07:30,0.0
2026-09-03T08:00,0.0
2026-09-03T08:15,0.0
2026-09-03T08:30,0.0
2026-09-03T09:00,0.0
2026-09-03T11:30,0.02
2026-09-03T12:00,0.0
2026-09-03T12:30,0.04
2026-09-03T12:45,0.0
2026-09-03T13:00,0.0
2026-09-03T13:45,0.0
2026-09-03T16:45,0.0
2026-09-03T20:15,0.0
2026-09-03T20:30,0.29
2026-09-03T20:45,0.0
2026-09-03T21:00,0.0
2026-09-03T21:15,0.0
2026-09-03T21:45,0.2
2026-09-03T22:00,0.0
2026-09-03T22:15,0.0
2026-09-03T23:45,0.0
2026-09-04T01:15,0.01
2026-09-04T02:15,0.0
2026-09-04T03:00,0.0
2026-09-04T03:30,0.0
2026-09-04T03:45,0.0
2026-09-04T04:00,0.0
2026-09-04T04:30,0.0
2026-09-04T04:45,0.0
2026-09-04T05:00,0.0
2026-09-04T05:15,0.0
2026-09-04T05:30,0.0
2026-09-04T05:45,0.0
2026-09-04T06:00,0.0
2026-09-04T06:15,0.0
2026-09-04T06:30,0.09
2026-09-04T06:45,0.04
2026-09-04T07:00,0.01
2026-09-04T07:15,0.09
2026-09-04T07:30,0.0
2026-09-04T07:45,0.54
2026-09-04T08:00,0.0
2026-09-04T08:15,0.0
2026-09-04T08:30,0.0
2026-09-04T08:45,0.0
2026-09-04T09:00,0.0
2026-09-04T09:15,0.0
2026-09-04T09:30,0.29
2026-09-04T10:00,0.0
2026-09-04T10:15,0.69
2026-09-04T12:30,0.01
2026-09-04T13:00,0.0
2026-09-04T13:45,0.02
2026-09-04T14:00,0.02
2026-09-04T14:15,0.12
2026-09-04T15:45,0.0
2026-09-04T16:30,0.35
2026-09-04T18:45,0.02
2026-09-04T19:30,0.0
2026-09-04T20:00,0.0
2026-09-04T20:15,0.0
2026-09-04T20:45,0.0
2026-09-04T21:45,0.0
2026-09-04T22:00,0.0
2026-09-04T22:15,0.2
2026-09-04T22:30,0.01
2026-09-04T22:45,0.0
2026-09-04T23:00,0.0
2026-09-04T23:15,0.01
2026-09-04T23:30,0.0
2026-09-04T23:45,0.2
2026-09-05T00:30,0.01
2026-09-05T00:45,0.01
2026-09-05T01:00,0.35
2026-09-05T01:15,0.35
2026-09-05T02:30,0.04
2026-09-05T02:45,0.0
2026-09-05T03:00,0.0
2026-09-05T03:45,0.0
2026-09-05T07:30,0.0
2026-09-05T07:45,0.0
2026-09-05T08:00,0.01
2026-09-05T08:15,0.01
2026-09-05T08:30,0.0
2026-09-05T09:00,0.01
2026-09-05T09:15,0.0
2026-09-05T09:30,0.0
2026-09-05T10:00,0.06
2026-09-05T11:00,0.02
2026-09-05T11:45,0.04
2026-09-05T12:00,0.0
2026-09-05T12:30,0.0
2026-09-05T15:45,0.0
2026-09-05T16:15,0.0
2026-09-05T16:30,0.02
2026-09-05T17:00,0.16
2026-09-05T17:15,0.02
2026-09-05T19:00,0.12
2026-09-05T19:15,0.0
2026-09-05T20:00,0.04
