datetime,LIVIDRO
2026-08-06T22:00,0.69
2026-08-07T03:30,0.68
2026-08-07T04:00,0.68
2026-08-07T04:15,0.68
2026-08-07T04:30,0.68
2026-08-07T05:00,0.67
2026-08-07T05:15,0.68
2026-08-07T05:30,0.68
2026-08-07T06:00,0.67
2026-08-07T06:15,0.67
2026-08-07T06:30,0.67
2026-08-07T07:00,0.67
2026-08-07T07:15,0.67
2026-08-07T07:30,0.68
2026-08-07T08:00,0.69
2026-08-07T08:15,0.69
2026-08-07T08:30,0.69
2026-08-07T09:00,0.69
2026-08-07T09:15,0.69
2026-08-07T09:30,0.69
2026-08-07T10:00,0.69
2026-08-07T10:15,0.7
2026-08-07T10:30,0.69
2026-08-07T11:00,0.69
2026-08-07T11:15,0.69
2026-08-07T11:30,0.69
2026-08-07T12:00,0.69
2026-08-07T12:15,0.69
2026-08-07T12:30,0.69
2026-08-07T13:00,0.69
2026-08-07T13:15,0.68
2026-08-07T13:30,0.69
2026-08-07T14:00,0.68
2026-08-07T14:15,0.68
2026-08-07T14:30,0.68
2026-08-07T15:00,0.68
2026-08-07T15:15,0.68
2026-08-07T15:30,0.68
2026-08-07T16:00,0.67
2026-08-07T16:15,0.67
2026-08-07T16:30,0.68
2026-08-07T17:00,0.68
2026-08-07T17:15,0.68
2026-08-07T17:30,0.67
2026-08-07T18:00,0.68
2026-08-07T18:15,0.69
2026-08-07T18:30,0.69
2026-08-07T19:00,0.69
2026-08-07T19:15,0.69
2026-08-07T19:30,0.69
2026-08-07T20:00,0.69
2026-08-07T20:15,0.69
2026-08-07T20:30,0.69
2026-08-07T21:00,0.69
2026-08-07T21:15,0.69
2026-08-07T21:30,0.69
2026-08-07T22:00,0.69
2026-08-08T03:30,0.78
2026-08-08T04:00,0.75
2026-08-08T04:15,0.74
2026-08-08T04:30,0.7
2026-08-08T05:00,0.69
2026-08-08T05:15,0.69
2026-08-08T05:30,0.69
2026-08-08T06:00,0.69
2026-08-08T06:15,0.7
2026-08-08T06:30,0.69
2026-08-08T07:00,0.69
2026-08-08T07:15,0.71
2026-08-08T07:30,0.75
2026-08-08T08:00,0.75
2026-08-08T08:15,0.76
2026-08-08T08:30,0.73
2026-08-08T09:00,0.76
2026-08-08T09:15,0.71
2026-08-08T09:30,0.69
2026-08-08T10:00,0.7
2026-08-08T10:15,0.7
2026-08-08T10:30,0.7
2026-08-08T11:00,0.69
2026-08-08T11:15,0.69
2026-08-08T11:30,0.69
2026-08-08T12:00,0.69
2026-08-08T12:15,0.69
2026-08-08T12:30,0.69
2026-08-08T13:00,0.69
2026-08-08T13:15,0.69
2026-08-08T13:30,0.69
2026-08-08T14:00,0.68
2026-08-08T14:15,0.69
2026-08-08T14:30,0.68
2026-08-08T15:00,0.68
2026-08-08T15:15,0.68
2026-08-08T15:30,0.68
2026-08-08T16:00,0.68
2026-08-08T16:15,0.69
2026-08-08T16:30,0.69
2026-08-08T17:00,0.69
2026-08-08T17:15,0.7
2026-08-08T17:30,0.7
2026-08-08T18:00,0.7
2026-08-08T18:15,0.7
2026-08-08T18:30,0.7
2026-08-08T19:00,0.69
2026-08-08T19:15,0.69
2026-08-08T19:30,0.69
2026-08-08T20:00,0.69
2026-08-08T20:15,0.69
2026-08-08T20:30,0.68
2026-08-08T21:00,0.69
2026-08-08T21:15,0.69
2026-08-08T21:30,0.69
2026-08-08T22:00,0.68
2026-08-09T03:30,0.69
2026-08-09T04:00,0.69
2026-08-09T04:15,0.69
2026-08-09T04:30,0.69
2026-08-09T05:00,0.69
2026-08-09T05:15,0.69
2026-08-09T05:30,0.69
2026-08-09T06:00,0.69
2026-08-09T06:15,0.69
2026-08-09T06:30,0.69
2026-08-09T07:00,0.68
2026-08-09T07:15,0.69
2026-08-09T07:30,0.69
2026-08-09T08:00,0.68
2026-08-09T08:15,0.68
2026-08-09T08:30,0.69
2026-08-09T09:00,0.68
2026-08-09T09:15,0.68
2026-08-09T09:30,0.68
2026-08-09T10:00,0.68
2026-08-09T10:15,0.68
2026-08-09T10:30,0.68
2026-08-09T11:00,0.68
2026-08-09T11:15,0.68
2026-08-09T11:30,0.68
2026-08-09T12:00,0.68
2026-08-09T12:15,0.68
2026-08-09T12:30,0.68
2026-08-09T13:00,0.68
2026-08-09T13:15,0.68
2026-08-09T13:30,0.68
2026-08-09T14:00,0.69
2026-08-09T14:15,0.69
2026-08-09T14:30,0.69
2026-08-09T15:00,0.69
2026-08-09T15:15,0.7
2026-08-09T15:30,0.69
2026-08-09T16:00,0.69
2026-08-09T16:15,0.69
2026-08-09T16:30,0.68
2026-08-09T17:00,0.69
2026-08-09T17:15,0.69
2026-08-09T17:30,0.69
2026-08-09T18:00,0.68
2026-08-09T18:15,0.68
2026-08-09T18:30,0.68
2026-08-09T19:00,0.68
2026-08-09T19:15,0.68
2026-08-09T19:30,0.68
2026-08-09T20:00,0.68
2026-08-09T20:15,0.68
2026-08-09T20:30,0.67
2026-08-09T21:00,0.67
2026-08-09T21:15,0.67
2026-08-09T21:30,0.67
2026-08-09T22:00,0.67
2026-08-10T03:30,0.69
2026-08-10T04:00,0.69
2026-08-10T04:15,0.69
2026-08-10T04:30,0.69
2026-08-10T05:00,0.68
2026-08-10T05:15,0.68
2026-08-10T05:30,0.68
2026-08-10T06:00,0.68
2026-08-10T06:15,0.68
2026-08-10T06:30,0.68
2026-08-10T07:00,0.68
2026-08-10T07:15,0.68
2026-08-10T07:30,0.68
2026-08-10T08:00,0.68
2026-08-10T08:15,0.67
2026-08-10T08:30,0.68
2026-08-10T09:00,0.68
2026-08-10T09:15,0.68
2026-08-10T09:30,0.67
2026-08-10T10:00,0.68
2026-08-10T10:15,0.68
2026-08-10T10:30,0.67
2026-08-10T11:00,0.68
2026-08-10T11:15,0.67
2026-08-10T11:30,0.67
2026-08-10T12:00,0.67
2026-08-10T12:15,0.67
2026-08-10T12:30,0.67
2026-08-10T13:00,0.68
2026-08-10T13:15,0.68
2026-08-10T13:30,0.69
2026-08-10T14:00,0.69
2026-08-10T14:15,0.69
2026-08-10T14:30,0.69
2026-08-10T15:00,0.69
2026-08-10T15:15,0.69
2026-08-10T15:30,0.69
2026-08-10T16:00,0.69
2026-08-10T16:15,0.69
2026-08-10T16:30,0.69
2026-08-10T17:00,0.69
2026-08-10T17:15,0.69
2026-08-10T17:30,0.68
2026-08-10T18:00,0.69
2026-08-10T18:15,0.68
2026-08-10T18:30,0.68
2026-08-10T19:00,0.68
2026-08-10T19:15,0.68
2026-08-10T19:30,0.67
2026-08-10T20:00,0.67
2026-08-10T20:15,0.67
2026-08-10T20:30,0.67
2026-08-10T21:00,0.66
2026-08-10T21:15,0.67
2026-08-10T21:30,0.67
2026-08-10T22:00,0.67
2026-08-11T03:30,0.69
2026-08-11T04:00,0.69
2026-08-11T04:15,0.69
2026-08-11T04:30,0.69
2026-08-11T05:00,0.68
2026-08-11T05:15,0.68
2026-08-11T05:30,0.68
2026-08-11T06:00,0.92
2026-08-11T06:15,0.75
2026-08-11T06:30,0.57
2026-08-11T07:00,0.66
2026-08-11T07:15,0.66
2026-08-11T07:30,0.66
2026-08-11T08:00,0.68
2026-08-11T08:15,0.67
2026-08-11T08:30,0.67
2026-08-11T09:00,0.67
2026-08-11T09:15,0.67
2026-08-11T09:30,0.67
2026-08-11T10:00,0.67
2026-08-11T10:15,0.68
2026-08-11T10:30,0.68
2026-08-11T11:00,0.67
2026-08-11T11:15,0.68
2026-08-11T11:30,0.68
2026-08-11T12:00,0.66
2026-08-11T12:15,0.65
2026-08-11T12:30,0.65
2026-08-11T13:00,0.66
2026-08-11T13:15,0.66
2026-08-11T13:30,0.66
2026-08-11T14:00,0.67
2026-08-11T14:15,0.68
2026-08-11T14:30,0.67
2026-08-11T15:00,0.68
2026-08-11T15:15,0.68
2026-08-11T15:30,0.68
2026-08-11T16:00,0.61
2026-08-11T16:15,0.63
2026-08-11T16:30,0.64
2026-08-11T17:00,0.69
2026-08-11T17:15,0.68
2026-08-11T17:30,0.69
2026-08-11T18:00,0.69
2026-08-11T18:15,0.68
2026-08-11T19:15,0.68
2026-08-11T19:30,0.68
2026-08-11T20:00,0.68
2026-08-11T20:15,0.67
2026-08-11T20:30,0.68
2026-08-11T21:00,0.68
2026-08-11T21:15,0.67
2026-08-11T21:30,0.67
2026-08-11T22:00,0.67
2026-08-12T03:30,0.67
2026-08-12T04:00,0.69
2026-08-12T04:15,0.7
2026-08-12T04:30,0.69
2026-08-12T05:00,0.69
2026-08-12T05:15,0.69
2026-08-12T05:30,0.69
2026-08-12T06:00,0.69
2026-08-12T06:15,0.69
2026-08-12T06:30,0.69
2026-08-12T07:00,0.69
2026-08-12T07:15,0.69
2026-08-12T07:30,0.69
2026-08-12T08:00,0.69
2026-08-12T08:15,0.69
2026-08-12T08:30,0.69
2026-08-12T09:00,0.68
2026-08-12T09:15,0.68
2026-08-12T09:30,0.68
2026-08-12T09:45,0.67
2026-08-12T10:30,0.68
2026-08-12T11:00,0.68
2026-08-12T11:15,0.68
2026-08-12T11:30,0.68
2026-08-12T12:00,0.68
2026-08-12T12:15,0.68
2026-08-12T12:30,0.67
2026-08-12T13:00,0.68
2026-08-12T13:15,0.68
2026-08-12T13:30,0.68
2026-08-12T14:00,0.68
2026-08-12T14:15,0.68
2026-08-12T14:30,0.67
2026-08-12T15:00,0.67
2026-08-12T15:15,0.67
2026-08-12T15:30,0.68
2026-08-12T16:00,0.67
2026-08-12T16:15,0.67
2026-08-12T16:30,0.67
2026-08-12T17:00,0.67
2026-08-12T17:15,0.67
2026-08-12T17:30,0.67
2026-08-12T18:00,0.67
2026-08-12T18:15,0.67
2026-08-12T18:30,0.67
2026-08-12T19:00,0.67
2026-08-12T19:15,0.66
2026-08-12T19:30,0.67
2026-08-12T20:00,0.67
2026-08-12T20:15,0.66
2026-08-12T20:30,0.67
2026-08-12T21:00,0.68
2026-08-12T21:15,0.69
2026-08-12T21:30,0.69
2026-08-12T22:00,0.69
2026-08-13T03:30,0.67
2026-08-13T04:00,0.67
2026-08-13T04:15,0.67
2026-08-13T04:30,0.67
2026-08-13T05:00,0.67
2026-08-13T05:15,0.67
2026-08-13T05:30,0.67
2026-08-13T06:00,0.67
2026-08-13T06:15,0.66
2026-08-13T06:30,0.66
2026-08-13T07:00,0.67
2026-08-13T07:15,0.67
2026-08-13T07:30,0.67
2026-08-13T08:00,0.67
2026-08-13T08:15,0.67
2026-08-13T08:30,0.67
2026-08-13T09:00,0.66
2026-08-13T09:15,0.67
2026-08-13T09:30,0.67
2026-08-13T10:00,0.67
2026-08-13T10:15,0.67
2026-08-13T10:30,0.67
2026-08-13T11:00,0.66
2026-08-13T11:15,0.66
2026-08-13T11:30,0.65
2026-08-13T12:00,0.66
2026-08-13T12:15,0.66
2026-08-13T12:30,0.65
2026-08-13T13:00,0.67
2026-08-13T13:15,0.67
2026-08-13T13:30,0.67
2026-08-13T14:00,0.68
2026-08-13T14:15,0.68
2026-08-13T14:30,0.68
2026-08-13T15:00,0.68
2026-08-13T15:15,0.68
2026-08-13T15:30,0.68
2026-08-13T16:00,0.69
2026-08-13T16:15,0.68
2026-08-13T16:30,0.68
2026-08-13T17:00,0.68
2026-08-13T17:15,0.68
2026-08-13T17:30,0.68
2026-08-13T18:00,0.67
2026-08-13T18:15,0.67
2026-08-13T18:30,0.68
2026-08-13T19:00,0.67
2026-08-13T19:15,0.67
2026-08-13T19:30,0.67
2026-08-13T20:00,0.67
2026-08-13T20:15,0.67
2026-08-13T20:30,0.68
2026-08-13T21:00,0.67
2026-08-13T21:15,0.67
2026-08-13T21:30,0.67
2026-08-13T22:00,0.67
2026-08-14T03:30,0.66
2026-08-14T04:00,0.65
2026-08-14T04:15,0.65
2026-08-14T04:30,0.66
2026-08-14T05:00,0.67
2026-08-14T05:15,0.66
2026-08-14T05:30,0.67
2026-08-14T06:00,0.69
2026-08-14T06:15,0.69
2026-08-14T06:30,0.69
2026-08-14T07:00,0.7
2026-08-14T07:15,0.7
2026-08-14T07:30,0.7
2026-08-14T08:00,0.7
2026-08-14T08:15,0.7
2026-08-14T08:30,0.69
2026-08-14T09:00,0.68
2026-08-14T09:15,0.68
2026-08-14T09:30,0.68
2026-08-14T10:00,0.69
2026-08-14T10:15,0.69
2026-08-14T10:30,0.69
2026-08-14T11:00,0.68
2026-08-14T11:15,0.67
2026-08-14T11:30,0.68
2026-08-14T12:00,0.67
2026-08-14T12:15,0.68
2026-08-14T12:30,0.68
2026-08-14T13:00,0.68
2026-08-14T13:15,0.67
2026-08-14T13:30,0.68
2026-08-14T14:00,0.67
2026-08-14T14:15,0.68
2026-08-14T14:30,0.68
2026-08-14T15:00,0.68
2026-08-14T15:15,0.68
2026-08-14T15:30,0.67
2026-08-14T16:00,0.67
2026-08-14T16:15,0.67
2026-08-14T16:30,0.67
2026-08-14T17:00,0.67
2026-08-14T17:15,0.67
2026-08-14T17:30,0.67
2026-08-14T18:00,0.67
2026-08-14T18:15,0.67
2026-08-14T18:30,0.67
2026-08-14T19:00,0.67
2026-08-14T19:15,0.66
2026-08-14T19:30,0.66
2026-08-14T20:00,0.66
2026-08-14T20:15,0.66
2026-08-14T20:30,0.66
2026-08-14T21:00,0.67
2026-08-14T21:15,0.67
2026-08-14T21:30,0.66
2026-08-14T22:00,0.66
2026-08-15T03:30,0.69
2026-08-15T04:00,0.68
2026-08-15T04:15,0.68
2026-08-15T04:30,0.68
2026-08-15T05:00,0.68
2026-08-15T05:15,0.68
2026-08-15T05:30,0.68
2026-08-15T06:00,0.68
2026-08-15T06:15,0.68
2026-08-15T06:30,0.68
2026-08-15T07:00,0.67
2026-08-15T07:15,0.67
2026-08-15T07:30,0.67
2026-08-15T08:00,0.67
2026-08-15T08:15,0.67
2026-08-15T08:30,0.67
2026-08-15T09:00,0.68
2026-08-15T09:15,0.68
2026-08-15T09:30,0.68
2026-08-15T10:00,0.68
2026-08-15T10:15,0.68
2026-08-15T10:30,0.68
2026-08-15T11:00,0.67
2026-08-15T11:15,0.67
2026-08-15T11:30,0.67
2026-08-15T12:00,0.67
2026-08-15T12:15,0.67
2026-08-15T12:30,0.67
2026-08-15T13:00,0.67
2026-08-15T13:15,0.67
2026-08-15T13:30,0.67
2026-08-15T14:00,0.67
2026-08-15T14:15,0.67
2026-08-15T14:30,0.67
2026-08-15T15:00,0.66
2026-08-15T15:15,0.67
2026-08-15T15:30,0.67
2026-08-15T16:00,0.67
2026-08-15T16:15,0.67
2026-08-15T16:30,0.67
2026-08-15T17:00,0.67
2026-08-15T17:15,0.66
2026-08-15T17:30,0.66
2026-08-15T18:00,0.67
2026-08-15T18:15,0.66
2026-08-15T18:30,0.66
2026-08-15T19:00,0.66
2026-08-15T19:15,0.67
2026-08-15T19:30,0.66
2026-08-15T20:00,0.66
2026-08-15T20:15,0.66
2026-08-15T20:30,0.66
2026-08-15T21:00,0.66
2026-08-15T21:15,0.66
2026-08-15T21:30,0.66
2026-08-15T22:00,0.66
2026-08-16T03:30,0.67
2026-08-16T04:00,0.68
2026-08-16T04:15,0.67
2026-08-16T04:30,0.67
2026-08-16T05:00,0.67
2026-08-16T05:15,0.67
2026-08-16T05:30,0.67
2026-08-16T06:00,0.67
2026-08-16T06:15,0.68
2026-08-16T06:30,0.67
2026-08-16T07:00,0.68
2026-08-16T07:15,0.68
2026-08-16T07:30,0.67
2026-08-16T08:00,0.67
2026-08-16T08:15,0.67
2026-08-16T08:30,0.67
2026-08-16T09:00,0.67
2026-08-16T09:15,0.68
2026-08-16T09:30,0.68
2026-08-16T10:00,0.68
2026-08-16T10:15,0.67
2026-08-16T10:30,0.67
2026-08-16T11:00,0.67
2026-08-16T11:15,0.67
2026-08-16T11:30,0.67
2026-08-16T12:00,0.67
2026-08-16T12:15,0.67
2026-08-16T12:30,0.67
2026-08-16T13:00,0.67
2026-08-16T13:15,0.66
2026-08-16T13:30,0.67
2026-08-16T14:00,0.67
2026-08-16T14:15,0.67
2026-08-16T14:30,0.66
2026-08-16T15:00,0.67
2026-08-16T15:15,0.67
2026-08-16T15:30,0.67
2026-08-16T16:00,0.66
2026-08-16T16:15,0.66
2026-08-16T16:30,0.67
2026-08-16T17:00,0.66
2026-08-16T17:15,0.67
2026-08-16T17:30,0.66
2026-08-16T18:00,0.66
2026-08-16T18:15,0.66
2026-08-16T18:30,0.66
2026-08-16T19:00,0.67
2026-08-16T19:15,0.65
2026-08-16T19:30,0.67
2026-08-16T20:00,0.65
2026-08-16T20:15,0.66
2026-08-16T20:30,0.66
2026-08-16T21:00,0.66
2026-08-16T21:15,0.66
2026-08-16T21:30,0.67
2026-08-16T22:00,0.67
2026-08-17T03:30,0.68
2026-08-17T04:00,0.67
2026-08-17T04:15,0.67
2026-08-17T04:30,0.67
2026-08-17T05:00,0.67
2026-08-17T05:15,0.67
2026-08-17T05:30,0.67
2026-08-17T06:00,0.66
2026-08-17T06:15,0.67
2026-08-17T06:30,0.66
2026-08-17T07:00,0.67
2026-08-17T07:15,0.67
2026-08-17T07:30,0.67
2026-08-17T08:00,0.67
2026-08-17T08:15,0.67
2026-08-17T08:30,0.67
2026-08-17T09:00,0.66
2026-08-17T09:15,0.66
2026-08-17T09:30,0.67
2026-08-17T10:00,0.67
2026-08-17T10:15,0.67
2026-08-17T10:30,0.67
2026-08-17T11:00,0.67
2026-08-17T11:15,0.67
2026-08-17T11:30,0.67
2026-08-17T12:00,0.67
2026-08-17T12:15,0.67
2026-08-17T12:30,0.67
2026-08-17T13:00,0.67
2026-08-17T13:15,0.66
2026-08-17T13:30,0.67
2026-08-17T14:00,0.66
2026-08-17T14:15,0.67
2026-08-17T14:30,0.67
2026-08-17T15:00,0.66
2026-08-17T15:15,0.68
2026-08-17T15:30,0.67
2026-08-17T16:00,0.67
2026-08-17T16:15,0.67
2026-08-17T16:30,0.67
2026-08-17T17:00,0.68
2026-08-17T17:15,0.68
2026-08-17T17:30,0.68
2026-08-17T18:00,0.67
2026-08-17T18:15,0.67
2026-08-17T18:30,0.66
2026-08-17T19:00,0.66
2026-08-17T19:15,0.67
2026-08-17T19:30,0.67
2026-08-17T20:00,0.66
2026-08-17T20:15,0.68
2026-08-17T20:30,0.67
2026-08-17T21:00,0.67
2026-08-17T21:15,0.67
2026-08-17T21:30,0.69
2026-08-17T22:00,0.69
2026-08-18T03:30,0.67
2026-08-18T04:00,0.67
2026-08-18T04:15,0.67
2026-08-18T04:30,0.68
2026-08-18T05:00,0.67
2026-08-18T05:15,0.67
2026-08-18T05:30,0.67
2026-08-18T06:00,0.67
2026-08-18T06:15,0.67
2026-08-18T06:30,0.67
2026-08-18T07:00,0.67
2026-08-18T07:15,0.67
2026-08-18T07:30,0.67
2026-08-18T08:00,0.67
2026-08-18T08:15,0.67
2026-08-18T08:30,0.67
2026-08-18T09:00,0.67
2026-08-18T09:15,0.67
2026-08-18T09:30,0.67
2026-08-18T10:00,0.67
2026-08-18T10:15,0.67
2026-08-18T10:30,0.67
2026-08-18T11:00,0.67
2026-08-18T11:15,0.67
2026-08-18T11:30,0.67
2026-08-18T12:00,0.67
2026-08-18T12:15,0.67
2026-08-18T12:30,0.67
2026-08-18T13:00,0.67
2026-08-18T13:15,0.68
2026-08-18T13:30,0.67
2026-08-18T14:00,0.66
2026-08-18T14:15,0.67
2026-08-18T14:30,0.67
2026-08-18T15:00,0.67
2026-08-18T15:15,0.67
2026-08-18T15:30,0.67
2026-08-18T16:00,0.67
2026-08-18T16:15,0.67
2026-08-18T16:30,0.67
2026-08-18T17:00,0.66
2026-08-18T17:15,0.67
2026-08-18T17:30,0.67
2026-08-18T18:00,0.67
2026-08-18T18:15,0.67
2026-08-18T18:30,0.67
2026-08-18T19:00,0.66
2026-08-18T19:15,0.66
2026-08-18T19:30,0.67
2026-08-18T20:00,0.67
2026-08-18T20:15,0.67
2026-08-18T20:30,0.67
2026-08-18T21:00,0.68
2026-08-18T21:15,0.68
2026-08-18T21:30,0.68
2026-08-18T22:00,0.69
2026-08-19T03:30,0.67
2026-08-19T04:00,0.68
2026-08-19T04:15,0.67
2026-08-19T04:30,0.67
2026-08-19T05:00,0.67
2026-08-19T05:15,0.67
2026-08-19T05:30,0.67
2026-08-19T06:00,0.67
2026-08-19T06:15,0.67
2026-08-19T06:30,0.67
2026-08-19T07:00,0.67
2026-08-19T07:15,0.67
2026-08-19T07:30,0.67
2026-08-19T08:00,0.67
2026-08-19T08:15,0.67
2026-08-19T08:30,0.67
2026-08-19T09:00,0.67
2026-08-19T09:15,0.67
2026-08-19T09:30,0.67
2026-08-19T10:00,0.67
2026-08-19T10:15,0.67
2026-08-19T10:30,0.67
2026-08-19T11:00,0.67
2026-08-19T11:15,0.67
2026-08-19T11:30,0.67
2026-08-19T12:00,0.67
2026-08-19T12:15,0.67
2026-08-19T12:30,0.67
2026-08-19T13:00,0.67
2026-08-19T13:15,0.67
2026-08-19T13:30,0.67
2026-08-19T14:00,0.66
2026-08-19T14:15,0.67
2026-08-19T14:30,0.66
2026-08-19T15:00,0.67
2026-08-19T15:15,0.67
2026-08-19T15:30,0.67
2026-08-19T16:00,0.67
2026-08-19T16:15,0.67
2026-08-19T16:30,0.67
2026-08-19T17:00,0.66
2026-08-19T17:15,0.66
2026-08-19T17:30,0.66
2026-08-19T18:00,0.67
2026-08-19T18:15,0.67
2026-08-19T18:30,0.66
2026-08-19T19:00,0.66
2026-08-19T19:15,0.66
2026-08-19T19:30,0.66
2026-08-19T20:00,0.66
2026-08-19T20:15,0.66
2026-08-19T20:30,0.66
2026-08-19T21:00,0.66
2026-08-19T21:15,0.66
2026-08-19T21:30,0.66
2026-08-19T22:00,0.68
2026-08-20T03:30,0.69
2026-08-20T04:00,0.69
2026-08-20T04:15,0.68
2026-08-20T04:30,0.68
2026-08-20T05:00,0.67
2026-08-20T05:15,0.67
2026-08-20T05:30,0.67
2026-08-20T06:00,0.68
2026-08-20T06:15,0.68
2026-08-20T06:30,0.68
2026-08-20T07:00,0.67
2026-08-20T07:15,0.68
2026-08-20T07:30,0.67
2026-08-20T08:00,0.68
2026-08-20T08:15,0.67
2026-08-20T08:30,0.67
2026-08-20T09:00,0.68
2026-08-20T09:15,0.67
2026-08-20T09:30,0.68
2026-08-20T10:00,0.67
2026-08-20T10:15,0.67
2026-08-20T10:30,0.68
2026-08-20T11:00,0.68
2026-08-20T11:15,0.67
2026-08-20T11:30,0.68
2026-08-20T12:00,0.67
2026-08-20T12:15,0.7
2026-08-20T12:30,0.69
2026-08-20T13:00,0.69
2026-08-20T13:15,0.69
2026-08-20T13:30,0.68
2026-08-20T14:00,0.69
2026-08-20T14:15,0.69
2026-08-20T14:30,0.69
2026-08-20T15:00,0.69
2026-08-20T15:15,0.67
2026-08-20T15:30,0.66
2026-08-20T16:00,0.65
2026-08-20T16:15,0.65
2026-08-20T16:30,0.65
2026-08-20T17:00,0.65
2026-08-20T17:15,0.66
2026-08-20T17:30,0.67
2026-08-20T18:00,0.67
2026-08-20T18:15,0.67
2026-08-20T18:30,0.67
2026-08-20T19:00,0.85
2026-08-20T19:15,0.82
2026-08-20T19:30,0.82
2026-08-20T20:00,1.12
2026-08-21T05:15,1.32
2026-08-21T05:30,1.3
2026-08-21T06:00,1.29
2026-08-21T06:15,1.28
2026-08-21T06:30,1.28
2026-08-21T07:00,1.27
2026-08-21T07:15,1.25
2026-08-21T07:30,1.25
2026-08-21T08:00,1.22
2026-08-21T08:15,1.22
2026-08-21T08:30,1.21
2026-08-21T09:00,1.2
2026-08-21T09:15,1.2
2026-08-21T09:30,1.15
2026-08-21T10:00,1.13
2026-08-21T10:15,1.14
2026-08-21T10:30,1.13
2026-08-21T10:45,1.11
2026-08-21T11:00,1.12
2026-08-21T11:15,1.1
2026-08-21T11:30,1.1
2026-08-21T11:45,1.09
2026-08-21T12:15,1.08
2026-08-21T12:30,1.07
2026-08-21T13:00,1.05
2026-08-21T13:15,1.04
2026-08-21T13:30,1.04
2026-08-21T14:00,0.93
2026-08-21T14:15,1.04
2026-08-21T14:30,1.03
2026-08-21T15:00,0.92
2026-08-21T15:15,1.1
2026-08-21T15:30,1.04
2026-08-21T16:00,1.02
2026-08-21T16:15,1.0
2026-08-21T16:30,1.02
2026-08-21T17:00,0.98
2026-08-21T17:15,0.98
2026-08-21T17:30,0.98
2026-08-21T18:00,0.97
2026-08-21T18:15,0.98
2026-08-21T18:30,0.97
2026-08-21T19:00,0.96
2026-08-21T19:15,0.96
2026-08-21T19:30,0.96
2026-08-21T20:00,0.97
2026-08-22T05:15,1.06
2026-08-22T05:30,1.05
2026-08-22T06:00,1.04
2026-08-22T06:15,1.03
2026-08-22T06:30,1.04
2026-08-22T07:00,1.03
2026-08-22T07:15,1.02
2026-08-22T07:30,1.01
2026-08-22T08:00,1.01
2026-08-22T08:15,1.0
2026-08-22T08:30,1.0
2026-08-22T09:00,0.99
2026-08-22T09:15,0.99
2026-08-22T09:30,1.01
2026-08-22T10:00,0.99
2026-08-22T10:15,0.99
2026-08-22T10:30,0.99
2026-08-22T10:45,1.0
2026-08-22T11:00,0.98
2026-08-22T11:15,0.97
2026-08-22T11:30,0.98
2026-08-22T12:00,0.97
2026-08-22T12:15,0.97
2026-08-22T12:30,0.98
2026-08-22T13:00,0.97
2026-08-22T13:15,0.97
2026-08-22T13:30,0.96
2026-08-22T14:00,0.96
2026-08-22T14:15,0.96
2026-08-22T14:30,0.95
2026-08-22T15:00,0.96
2026-08-22T15:15,0.97
2026-08-22T15:30,0.96
2026-08-22T16:00,0.96
2026-08-22T16:15,0.98
2026-08-22T16:30,1.01
2026-08-22T17:00,1.02
2026-08-22T17:15,1.03
2026-08-22T17:30,1.15
2026-08-22T18:00,1.25
2026-08-22T18:15,1.25
2026-08-22T18:30,1.25
2026-08-22T19:00,1.24
2026-08-22T19:15,1.24
2026-08-22T19:30,1.23
2026-08-22T20:00,1.23
2026-08-23T05:15,1.05
2026-08-23T05:30,1.04
2026-08-23T06:00,1.02
2026-08-23T06:15,1.02
2026-08-23T06:30,1.03
2026-08-23T07:00,1.03
2026-08-23T07:15,1.02
2026-08-23T07:30,1.01
2026-08-23T08:00,1.01
2026-08-23T08:15,1.02
2026-08-23T08:30,1.01
2026-08-23T09:00,1.0
2026-08-23T09:15,0.99
2026-08-23T09:30,1.0
2026-08-23T10:00,0.99
2026-08-23T10:15,0.98
2026-08-23T10:30,0.98
2026-08-23T11:00,0.98
2026-08-23T11:15,0.97
2026-08-23T11:30,0.98
2026-08-23T12:00,0.97
2026-08-23T12:15,0.97
2026-08-23T12:30,0.97
2026-08-23T13:00,0.96
2026-08-23T13:15,0.96
2026-08-23T13:30,0.96
2026-08-23T14:00,0.95
2026-08-23T14:15,0.95
2026-08-23T14:30,0.95
2026-08-23T15:00,0.97
2026-08-23T15:15,0.96
2026-08-23T15:30,0.95
2026-08-23T16:00,0.95
2026-08-23T16:15,0.95
2026-08-23T16:30,0.95
2026-08-23T17:00,0.94
2026-08-23T17:15,0.94
2026-08-23T17:30,0.95
2026-08-23T18:00,0.93
2026-08-23T18:15,0.92
2026-08-23T18:30,0.92
2026-08-23T19:00,0.91
2026-08-23T19:15,0.87
2026-08-23T19:30,0.88
2026-08-23T20:00,0.87
2026-08-23T20:15,0.83
2026-08-23T20:30,0.86
2026-08-23T21:00,0.83
2026-08-23T21:15,0.84
2026-08-24T04:30,0.84
2026-08-24T05:00,0.83
2026-08-24T05:15,0.85
2026-08-24T05:30,0.84
2026-08-24T06:00,0.84
2026-08-24T10:30,0.85
2026-08-24T10:45,0.83
2026-08-24T11:00,0.83
2026-08-24T11:15,0.83
2026-08-24T11:30,0.83
2026-08-24T12:00,0.8
2026-08-24T12:15,0.8
2026-08-24T12:30,0.79
2026-08-24T13:00,0.78
2026-08-24T13:15,0.82
2026-08-24T13:30,0.83
2026-08-24T14:00,0.84
2026-08-24T14:15,0.84
2026-08-24T14:30,0.84
2026-08-24T15:00,0.83
2026-08-24T15:15,0.82
2026-08-24T15:30,0.8
2026-08-24T16:00,0.78
2026-08-24T16:15,0.77
2026-08-24T16:30,0.77
2026-08-24T17:00,0.8
2026-08-24T17:15,0.81
2026-08-24T17:30,0.83
2026-08-24T18:00,0.84
2026-08-24T18:15,0.84
2026-08-24T18:30,0.83
2026-08-24T19:00,0.82
2026-08-24T19:15,0.81
2026-08-24T19:30,0.81
2026-08-24T20:00,0.79
2026-08-24T20:15,0.74
2026-08-24T20:30,0.74
2026-08-24T21:00,0.75
2026-08-24T21:15,0.75
2026-08-28T08:15,0.66
2026-08-28T08:30,0.67
2026-08-28T09:00,0.69
2026-08-28T09:15,0.69
2026-08-28T09:30,0.7
2026-08-28T10:00,0.74
2026-08-28T10:15,0.74
2026-08-28T10:30,0.75
2026-08-28T10:45,0.75
2026-08-28T11:00,0.75
2026-08-28T11:15,0.75
2026-08-28T11:30,0.75
2026-08-28T12:00,0.74
2026-08-28T12:15,0.75
2026-08-28T12:30,0.75
2026-08-28T13:00,0.74
2026-08-28T13:15,0.75
2026-08-28T13:30,0.75
2026-08-28T14:00,0.73
2026-08-28T14:15,0.76
2026-08-28T14:30,0.76
2026-08-28T15:00,0.69
2026-08-28T15:15,0.67
2026-08-28T15:30,0.67
2026-08-28T16:00,0.67
2026-08-28T16:15,0.67
2026-08-28T16:30,0.67
2026-08-28T16:45,0.8
2026-08-28T17:00,0.83
2026-08-28T17:15,0.82
2026-08-28T17:30,0.81
2026-08-28T18:00,0.78
2026-08-28T18:15,0.75
2026-08-28T18:30,0.75
2026-08-28T19:00,0.69
2026-08-28T19:15,0.69
2026-08-28T19:30,0.7
2026-08-28T20:00,0.69
2026-08-28T20:15,0.7
2026-08-28T20:30,0.7
2026-08-28T21:00,0.69
2026-08-28T21:15,0.7
2026-08-28T21:30,0.69
2026-08-28T22:00,0.78
2026-08-28T22:15,0.75
2026-08-28T22:30,0.79
2026-08-28T23:15,0.77
2026-08-28T23:30,0.75
2026-08-29T00:00,0.74
2026-08-29T00:15,0.73
2026-08-29T00:30,0.72
2026-08-29T01:00,0.69
2026-08-29T01:15,0.7
2026-08-29T01:30,0.69
2026-08-29T02:00,0.69
2026-08-29T02:15,0.69
2026-08-29T02:30,0.69
2026-08-29T03:00,0.69
2026-08-29T03:15,0.7
2026-08-29T03:30,0.75
2026-08-29T04:00,0.79
2026-08-29T05:00,0.74
2026-08-29T05:15,0.74
2026-08-29T05:30,0.79
2026-08-29T06:00,0.69
2026-08-29T06:15,0.69
2026-08-29T06:30,0.74
2026-08-29T07:00,0.69
2026-08-29T07:15,0.69
2026-08-29T07:30,0.69
2026-08-29T08:00,0.69
2026-08-29T08:15,0.69
2026-08-29T08:30,0.69
2026-08-29T09:00,0.7
2026-08-29T09:15,0.78
2026-08-29T09:30,0.78
2026-08-29T10:00,0.79
2026-08-29T10:15,0.79
2026-08-29T10:30,0.78
2026-08-29T10:45,0.77
2026-08-29T11:00,0.76
2026-08-29T11:15,0.75
2026-08-29T11:30,0.69
2026-08-29T12:00,0.69
2026-08-29T12:15,0.7
2026-08-29T12:30,0.7
2026-08-29T13:00,0.7
2026-08-29T13:15,0.69
2026-08-29T13:30,0.69
2026-08-29T14:00,0.67
2026-08-29T14:15,0.67
2026-08-29T14:30,0.68
2026-08-29T15:00,0.69
2026-08-29T15:15,0.69
2026-08-29T15:30,0.79
2026-08-29T16:00,0.78
2026-08-29T16:15,0.75
2026-08-29T16:30,0.75
2026-08-29T16:45,0.75
2026-08-29T17:00,0.72
2026-08-29T17:15,0.72
2026-08-29T17:30,0.69
2026-08-29T18:00,0.74
2026-08-29T18:15,0.69
2026-08-29T18:30,0.72
2026-08-29T19:00,0.82
2026-08-29T19:15,0.82
2026-08-29T19:30,0.83
2026-08-29T20:00,0.81
2026-08-29T20:15,0.8
2026-08-29T20:30,0.78
2026-08-29T21:00,0.75
2026-08-29T21:15,0.75
2026-08-29T21:30,0.74
2026-08-29T22:00,0.72
2026-08-29T22:15,0.73
2026-08-29T22:30,0.77
2026-08-29T22:45,0.81
2026-08-29T23:15,0.83
2026-08-29T23:30,0.83
2026-08-30T00:00,0.81
2026-08-30T00:15,0.79
2026-08-30T00:30,0.79
2026-08-30T01:00,0.75
2026-08-30T01:15,0.75
2026-08-30T01:30,0.74
2026-08-30T02:00,0.72
2026-08-30T02:15,0.69
2026-08-30T02:30,0.69
2026-08-30T03:00,0.79
2026-08-30T03:15,0.83
2026-08-30T03:30,0.82
2026-08-30T04:00,0.79
2026-08-30T04:15,0.8
2026-08-30T04:30,0.78
2026-08-30T04:45,0.77
2026-08-30T05:00,0.76
2026-08-30T05:15,0.76
2026-08-30T05:30,0.75
2026-08-30T06:00,0.72
2026-08-30T06:15,0.71
2026-08-30T06:30,0.69
2026-08-30T07:00,0.69
2026-08-30T07:15,0.79
2026-08-30T07:30,0.83
2026-08-30T08:00,0.82
2026-08-30T08:15,0.8
2026-08-30T08:30,0.79
2026-08-30T09:00,0.75
2026-08-30T09:15,0.76
2026-08-30T09:30,0.76
2026-08-30T10:00,0.73
2026-08-30T10:15,0.7
2026-08-30T10:30,0.7
2026-08-30T10:45,0.7
2026-08-30T11:00,0.78
2026-08-30T11:15,0.8
2026-08-30T11:30,0.8
2026-08-30T12:00,0.79
2026-08-30T12:15,0.77
2026-08-30T12:30,0.75
2026-08-30T13:00,0.75
2026-08-30T13:15,0.73
2026-08-30T13:30,0.72
2026-08-30T14:00,0.7
2026-08-30T14:15,0.7
2026-08-30T14:30,0.7
2026-08-30T15:00,0.8
2026-08-30T15:15,0.8
2026-08-30T15:30,0.79
2026-08-30T16:00,0.79
2026-08-30T16:15,0.76
2026-08-30T16:30,0.75
2026-08-30T16:45,0.75
2026-08-30T17:00,0.74
2026-08-30T17:15,0.72
2026-08-30T17:30,0.7
2026-08-30T18:00,0.69
2026-08-30T18:15,0.7
2026-08-30T18:30,0.69
2026-08-30T19:00,0.72
2026-08-30T19:15,0.79
2026-08-30T19:30,0.8
2026-08-30T20:00,0.79
2026-08-30T20:15,0.78
2026-08-30T20:30,0.76
2026-08-30T21:00,0.75
2026-08-30T21:15,0.73
2026-08-30T21:30,0.72
2026-08-30T22:00,0.69
2026-08-30T22:15,0.69
2026-08-30T22:30,0.7
2026-08-30T22:45,0.69
2026-08-30T23:15,0.69
2026-08-30T23:30,0.69
2026-08-31T00:00,0.78
2026-08-31T00:15,0.78
2026-08-31T00:30,0.78
2026-08-31T01:00,0.76
2026-08-31T01:15,0.76
2026-08-31T01:30,0.73
2026-08-31T02:00,0.73
2026-08-31T02:15,0.7
2026-08-31T02:30,0.69
2026-08-31T03:00,0.69
2026-08-31T03:15,0.69
2026-08-31T03:30,0.69
2026-08-31T04:00,0.7
2026-08-31T04:15,0.79
2026-08-31T04:30,0.79
2026-08-31T04:45,0.79
2026-08-31T05:00,0.79
2026-08-31T05:15,0.77
2026-08-31T05:30,0.77
2026-08-31T06:00,0.73
2026-08-31T06:15,0.75
2026-08-31T06:30,0.73
2026-08-31T07:00,0.69
2026-08-31T07:15,0.69
2026-08-31T07:30,0.7
2026-08-31T08:00,0.7
2026-08-31T08:15,0.7
2026-08-31T08:30,0.69
2026-08-31T09:00,0.77
2026-08-31T09:15,0.69
2026-08-31T09:30,0.69
2026-08-31T10:00,0.81
2026-08-31T10:15,0.8
2026-08-31T10:30,0.81
2026-08-31T10:45,0.8
2026-08-31T11:00,0.79
2026-08-31T11:15,0.76
2026-08-31T11:30,0.75
2026-08-31T12:00,0.71
2026-08-31T12:15,0.69
2026-08-31T12:30,0.7
2026-08-31T13:00,0.7
2026-08-31T13:15,0.7
2026-08-31T13:30,0.7
2026-08-31T14:00,0.7
2026-08-31T14:15,0.7
2026-08-31T15:00,0.7
2026-08-31T15:15,0.7
2026-08-31T15:30,0.7
2026-08-31T16:00,0.79
2026-08-31T16:15,0.78
2026-08-31T16:30,0.78
2026-08-31T16:45,0.75
2026-08-31T17:00,0.76
2026-08-31T17:15,0.75
2026-08-31T17:30,0.73
2026-08-31T18:00,0.7
2026-08-31T18:15,0.69
2026-08-31T18:30,0.69
2026-08-31T19:00,0.69
2026-08-31T19:15,0.7
2026-08-31T19:30,0.7
2026-08-31T20:00,0.69
2026-08-31T20:15,0.68
2026-08-31T20:30,0.69
2026-08-31T21:00,0.78
2026-08-31T21:15,0.77
2026-08-31T21:30,0.77
2026-08-31T22:00,0.78
2026-08-31T22:15,0.75
2026-08-31T22:30,0.76
2026-08-31T23:15,0.73
2026-08-31T23:30,0.72
2026-09-01T00:00,0.72
2026-09-01T00:15,0.69
2026-09-01T00:30,0.7
2026-09-01T01:00,0.69
2026-09-01T01:15,0.69
2026-09-01T01:30,0.7
2026-09-01T02:00,0.72
2026-09-01T02:15,0.68
2026-09-01T02:30,0.69
2026-09-01T03:00,0.75
2026-09-01T03:15,0.79
2026-09-01T03:30,0.78
2026-09-01T04:00,0.78
2026-09-01T04:15,0.75
2026-09-01T04:30,0.75
2026-09-01T05:00,0.72
2026-09-01T05:15,0.7
2026-09-01T05:30,0.69
2026-09-01T06:00,0.7
2026-09-01T06:15,0.7
2026-09-01T06:30,0.7
2026-09-01T07:00,0.69
2026-09-01T07:15,0.7
2026-09-01T07:30,0.7
2026-09-01T08:00,0.7
2026-09-01T08:15,0.7
2026-09-01T08:30,0.7
2026-09-01T09:00,0.7
2026-09-01T09:15,0.76
2026-09-01T09:30,0.76
2026-09-01T10:00,0.78
2026-09-01T10:15,0.76
2026-09-01T10:30,0.76
2026-09-01T11:00,0.75
2026-09-01T11:15,0.74
2026-09-01T11:30,0.73
2026-09-01T12:00,0.69
2026-09-01T12:15,0.7
2026-09-01T12:30,0.7
2026-09-01T13:00,0.7
2026-09-01T13:15,0.7
2026-09-01T13:30,0.7
2026-09-01T14:00,0.71
2026-09-01T14:15,0.73
2026-09-01T14:30,0.69
2026-09-01T15:00,0.67
2026-09-01T15:15,0.67
2026-09-01T15:30,0.67
2026-09-01T16:00,0.79
2026-09-01T16:15,0.75
2026-09-01T16:30,0.76
2026-09-01T17:00,0.75
2026-09-01T17:15,0.76
2026-09-01T17:30,0.75
2026-09-01T18:00,0.69
2026-09-01T18:15,0.69
2026-09-01T18:30,0.69
2026-09-01T19:00,0.7
2026-09-01T19:15,0.7
2026-09-01T19:30,0.7
2026-09-01T20:00,0.7
2026-09-01T20:15,0.69
2026-09-01T20:30,0.69
2026-09-01T21:00,0.75
2026-09-01T21:15,0.76
2026-09-01T21:30,0.78
2026-09-01T22:00,0.75
2026-09-01T22:15,0.75
2026-09-01T22:30,0.75
2026-09-01T23:15,0.73
2026-09-01T23:30,0.69
2026-09-02T00:00,0.69
2026-09-02T00:15,0.7
2026-09-02T00:30,0.7
2026-09-02T01:00,0.7
2026-09-02T01:15,0.7
2026-09-02T01:30,0.7
2026-09-02T02:00,0.7
2026-09-02T02:15,0.69
2026-09-02T02:30,0.7
2026-09-02T03:00,0.69
2026-09-02T03:15,0.69
2026-09-02T03:30,0.69
2026-09-02T04:00,0.7
2026-09-02T04:15,0.69
2026-09-02T04:30,0.7
2026-09-02T05:00,0.7
2026-09-02T05:15,0.69
2026-09-02T05:30,0.7
2026-09-02T06:00,0.76
2026-09-02T06:15,0.75
2026-09-02T06:30,0.75
2026-09-02T07:00,0.73
2026-09-02T07:15,0.72
2026-09-02T07:30,0.7
2026-09-02T08:00,0.7
2026-09-02T08:15,0.7
2026-09-02T08:30,0.7
2026-09-02T09:00,0.7
2026-09-02T09:15,0.7
2026-09-02T09:30,0.7
2026-09-02T10:00,0.7
2026-09-02T10:15,0.7
2026-09-02T10:30,0.71
2026-09-02T11:00,0.7
2026-09-02T11:15,0.7
2026-09-02T11:30,0.7
2026-09-02T12:00,0.7
2026-09-02T12:15,0.7
2026-09-02T12:30,0.78
2026-09-02T13:00,0.77
2026-09-02T13:15,0.77
2026-09-02T13:30,0.77
2026-09-02T14:00,0.75
2026-09-02T14:15,0.73
2026-09-02T14:30,0.72
2026-09-02T15:00,0.7
2026-09-02T15:15,0.71
2026-09-02T15:30,0.71
2026-09-02T16:00,0.7
2026-09-02T16:15,0.7
2026-09-02T16:30,0.7
2026-09-02T17:00,0.69
2026-09-02T17:15,0.69
2026-09-02T17:30,0.69
2026-09-02T18:00,0.7
2026-09-02T18:15,0.7
2026-09-02T18:30,0.69
2026-09-02T19:00,0.69
2026-09-02T19:15,0.7
2026-09-02T19:30,0.69
2026-09-02T20:00,0.69
2026-09-02T20:15,0.69
2026-09-02T20:30,0.7
2026-09-02T21:00,0.69
2026-09-02T21:15,0.69
2026-09-02T21:30,0.7
2026-09-02T22:00,0.7
2026-09-02T22:15,0.7
2026-09-02T22:30,0.77
2026-09-02T23:15,0.77
2026-09-02T23:30,0.77
2026-09-03T00:00,0.73
2026-09-03T00:15,0.72
2026-09-03T00:30,0.69
2026-09-03T01:00,0.7
2026-09-03T01:15,0.7
2026-09-03T01:30,0.7
2026-09-03T02:00,0.7
2026-09-03T02:15,0.69
2026-09-03T02:30,0.7
2026-09-03T03:00,0.69
2026-09-03T03:15,0.7
2026-09-03T03:30,0.69
2026-09-03T04:00,0.69
2026-09-03T04:15,0.69
2026-09-03T04:30,0.7
2026-09-03T05:00,0.69
2026-09-03T05:15,0.69
2026-09-03T05:30,0.69
2026-09-03T06:00,0.7
2026-09-03T06:15,0.69
2026-09-03T06:30,0.69
2026-09-03T07:00,0.69
2026-09-03T07:15,0.69
2026-09-03T07:30,0.69
2026-09-03T08:00,0.7
2026-09-03T08:15,0.7
2026-09-03T08:30,0.7
2026-09-03T09:00,0.7
2026-09-03T09:15,0.78
2026-09-03T09:30,0.75
2026-09-03T10:00,0.76
2026-09-03T10:15,0.76
2026-09-03T10:30,0.75
2026-09-03T11:00,0.73
2026-09-03T11:15,0.73
2026-09-03T11:30,0.69
2026-09-03T12:00,0.71
2026-09-03T12:15,0.7
2026-09-03T12:30,0.7
2026-09-03T13:00,0.7
2026-09-03T13:15,0.7
2026-09-03T13:30,0.71
2026-09-03T14:00,0.7
2026-09-03T14:15,0.7
2026-09-03T14:30,0.7
2026-09-03T15:00,0.7
2026-09-03T15:15,0.7
2026-09-03T15:30,0.7
2026-09-03T16:00,0.69
2026-09-03T16:15,0.7
2026-09-03T16:30,0.7
2026-09-03T17:00,0.7
2026-09-03T17:15,0.69
2026-09-03T17:30,0.69
2026-09-03T18:00,0.69
2026-09-03T18:15,0.69
2026-09-03T18:30,0.69
2026-09-03T19:00,0.69
2026-09-03T19:15,0.7
2026-09-03T19:30,0.69
2026-09-03T20:00,0.69
2026-09-03T20:15,0.69
2026-09-03T20:30,0.69
2026-09-03T21:00,0.69
2026-09-03T21:15,0.78
2026-09-03T21:30,0.74
2026-09-03T22:00,0.74
2026-09-03T22:15,0.73
2026-09-03T22:30,0.72
2026-09-03T23:15,0.7
2026-09-03T23:30,0.7
2026-09-04T00:00,0.7
2026-09-04T00:15,0.69
2026-09-04T00:30,0.7
2026-09-04T01:00,0.7
2026-09-04T01:15,0.7
2026-09-04T01:30,0.69
2026-09-04T02:00,0.69
2026-09-04T02:15,0.69
2026-09-04T02:30,0.69
2026-09-04T03:00,0.69
2026-09-04T03:15,0.69
2026-09-04T03:30,0.7
2026-09-04T04:00,0.69
2026-09-04T04:15,0.69
2026-09-04T04:30,0.69
2026-09-04T05:00,0.7
2026-09-04T05:15,0.69
2026-09-04T05:30,0.69
2026-09-04T06:00,0.69
2026-09-04T06:15,0.69
2026-09-04T06:30,0.7
2026-09-04T07:00,0.7
2026-09-04T07:15,0.69
2026-09-04T08:00,0.7
2026-09-04T08:15,0.7
2026-09-04T08:30,0.7
2026-09-04T09:00,0.78
2026-09-04T09:15,0.75
2026-09-04T09:30,0.76
2026-09-04T10:00,0.75
2026-09-04T10:15,0.73
2026-09-04T10:30,0.72
2026-09-04T11:00,0.7
2026-09-04T11:15,0.7
2026-09-04T11:30,0.7
2026-09-04T12:00,0.7
2026-09-04T12:15,0.7
2026-09-04T12:30,0.7
2026-09-04T13:00,0.71
2026-09-04T13:15,0.7
2026-09-04T13:30,0.7
2026-09-04T14:00,0.7
2026-09-04T14:15,0.7
2026-09-04T14:30,0.7
2026-09-04T15:00,0.8
2026-09-04T15:15,0.69
2026-09-04T15:30,0.69
2026-09-04T16:00,0.69
2026-09-04T16:15,0.69
2026-09-04T16:30,0.68
2026-09-04T17:00,0.69
2026-09-04T17:15,0.69
2026-09-04T17:30,0.69
2026-09-04T18:00,0.69
2026-09-04T18:15,0.69
2026-09-04T18:30,0.69
2026-09-04T19:00,0.69
2026-09-04T19:15,0.69
2026-09-04T19:30,0.68
2026-09-04T20:00,0.69
2026-09-04T20:15,0.69
2026-09-04T20:30,0.69
2026-09-04T21:00,0.69
2026-09-04T21:15,0.69
2026-09-04T21:30,0.69
2026-09-04T22:00,0.69
2026-09-04T22:15,0.69
2026-09-04T22:30,0.69
2026-09-04T23:15,0.69
2026-09-04T23:30,0.69
2026-09-05T00:00,0.69
2026-09-05T00:15,0.78
2026-09-05T00:30,0.76
2026-09-05T01:00,0.75
2026-09-05T01:15,0.73
2026-09-05T01:30,0.73
2026-09-05T02:00,0.69
2026-09-05T02:15,0.69
2026-09-05T02:30,0.7
2026-09-05T03:00,0.69
2026-09-05T03:15,0.7
2026-09-05T03:30,0.69
2026-09-05T04:00,0.69
2026-09-05T04:15,0.69
2026-09-05T04:30,0.69
2026-09-05T05:00,0.69
2026-09-05T05:15,0.69
2026-09-05T05:30,0.69
2026-09-05T06:00,0.69
2026-09-05T06:15,0.69
2026-09-05T06:30,0.7
2026-09-05T07:00,0.7
2026-09-05T07:15,0.69
2026-09-05T07:30,0.69
2026-09-05T08:00,0.69
2026-09-05T08:15,0.7
2026-09-05T08:30,0.69
2026-09-05T09:00,0.69
2026-09-05T09:15,0.69
2026-09-05T09:30,0.69
2026-09-05T10:00,0.69
2026-09-05T10:15,0.69
2026-09-05T10:30,0.69
2026-09-05T11:00,0.7
2026-09-05T11:15,0.7
2026-09-05T11:30,0.69
2026-09-05T12:00,0.7
2026-09-05T12:15,0.69
2026-09-05T12:30,0.7
2026-09-05T13:00,0.7
2026-09-05T13:15,0.7
2026-09-05T13:30,0.69
2026-09-05T14:00,0.69
2026-09-05T14:15,0.7
2026-09-05T14:30,0.7
2026-09-05T15:00,0.7
2026-09-05T15:15,0.7
2026-09-05T15:30,0.7
2026-09-05T16:00,0.7
2026-09-05T16:15,0.7
2026-09-05T16:30,0.69
2026-09-05T17:00,0.69
2026-09-05T17:15,0.69
2026-09-05T17:30,0.69
2026-09-05T18:00,0.69
2026-09-05T18:15,0.69
2026-09-05T18:30,0.69
