datetime,MAREA
2026-08-06T22:00,0.04
2026-08-06T22:10,0.027
2026-08-06T22:20,0.014
2026-08-06T22:30,-0.004
2026-08-06T22:40,-0.005
2026-08-06T22:50,-0.025
2026-08-06T23:00,-0.031
2026-08-06T23:10,-0.038
2026-08-06T23:20,-0.038
2026-08-06T23:30,-0.041
2026-08-06T23:40,-0.055
2026-08-06T23:50,-0.057
2026-08-07T00:00,-0.052
2026-08-07T00:10,-0.057
2026-08-07T00:20,-0.056
2026-08-07T00:30,-0.063
2026-08-07T00:40,-0.066
2026-08-07T00:50,-0.069
2026-08-07T01:00,-0.068
2026-08-07T01:10,-0.061
2026-08-07T01:20,-0.067
2026-08-07T01:30,-0.056
2026-08-07T01:40,-0.058
2026-08-07T01:50,-0.056
2026-08-07T02:00,-0.053
2026-08-07T02:10,-0.046
2026-08-07T02:20,-0.042
2026-08-07T02:30,-0.044
2026-08-07T02:40,-0.04
2026-08-07T02:50,-0.03
2026-08-07T03:00,-0.026
2026-08-07T03:10,-0.02
2026-08-07T03:20,-0.005
2026-08-07T03:30,-0.01
2026-08-07T03:40,0.002
2026-08-07T03:50,0.002
2026-08-07T04:00,0.016
2026-08-07T04:10,0.038
2026-08-07T04:20,0.045
2026-08-07T04:30,0.055
2026-08-07T04:40,0.055
2026-08-07T04:50,0.071
2026-08-07T05:00,0.08
2026-08-07T05:10,0.082
2026-08-07T05:20,0.083
2026-08-07T05:30,0.08
2026-08-07T05:40,0.096
2026-08-07T05:50,0.094
2026-08-07T06:00,0.088
2026-08-07T06:10,0.079
2026-08-07T06:20,0.076
2026-08-07T06:30,0.072
2026-08-07T06:40,0.063
2026-08-07T06:50,0.085
2026-08-07T07:00,0.082
2026-08-07T07:10,0.088
2026-08-07T07:20,0.08
2026-08-07T07:30,0.083
2026-08-07T07:40,0.095
2026-08-07T07:50,0.109
2026-08-07T08:00,0.119
2026-08-07T08:10,0.125
2026-08-07T08:20,0.139
2026-08-07T08:30,0.133
2026-08-07T08:40,0.152
2026-08-07T08:50,0.146
2026-08-07T09:00,0.161
2026-08-07T09:10,0.16
2026-08-07T09:20,0.168
2026-08-07T09:30,0.181
2026-08-07T09:40,0.184
2026-08-07T09:50,0.184
2026-08-07T10:00,0.191
2026-08-07T10:10,0.208
2026-08-07T10:20,0.208
2026-08-07T10:30,0.209
2026-08-07T10:40,0.226
2026-08-07T10:50,0.233
2026-08-07T11:00,0.256
2026-08-07T11:10,0.26
2026-08-07T11:20,0.263
2026-08-07T11:30,0.267
2026-08-07T11:40,0.289
2026-08-07T11:50,0.278
2026-08-07T12:00,0.286
2026-08-07T12:10,0.289
2026-08-07T12:20,0.294
2026-08-07T12:30,0.294
2026-08-07T12:40,0.291
2026-08-07T12:50,0.311
2026-08-07T13:00,0.318
2026-08-07T13:10,0.322
2026-08-07T13:20,0.323
2026-08-07T13:30,0.341
2026-08-07T13:40,0.35
2026-08-07T13:50,0.352
2026-08-07T14:00,0.363
2026-08-07T14:10,0.363
2026-08-07T14:20,0.368
2026-08-07T14:30,0.366
2026-08-07T14:40,0.371
2026-08-07T14:50,0.384
2026-08-07T15:00,0.374
2026-08-07T15:10,0.388
2026-08-07T15:20,0.379
2026-08-07T15:30,0.388
2026-08-07T15:40,0.393
2026-08-07T15:50,0.393
2026-08-07T16:00,0.404
2026-08-07T16:10,0.407
2026-08-07T16:20,0.407
2026-08-07T16:30,0.409
2026-08-07T16:40,0.424
2026-08-07T16:50,0.429
2026-08-07T17:00,0.425
2026-08-07T17:10,0.433
2026-08-07T17:20,0.421
2026-08-07T17:30,0.421
2026-08-07T17:40,0.404
2026-08-07T17:50,0.406
2026-08-07T18:00,0.412
2026-08-07T18:10,0.397
2026-08-07T18:20,0.375
2026-08-07T18:30,0.38
2026-08-07T18:40,0.379
2026-08-07T18:50,0.372
2026-08-07T19:00,0.364
2026-08-07T19:10,0.343
2026-08-07T19:20,0.333
2026-08-07T19:30,0.334
2026-08-07T19:40,0.325
2026-08-07T19:50,0.322
2026-08-07T20:00,0.318
2026-08-07T20:10,0.302
2026-08-07T20:20,0.29
2026-08-07T20:30,0.283
2026-08-07T20:40,0.285
2026-08-07T20:50,0.269
2026-08-07T21:00,0.256
2026-08-07T21:10,0.245
2026-08-07T21:20,0.233
2026-08-07T21:30,0.201
2026-08-07T21:40,0.182
2026-08-07T21:50,0.172
2026-08-07T22:00,0.17
2026-08-07T22:10,0.16
2026-08-07T22:20,0.156
2026-08-07T22:30,0.126
2026-08-07T22:40,0.109
2026-08-07T22:50,0.089
2026-08-07T23:00,0.068
2026-08-07T23:10,0.046
2026-08-07T23:20,0.044
2026-08-07T23:30,0.034
2026-08-07T23:40,0.021
2026-08-07T23:50,0.008
2026-08-08T00:00,0.007
2026-08-08T00:10,-0.007
2026-08-08T00:20,-0.009
2026-08-08T00:30,-0.027
2026-08-08T00:40,-0.017
2026-08-08T00:50,-0.032
2026-08-08T01:00,-0.043
2026-08-08T01:10,-0.049
2026-08-08T01:20,-0.056
2026-08-08T01:30,-0.07
2026-08-08T01:40,-0.079
2026-08-08T01:50,-0.069
2026-08-08T02:00,-0.075
2026-08-08T02:10,-0.084
2026-08-08T02:20,-0.086
2026-08-08T02:30,-0.074
2026-08-08T02:40,-0.083
2026-08-08T02:50,-0.084
2026-08-08T03:00,-0.068
2026-08-08T03:10,-0.08
2026-08-08T03:20,-0.062
2026-08-08T03:30,-0.059
2026-08-08T03:40,-0.05
2026-08-08T03:50,-0.04
2026-08-08T04:00,-0.037
2026-08-08T04:10,-0.042
2026-08-08T04:20,-0.035
2026-08-08T04:30,-0.034
2026-08-08T04:40,-0.037
2026-08-08T04:50,-0.02
2026-08-08T05:00,-0.022
2026-08-08T05:10,-0.015
2026-08-08T05:20,-0.008
2026-08-08T05:30,0.003
2026-08-08T05:40,0.023
2026-08-08T05:50,0.03
2026-08-08T06:00,0.048
2026-08-08T06:10,0.067
2026-08-08T06:20,0.063
2026-08-08T06:30,0.084
2026-08-08T06:40,0.097
2026-08-08T06:50,0.1
2026-08-08T07:00,0.118
2026-08-08T07:10,0.138
2026-08-08T07:20,0.17
2026-08-08T07:30,0.181
2026-08-08T07:40,0.193
2026-08-08T07:50,0.202
2026-08-08T08:00,0.224
2026-08-08T08:10,0.258
2026-08-08T08:20,0.255
2026-08-08T08:30,0.261
2026-08-08T08:40,0.272
2026-08-08T08:50,0.276
2026-08-08T09:00,0.286
2026-08-08T09:10,0.267
2026-08-08T09:20,0.265
2026-08-08T09:30,0.271
2026-08-08T09:40,0.281
2026-08-08T09:50,0.265
2026-08-08T10:00,0.241
2026-08-08T10:10,0.258
2026-08-08T10:20,0.26
2026-08-08T10:30,0.273
2026-08-08T10:40,0.279
2026-08-08T10:50,0.28
2026-08-08T11:00,0.285
2026-08-08T11:10,0.287
2026-08-08T11:20,0.28
2026-08-08T11:30,0.289
2026-08-08T11:40,0.286
2026-08-08T11:50,0.294
2026-08-08T12:00,0.288
2026-08-08T12:10,0.27
2026-08-08T12:20,0.268
2026-08-08T12:30,0.272
2026-08-08T12:40,0.272
2026-08-08T12:50,0.275
2026-08-08T13:00,0.268
2026-08-08T13:10,0.271
2026-08-08T13:20,0.279
2026-08-08T13:30,0.28
2026-08-08T13:40,0.287
2026-08-08T13:50,0.282
2026-08-08T14:00,0.27
2026-08-08T14:10,0.266
2026-08-08T14:20,0.282
2026-08-08T14:30,0.291
2026-08-08T14:40,0.289
2026-08-08T14:50,0.299
2026-08-08T15:00,0.307
2026-08-08T15:10,0.3
2026-08-08T15:20,0.303
2026-08-08T15:30,0.312
2026-08-08T15:40,0.301
2026-08-08T15:50,0.311
2026-08-08T16:00,0.315
2026-08-08T16:10,0.314
2026-08-08T16:20,0.317
2026-08-08T16:30,0.321
2026-08-08T16:40,0.315
2026-08-08T16:50,0.326
2026-08-08T17:00,0.331
2026-08-08T17:10,0.33
2026-08-08T17:20,0.337
2026-08-08T17:30,0.345
2026-08-08T17:40,0.354
2026-08-08T17:50,0.356
2026-08-08T18:00,0.377
2026-08-08T18:10,0.388
2026-08-08T18:20,0.395
2026-08-08T18:30,0.406
2026-08-08T18:40,0.411
2026-08-08T18:50,0.42
2026-08-08T19:00,0.414
2026-08-08T19:10,0.413
2026-08-08T19:20,0.404
2026-08-08T19:30,0.395
2026-08-08T19:40,0.399
2026-08-08T19:50,0.4
2026-08-08T20:00,0.389
2026-08-08T20:10,0.379
2026-08-08T20:20,0.375
2026-08-08T20:30,0.378
2026-08-08T20:40,0.377
2026-08-08T20:50,0.368
2026-08-08T21:00,0.361
2026-08-08T21:10,0.349
2026-08-08T21:20,0.32
2026-08-08T21:30,0.307
2026-08-08T21:40,0.312
2026-08-08T21:50,0.289
2026-08-08T22:00,0.285
2026-08-08T22:10,0.27
2026-08-08T22:20,0.261
2026-08-08T22:30,0.255
2026-08-08T22:40,0.238
2026-08-08T22:50,0.207
2026-08-08T23:00,0.192
2026-08-08T23:10,0.167
2026-08-08T23:20,0.147
2026-08-08T23:30,0.132
2026-08-08T23:40,0.1
2026-08-08T23:50,0.084
2026-08-09T00:00,0.041
2026-08-09T00:10,0.027
2026-08-09T00:20,-0.004
2026-08-09T00:30,-0.022
2026-08-09T00:40,-0.05
2026-08-09T00:50,-0.063
2026-08-09T01:00,-0.076
2026-08-09T01:10,-0.103
2026-08-09T01:20,-0.133
2026-08-09T01:30,-0.149
2026-08-09T01:40,-0.185
2026-08-09T01:50,-0.192
2026-08-09T02:00,-0.209
2026-08-09T02:10,-0.224
2026-08-09T02:20,-0.234
2026-08-09T02:30,-0.243
2026-08-09T02:40,-0.257
2026-08-09T02:50,-0.275
2026-08-09T03:00,-0.284
2026-08-09T03:10,-0.278
2026-08-09T03:20,-0.281
2026-08-09T03:30,-0.275
2026-08-09T03:40,-0.268
2026-08-09T03:50,-0.265
2026-08-09T04:00,-0.25
2026-08-09T04:10,-0.24
2026-08-09T04:20,-0.238
2026-08-09T04:30,-0.233
2026-08-09T04:40,-0.21
2026-08-09T04:50,-0.192
2026-08-09T05:00,-0.174
2026-08-09T05:10,-0.164
2026-08-09T05:20,-0.148
2026-08-09T05:30,-0.134
2026-08-09T05:40,-0.114
2026-08-09T05:50,-0.088
2026-08-09T06:00,-0.062
2026-08-09T06:10,-0.044
2026-08-09T06:20,-0.023
2026-08-09T06:30,-0.004
2026-08-09T06:40,0.014
2026-08-09T06:50,0.03
2026-08-09T07:00,0.046
2026-08-09T07:10,0.068
2026-08-09T07:20,0.097
2026-08-09T07:30,0.114
2026-08-09T07:40,0.13
2026-08-09T07:50,0.15
2026-08-09T08:00,0.172
2026-08-09T08:10,0.19
2026-08-09T08:20,0.211
2026-08-09T08:30,0.224
2026-08-09T08:40,0.247
2026-08-09T08:50,0.255
2026-08-09T09:00,0.277
2026-08-09T09:10,0.293
2026-08-09T09:20,0.307
2026-08-09T09:30,0.309
2026-08-09T09:40,0.305
2026-08-09T09:50,0.311
2026-08-09T10:00,0.316
2026-08-09T10:10,0.331
2026-08-09T10:20,0.33
2026-08-09T10:30,0.33
2026-08-09T10:40,0.332
2026-08-09T10:50,0.331
2026-08-09T11:00,0.323
2026-08-09T11:10,0.319
2026-08-09T11:20,0.318
2026-08-09T11:30,0.31
2026-08-09T11:40,0.29
2026-08-09T11:50,0.278
2026-08-09T12:00,0.266
2026-08-09T12:10,0.262
2026-08-09T12:20,0.249
2026-08-09T12:30,0.246
2026-08-09T12:40,0.245
2026-08-09T12:50,0.236
2026-08-09T13:00,0.226
2026-08-09T13:10,0.22
2026-08-09T13:20,0.219
2026-08-09T13:30,0.21
2026-08-09T13:40,0.201
2026-08-09T13:50,0.194
2026-08-09T14:00,0.183
2026-08-09T14:10,0.19
2026-08-09T14:20,0.193
2026-08-09T14:30,0.186
2026-08-09T14:40,0.19
2026-08-09T14:50,0.198
2026-08-09T15:00,0.195
2026-08-09T15:10,0.197
2026-08-09T15:20,0.203
2026-08-09T15:30,0.213
2026-08-09T15:40,0.216
2026-08-09T15:50,0.221
2026-08-09T16:00,0.23
2026-08-09T16:10,0.237
2026-08-09T16:20,0.249
2026-08-09T16:30,0.255
2026-08-09T16:40,0.268
2026-08-09T16:50,0.273
2026-08-09T17:00,0.293
2026-08-09T17:10,0.308
2026-08-09T17:20,0.313
2026-08-09T17:30,0.329
2026-08-09T17:40,0.336
2026-08-09T17:50,0.35
2026-08-09T18:00,0.361
2026-08-09T18:10,0.368
2026-08-09T18:20,0.377
2026-08-09T18:30,0.386
2026-08-09T18:40,0.398
2026-08-09T18:50,0.407
2026-08-09T19:00,0.417
2026-08-09T19:10,0.423
2026-08-09T19:20,0.429
2026-08-09T19:30,0.445
2026-08-09T19:40,0.448
2026-08-09T19:50,0.459
2026-08-09T20:00,0.46
2026-08-09T20:10,0.466
2026-08-09T20:20,0.46
2026-08-09T20:30,0.46
2026-08-09T20:40,0.452
2026-08-09T20:50,0.447
2026-08-09T21:00,0.443
2026-08-09T21:10,0.43
2026-08-09T21:20,0.423
2026-08-09T21:30,0.412
2026-08-09T21:40,0.412
2026-08-09T21:50,0.396
2026-08-09T22:00,0.376
2026-08-09T22:10,0.363
2026-08-09T22:20,0.35
2026-08-09T22:30,0.319
2026-08-09T22:40,0.294
2026-08-09T22:50,0.266
2026-08-09T23:00,0.244
2026-08-09T23:10,0.216
2026-08-09T23:20,0.2
2026-08-09T23:30,0.165
2026-08-09T23:40,0.151
2026-08-09T23:50,0.123
2026-08-10T00:00,0.099
2026-08-10T00:10,0.063
2026-08-10T00:20,0.044
2026-08-10T00:30,0.014
2026-08-10T00:40,-0.018
2026-08-10T00:50,-0.054
2026-08-10T01:00,-0.079
2026-08-10T01:10,-0.098
2026-08-10T01:20,-0.127
2026-08-10T01:30,-0.146
2026-08-10T01:40,-0.166
2026-08-10T01:50,-0.183
2026-08-10T02:00,-0.214
2026-08-10T02:10,-0.221
2026-08-10T02:20,-0.24
2026-08-10T02:30,-0.257
2026-08-10T02:40,-0.271
2026-08-10T02:50,-0.29
2026-08-10T03:00,-0.299
2026-08-10T03:10,-0.301
2026-08-10T03:20,-0.316
2026-08-10T03:30,-0.323
2026-08-10T03:40,-0.322
2026-08-10T03:50,-0.322
2026-08-10T04:00,-0.313
2026-08-10T04:10,-0.311
2026-08-10T04:20,-0.299
2026-08-10T04:30,-0.289
2026-08-10T04:40,-0.282
2026-08-10T04:50,-0.273
2026-08-10T05:00,-0.265
2026-08-10T05:10,-0.245
2026-08-10T05:20,-0.235
2026-08-10T05:30,-0.222
2026-08-10T05:40,-0.201
2026-08-10T05:50,-0.188
2026-08-10T06:00,-0.162
2026-08-10T06:10,-0.139
2026-08-10T06:20,-0.116
2026-08-10T06:30,-0.094
2026-08-10T06:40,-0.069
2026-08-10T06:50,-0.044
2026-08-10T07:00,-0.024
2026-08-10T07:10,0.0
2026-08-10T07:20,0.026
2026-08-10T07:30,0.046
2026-08-10T07:40,0.076
2026-08-10T07:50,0.097
2026-08-10T08:00,0.125
2026-08-10T08:10,0.149
2026-08-10T08:20,0.177
2026-08-10T08:30,0.195
2026-08-10T08:40,0.218
2026-08-10T08:50,0.245
2026-08-10T09:00,0.262
2026-08-10T09:10,0.271
2026-08-10T09:20,0.294
2026-08-10T09:30,0.31
2026-08-10T09:40,0.328
2026-08-10T09:50,0.338
2026-08-10T10:00,0.347
2026-08-10T10:10,0.352
2026-08-10T10:20,0.363
2026-08-10T10:30,0.368
2026-08-10T10:40,0.373
2026-08-10T10:50,0.368
2026-08-10T11:00,0.361
2026-08-10T11:10,0.362
2026-08-10T11:20,0.351
2026-08-10T11:30,0.342
2026-08-10T11:40,0.338
2026-08-10T11:50,0.329
2026-08-10T12:00,0.323
2026-08-10T12:10,0.305
2026-08-10T12:20,0.301
2026-08-10T12:30,0.299
2026-08-10T12:40,0.278
2026-08-10T12:50,0.281
2026-08-10T13:00,0.264
2026-08-10T13:10,0.257
2026-08-10T13:20,0.247
2026-08-10T13:30,0.241
2026-08-10T13:40,0.219
2026-08-10T13:50,0.208
2026-08-10T14:00,0.197
2026-08-10T14:10,0.185
2026-08-10T14:20,0.184
2026-08-10T14:30,0.18
2026-08-10T14:40,0.175
2026-08-10T14:50,0.171
2026-08-10T15:00,0.164
2026-08-10T15:10,0.166
2026-08-10T15:20,0.169
2026-08-10T15:30,0.166
2026-08-10T15:40,0.166
2026-08-10T15:50,0.17
2026-08-10T16:00,0.167
2026-08-10T16:10,0.175
2026-08-10T16:20,0.175
2026-08-10T16:30,0.177
2026-08-10T16:40,0.183
2026-08-10T16:50,0.202
2026-08-10T17:00,0.222
2026-08-10T17:10,0.223
2026-08-10T17:20,0.244
2026-08-10T17:30,0.252
2026-08-10T17:40,0.272
2026-08-10T17:50,0.289
2026-08-10T18:00,0.295
2026-08-10T18:10,0.302
2026-08-10T18:20,0.319
2026-08-10T18:30,0.338
2026-08-10T18:40,0.349
2026-08-10T18:50,0.366
2026-08-10T19:00,0.374
2026-08-10T19:10,0.383
2026-08-10T19:20,0.4
2026-08-10T19:30,0.414
2026-08-10T19:40,0.429
2026-08-10T19:50,0.44
2026-08-10T20:00,0.451
2026-08-10T20:10,0.466
2026-08-10T20:20,0.47
2026-08-10T20:30,0.473
2026-08-10T20:40,0.481
2026-08-10T20:50,0.487
2026-08-10T21:00,0.481
2026-08-10T21:10,0.478
2026-08-10T21:20,0.478
2026-08-10T21:30,0.475
2026-08-10T21:40,0.474
2026-08-10T21:50,0.457
2026-08-10T22:00,0.454
2026-08-10T22:10,0.451
2026-08-10T22:20,0.429
2026-08-10T23:30,0.298
2026-08-10T23:40,0.268
2026-08-10T23:50,0.248
2026-08-11T00:00,0.226
2026-08-11T00:10,0.2
2026-08-11T00:20,0.176
2026-08-11T00:30,0.145
2026-08-11T00:40,0.109
2026-08-11T00:50,0.077
2026-08-11T01:00,0.053
2026-08-11T01:10,0.023
2026-08-11T01:20,-0.005
2026-08-11T01:30,-0.04
2026-08-11T01:40,-0.069
2026-08-11T01:50,-0.094
2026-08-11T02:00,-0.126
2026-08-11T02:10,-0.144
2026-08-11T02:20,-0.17
2026-08-11T02:30,-0.192
2026-08-11T02:40,-0.227
2026-08-11T02:50,-0.251
2026-08-11T03:00,-0.271
2026-08-11T03:10,-0.293
2026-08-11T03:20,-0.307
2026-08-11T03:30,-0.321
2026-08-11T03:40,-0.336
2026-08-11T03:50,-0.346
2026-08-11T04:00,-0.34
2026-08-11T04:10,-0.347
2026-08-11T04:20,-0.351
2026-08-11T04:30,-0.349
2026-08-11T04:40,-0.348
2026-08-11T04:50,-0.346
2026-08-11T05:00,-0.338
2026-08-11T05:10,-0.33
2026-08-11T05:20,-0.325
2026-08-11T05:30,-0.305
2026-08-11T05:40,-0.294
2026-08-11T05:50,-0.278
2026-08-11T06:00,-0.256
2026-08-11T06:10,-0.24
2026-08-11T06:20,-0.219
2026-08-11T06:30,-0.19
2026-08-11T06:40,-0.17
2026-08-11T06:50,-0.147
2026-08-11T07:00,-0.123
2026-08-11T07:10,-0.101
2026-08-11T07:20,-0.076
2026-08-11T07:30,-0.048
2026-08-11T07:40,-0.02
2026-08-11T07:50,0.004
2026-08-11T08:00,0.033
2026-08-11T08:10,0.056
2026-08-11T08:20,0.086
2026-08-11T08:30,0.116
2026-08-11T08:40,0.145
2026-08-11T08:50,0.165
2026-08-11T09:00,0.191
2026-08-11T09:10,0.222
2026-08-11T09:20,0.243
2026-08-11T09:30,0.267
2026-08-11T09:40,0.291
2026-08-11T09:50,0.311
2026-08-11T10:00,0.332
2026-08-11T10:10,0.353
2026-08-11T10:20,0.368
2026-08-11T10:30,0.381
2026-08-11T10:40,0.393
2026-08-11T10:50,0.404
2026-08-11T11:00,0.414
2026-08-11T11:10,0.412
2026-08-11T11:20,0.419
2026-08-11T11:30,0.407
2026-08-11T11:40,0.404
2026-08-11T11:50,0.4
2026-08-11T12:00,0.398
2026-08-11T12:10,0.381
2026-08-11T12:20,0.371
2026-08-11T12:30,0.359
2026-08-11T12:40,0.346
2026-08-11T12:50,0.325
2026-08-11T13:00,0.316
2026-08-11T13:10,0.305
2026-08-11T13:20,0.281
2026-08-11T13:30,0.27
2026-08-11T13:40,0.267
2026-08-11T13:50,0.241
2026-08-11T14:00,0.23
2026-08-11T14:10,0.222
2026-08-11T14:20,0.208
2026-08-11T14:30,0.187
2026-08-11T14:40,0.159
2026-08-11T14:50,0.157
2026-08-11T15:00,0.147
2026-08-11T15:10,0.133
2026-08-11T15:20,0.119
2026-08-11T15:30,0.118
2026-08-11T15:40,0.117
2026-08-11T15:50,0.112
2026-08-11T16:00,0.105
2026-08-11T16:10,0.107
2026-08-11T16:20,0.112
2026-08-11T16:30,0.111
2026-08-11T16:40,0.114
2026-08-11T16:50,0.106
2026-08-11T17:00,0.119
2026-08-11T17:10,0.127
2026-08-11T17:20,0.126
2026-08-11T17:30,0.142
2026-08-11T17:40,0.143
2026-08-11T17:50,0.169
2026-08-11T18:00,0.177
2026-08-11T18:10,0.186
2026-08-11T18:20,0.201
2026-08-11T18:30,0.218
2026-08-11T18:40,0.228
2026-08-11T18:50,0.245
2026-08-11T19:00,0.255
2026-08-11T19:10,0.263
2026-08-11T19:20,0.275
2026-08-11T19:30,0.298
2026-08-11T19:40,0.316
2026-08-11T19:50,0.326
2026-08-11T20:00,0.343
2026-08-11T20:10,0.36
2026-08-11T20:20,0.372
2026-08-11T20:30,0.382
2026-08-11T20:40,0.394
2026-08-11T20:50,0.416
2026-08-11T21:00,0.433
2026-08-11T21:10,0.446
2026-08-11T21:20,0.451
2026-08-11T21:30,0.466
2026-08-11T21:40,0.464
2026-08-11T21:50,0.476
2026-08-11T22:00,0.477
2026-08-11T22:10,0.475
2026-08-11T22:20,0.473
2026-08-11T22:30,0.46
2026-08-11T22:40,0.453
2026-08-11T22:50,0.439
2026-08-11T23:00,0.43
2026-08-11T23:10,0.42
2026-08-11T23:20,0.391
2026-08-11T23:30,0.371
2026-08-11T23:40,0.352
2026-08-11T23:50,0.34
2026-08-12T00:00,0.311
2026-08-12T00:10,0.287
2026-08-12T00:20,0.26
2026-08-12T00:30,0.233
2026-08-12T00:40,0.203
2026-08-12T00:50,0.179
2026-08-12T01:00,0.156
2026-08-12T01:10,0.131
2026-08-12T01:20,0.101
2026-08-12T01:30,0.077
2026-08-12T01:40,0.048
2026-08-12T01:50,0.017
2026-08-12T02:00,-0.012
2026-08-12T02:10,-0.041
2026-08-12T02:20,-0.069
2026-08-12T02:30,-0.099
2026-08-12T02:40,-0.14
2026-08-12T02:50,-0.167
2026-08-12T03:00,-0.21
2026-08-12T03:10,-0.226
2026-08-12T03:20,-0.257
2026-08-12T03:30,-0.291
2026-08-12T03:40,-0.303
2026-08-12T03:50,-0.32
2026-08-12T04:00,-0.335
2026-08-12T04:10,-0.342
2026-08-12T04:20,-0.349
2026-08-12T04:30,-0.352
2026-08-12T04:40,-0.361
2026-08-12T04:50,-0.366
2026-08-12T05:00,-0.37
2026-08-12T05:10,-0.368
2026-08-12T05:20,-0.374
2026-08-12T05:30,-0.372
2026-08-12T05:40,-0.361
2026-08-12T05:50,-0.355
2026-08-12T06:00,-0.333
2026-08-12T06:10,-0.316
2026-08-12T06:20,-0.294
2026-08-12T06:30,-0.276
2026-08-12T06:40,-0.256
2026-08-12T06:50,-0.23
2026-08-12T07:00,-0.21
2026-08-12T07:10,-0.182
2026-08-12T07:20,-0.159
2026-08-12T07:30,-0.139
2026-08-12T07:40,-0.115
2026-08-12T07:50,-0.085
2026-08-12T08:00,-0.054
2026-08-12T08:10,-0.025
2026-08-12T08:20,-0.001
2026-08-12T08:30,0.03
2026-08-12T08:40,0.068
2026-08-12T08:50,0.096
2026-08-12T09:00,0.123
2026-08-12T09:10,0.15
2026-08-12T09:20,0.181
2026-08-12T09:30,0.199
2026-08-12T09:40,0.234
2026-08-12T09:50,0.261
2026-08-12T10:00,0.284
2026-08-12T10:10,0.307
2026-08-12T10:20,0.329
2026-08-12T10:30,0.344
2026-08-12T10:40,0.369
2026-08-12T10:50,0.395
2026-08-12T11:00,0.411
2026-08-12T11:10,0.419
2026-08-12T11:20,0.434
2026-08-12T11:30,0.442
2026-08-12T11:40,0.459
2026-08-12T11:50,0.453
2026-08-12T12:00,0.455
2026-08-12T12:10,0.458
2026-08-12T12:20,0.456
2026-08-12T12:30,0.449
2026-08-12T12:40,0.438
2026-08-12T12:50,0.424
2026-08-12T13:00,0.404
2026-08-12T13:10,0.393
2026-08-12T13:20,0.384
2026-08-12T13:30,0.367
2026-08-12T13:40,0.341
2026-08-12T13:50,0.322
2026-08-12T14:00,0.302
2026-08-12T14:10,0.287
2026-08-12T14:20,0.264
2026-08-12T14:30,0.237
2026-08-12T14:40,0.22
2026-08-12T14:50,0.2
2026-08-12T15:00,0.19
2026-08-12T15:10,0.167
2026-08-12T15:20,0.142
2026-08-12T15:30,0.121
2026-08-12T15:40,0.121
2026-08-12T15:50,0.107
2026-08-12T16:00,0.088
2026-08-12T16:10,0.067
2026-08-12T16:20,0.058
2026-08-12T16:30,0.054
2026-08-12T16:40,0.05
2026-08-12T16:50,0.04
2026-08-12T17:00,0.029
2026-08-12T17:10,0.026
2026-08-12T17:20,0.029
2026-08-12T17:30,0.025
2026-08-12T17:40,0.029
2026-08-12T17:50,0.04
2026-08-12T18:00,0.04
2026-08-12T18:10,0.046
2026-08-12T18:20,0.056
2026-08-12T18:30,0.07
2026-08-12T18:40,0.081
2026-08-12T18:50,0.098
2026-08-12T19:00,0.114
2026-08-12T19:10,0.13
2026-08-12T19:20,0.145
2026-08-12T19:30,0.162
2026-08-12T19:40,0.173
2026-08-12T19:50,0.197
2026-08-12T20:00,0.212
2026-08-12T20:10,0.233
2026-08-12T20:20,0.251
2026-08-12T20:30,0.268
2026-08-12T20:40,0.283
2026-08-12T20:50,0.301
2026-08-12T21:00,0.324
2026-08-12T21:10,0.334
2026-08-12T21:20,0.355
2026-08-12T21:30,0.375
2026-08-12T21:40,0.391
2026-08-12T21:50,0.409
2026-08-12T22:00,0.417
2026-08-12T22:10,0.426
2026-08-12T22:20,0.437
2026-08-12T22:30,0.447
2026-08-12T22:40,0.455
2026-08-12T22:50,0.46
2026-08-12T23:00,0.459
2026-08-12T23:10,0.456
2026-08-12T23:20,0.453
2026-08-12T23:30,0.45
2026-08-12T23:40,0.423
2026-08-12T23:50,0.41
2026-08-13T00:00,0.396
2026-08-13T00:10,0.376
2026-08-13T00:20,0.354
2026-08-13T00:30,0.328
2026-08-13T00:40,0.311
2026-08-13T00:50,0.288
2026-08-13T01:00,0.273
2026-08-13T01:10,0.231
2026-08-13T01:20,0.202
2026-08-13T01:30,0.171
2026-08-13T01:40,0.13
2026-08-13T01:50,0.094
2026-08-13T02:00,0.059
2026-08-13T02:10,0.028
2026-08-13T02:20,-0.007
2026-08-13T02:30,-0.048
2026-08-13T02:40,-0.078
2026-08-13T02:50,-0.104
2026-08-13T03:00,-0.131
2026-08-13T03:10,-0.153
2026-08-13T03:20,-0.192
2026-08-13T03:30,-0.221
2026-08-13T03:40,-0.248
2026-08-13T03:50,-0.277
2026-08-13T04:00,-0.301
2026-08-13T04:10,-0.332
2026-08-13T04:20,-0.35
2026-08-13T04:30,-0.377
2026-08-13T04:40,-0.384
2026-08-13T04:50,-0.398
2026-08-13T05:00,-0.407
2026-08-13T05:10,-0.415
2026-08-13T05:20,-0.424
2026-08-13T05:30,-0.427
2026-08-13T05:40,-0.429
2026-08-13T05:50,-0.43
2026-08-13T06:00,-0.422
2026-08-13T06:10,-0.411
2026-08-13T06:20,-0.398
2026-08-13T06:30,-0.376
2026-08-13T06:40,-0.346
2026-08-13T06:50,-0.336
2026-08-13T07:00,-0.311
2026-08-13T07:10,-0.287
2026-08-13T07:20,-0.269
2026-08-13T07:30,-0.244
2026-08-13T07:40,-0.213
2026-08-13T07:50,-0.186
2026-08-13T08:00,-0.156
2026-08-13T08:10,-0.131
2026-08-13T08:20,-0.096
2026-08-13T08:30,-0.064
2026-08-13T08:40,-0.037
2026-08-13T08:50,-0.003
2026-08-13T09:00,0.03
2026-08-13T09:10,0.058
2026-08-13T09:20,0.091
2026-08-13T09:30,0.125
2026-08-13T09:40,0.155
2026-08-13T09:50,0.184
2026-08-13T10:00,0.22
2026-08-13T10:10,0.25
2026-08-13T10:20,0.282
2026-08-13T10:30,0.318
2026-08-13T10:40,0.344
2026-08-13T10:50,0.369
2026-08-13T11:00,0.394
2026-08-13T11:10,0.416
2026-08-13T11:20,0.436
2026-08-13T11:30,0.456
2026-08-13T11:40,0.47
2026-08-13T11:50,0.481
2026-08-13T12:00,0.483
2026-08-13T12:10,0.486
2026-08-13T12:20,0.484
2026-08-13T12:30,0.481
2026-08-13T12:40,0.468
2026-08-13T12:50,0.457
2026-08-13T13:00,0.443
2026-08-13T13:10,0.432
2026-08-13T13:20,0.413
2026-08-13T13:30,0.4
2026-08-13T13:40,0.392
2026-08-13T13:50,0.37
2026-08-13T14:00,0.347
2026-08-13T14:10,0.325
2026-08-13T14:20,0.305
2026-08-13T14:30,0.275
2026-08-13T14:40,0.252
2026-08-13T14:50,0.224
2026-08-13T15:00,0.207
2026-08-13T15:10,0.186
2026-08-13T15:20,0.156
2026-08-13T15:30,0.141
2026-08-13T15:40,0.126
2026-08-13T15:50,0.095
2026-08-13T16:00,0.076
2026-08-13T16:10,0.06
2026-08-13T16:20,0.044
2026-08-13T16:30,0.016
2026-08-13T16:40,0.01
2026-08-13T16:50,-0.006
2026-08-13T17:00,-0.017
2026-08-13T17:10,-0.026
2026-08-13T17:20,-0.034
2026-08-13T17:30,-0.04
2026-08-13T17:40,-0.048
2026-08-13T17:50,-0.047
2026-08-13T18:00,-0.052
2026-08-13T18:10,-0.049
2026-08-13T18:20,-0.042
2026-08-13T18:30,-0.045
2026-08-13T18:40,-0.041
2026-08-13T18:50,-0.03
2026-08-13T19:00,-0.01
2026-08-13T19:10,-0.003
2026-08-13T19:20,0.014
2026-08-13T19:30,0.026
2026-08-13T19:40,0.044
2026-08-13T19:50,0.061
2026-08-13T20:00,0.078
2026-08-13T20:10,0.092
2026-08-13T20:20,0.114
2026-08-13T20:30,0.138
2026-08-13T20:40,0.156
2026-08-13T20:50,0.18
2026-08-13T21:00,0.195
2026-08-13T21:10,0.217
2026-08-13T21:20,0.241
2026-08-13T21:30,0.255
2026-08-13T21:40,0.267
2026-08-13T21:50,0.287
2026-08-13T22:00,0.306
2026-08-13T22:10,0.314
2026-08-13T22:20,0.331
2026-08-13T22:30,0.338
2026-08-13T22:40,0.348
2026-08-13T22:50,0.361
2026-08-13T23:00,0.365
2026-08-13T23:10,0.369
2026-08-13T23:20,0.375
2026-08-13T23:30,0.379
2026-08-13T23:40,0.377
2026-08-13T23:50,0.378
2026-08-14T00:00,0.369
2026-08-14T00:10,0.363
2026-08-14T00:20,0.348
2026-08-14T00:30,0.332
2026-08-14T00:40,0.305
2026-08-14T00:50,0.278
2026-08-14T01:00,0.263
2026-08-14T01:10,0.244
2026-08-14T01:20,0.227
2026-08-14T01:30,0.209
2026-08-14T01:40,0.183
2026-08-14T01:50,0.154
2026-08-14T02:00,0.134
2026-08-14T02:10,0.103
2026-08-14T02:20,0.075
2026-08-14T02:30,0.043
2026-08-14T02:40,0.01
2026-08-14T02:50,-0.02
2026-08-14T03:00,-0.059
2026-08-14T03:10,-0.086
2026-08-14T03:20,-0.114
2026-08-14T03:30,-0.15
2026-08-14T03:40,-0.183
2026-08-14T03:50,-0.211
2026-08-14T04:00,-0.236
2026-08-14T04:10,-0.262
2026-08-14T04:20,-0.28
2026-08-14T04:30,-0.3
2026-08-14T04:40,-0.313
2026-08-14T04:50,-0.34
2026-08-14T05:00,-0.356
2026-08-14T05:10,-0.369
2026-08-14T05:20,-0.382
2026-08-14T05:30,-0.395
2026-08-14T05:40,-0.407
2026-08-14T05:50,-0.41
2026-08-14T06:00,-0.409
2026-08-14T06:10,-0.404
2026-08-14T06:20,-0.396
2026-08-14T06:30,-0.387
2026-08-14T06:40,-0.373
2026-08-14T06:50,-0.352
2026-08-14T07:00,-0.327
2026-08-14T07:10,-0.304
2026-08-14T07:20,-0.291
2026-08-14T07:30,-0.274
2026-08-14T07:40,-0.247
2026-08-14T07:50,-0.22
2026-08-14T08:00,-0.194
2026-08-14T08:10,-0.162
2026-08-14T08:20,-0.133
2026-08-14T08:30,-0.107
2026-08-14T08:40,-0.078
2026-08-14T08:50,-0.048
2026-08-14T09:00,-0.012
2026-08-14T09:10,0.021
2026-08-14T09:20,0.049
2026-08-14T09:30,0.083
2026-08-14T09:40,0.115
2026-08-14T09:50,0.147
2026-08-14T10:00,0.185
2026-08-14T10:10,0.212
2026-08-14T10:20,0.246
2026-08-14T10:30,0.28
2026-08-14T10:40,0.307
2026-08-14T10:50,0.338
2026-08-14T11:00,0.371
2026-08-14T11:10,0.399
2026-08-14T11:20,0.42
2026-08-14T11:30,0.447
2026-08-14T11:40,0.46
2026-08-14T11:50,0.473
2026-08-14T12:00,0.487
2026-08-14T12:10,0.496
2026-08-14T12:20,0.505
2026-08-14T12:30,0.507
2026-08-14T12:40,0.504
2026-08-14T12:50,0.501
2026-08-14T13:00,0.492
2026-08-14T13:10,0.488
2026-08-14T13:20,0.482
2026-08-14T13:30,0.471
2026-08-14T13:40,0.449
2026-08-14T13:50,0.43
2026-08-14T14:00,0.418
2026-08-14T14:10,0.395
2026-08-14T14:20,0.37
2026-08-14T14:30,0.35
2026-08-14T14:40,0.317
2026-08-14T14:50,0.301
2026-08-14T15:00,0.275
2026-08-14T15:10,0.25
2026-08-14T15:20,0.219
2026-08-14T15:30,0.199
2026-08-14T15:40,0.173
2026-08-14T15:50,0.143
2026-08-14T16:00,0.126
2026-08-14T16:10,0.096
2026-08-14T16:20,0.077
2026-08-14T16:30,0.053
2026-08-14T16:40,0.029
2026-08-14T16:50,0.013
2026-08-14T17:00,-0.001
2026-08-14T17:10,-0.007
2026-08-14T17:20,-0.032
2026-08-14T17:30,-0.05
2026-08-14T17:40,-0.058
2026-08-14T17:50,-0.069
2026-08-14T18:00,-0.079
2026-08-14T18:10,-0.087
2026-08-14T18:20,-0.091
2026-08-14T18:30,-0.092
2026-08-14T18:40,-0.096
2026-08-14T18:50,-0.091
2026-08-14T19:00,-0.089
2026-08-14T19:10,-0.078
2026-08-14T19:20,-0.07
2026-08-14T19:30,-0.055
2026-08-14T19:40,-0.044
2026-08-14T19:50,-0.033
2026-08-14T20:00,-0.026
2026-08-14T20:10,-0.004
2026-08-14T20:20,0.009
2026-08-14T20:30,0.031
2026-08-14T20:40,0.042
2026-08-14T20:50,0.062
2026-08-14T21:00,0.077
2026-08-14T21:10,0.101
2026-08-14T21:20,0.12
2026-08-14T21:30,0.141
2026-08-14T21:40,0.163
2026-08-14T21:50,0.18
2026-08-14T22:00,0.201
2026-08-14T22:10,0.215
2026-08-14T22:20,0.231
2026-08-14T22:30,0.249
2026-08-14T22:40,0.261
2026-08-14T22:50,0.276
2026-08-14T23:00,0.286
2026-08-14T23:10,0.297
2026-08-14T23:20,0.307
2026-08-14T23:30,0.314
2026-08-14T23:40,0.322
2026-08-14T23:50,0.321
2026-08-15T00:00,0.33
2026-08-15T00:10,0.323
2026-08-15T00:20,0.319
2026-08-15T00:30,0.316
2026-08-15T00:40,0.308
2026-08-15T00:50,0.294
2026-08-15T01:00,0.281
2026-08-15T01:10,0.266
2026-08-15T01:20,0.243
2026-08-15T01:30,0.222
2026-08-15T01:40,0.208
2026-08-15T01:50,0.186
2026-08-15T02:00,0.169
2026-08-15T02:10,0.145
2026-08-15T02:20,0.123
2026-08-15T02:30,0.096
2026-08-15T02:40,0.079
2026-08-15T02:50,0.048
2026-08-15T03:00,0.026
2026-08-15T03:10,-0.006
2026-08-15T03:20,-0.022
2026-08-15T03:30,-0.055
2026-08-15T03:40,-0.083
2026-08-15T03:50,-0.103
2026-08-15T04:00,-0.123
2026-08-15T04:10,-0.147
2026-08-15T04:20,-0.174
2026-08-15T04:30,-0.191
2026-08-15T04:40,-0.214
2026-08-15T04:50,-0.236
2026-08-15T05:00,-0.248
2026-08-15T05:10,-0.266
2026-08-15T05:20,-0.29
2026-08-15T05:30,-0.293
2026-08-15T05:40,-0.309
2026-08-15T05:50,-0.311
2026-08-15T06:00,-0.308
2026-08-15T06:10,-0.305
2026-08-15T06:20,-0.303
2026-08-15T06:30,-0.304
2026-08-15T06:40,-0.287
2026-08-15T06:50,-0.27
2026-08-15T07:00,-0.261
2026-08-15T07:10,-0.25
2026-08-15T07:20,-0.237
2026-08-15T07:30,-0.222
2026-08-15T07:40,-0.201
2026-08-15T07:50,-0.179
2026-08-15T08:00,-0.161
2026-08-15T08:10,-0.13
2026-08-15T08:20,-0.103
2026-08-15T08:30,-0.079
2026-08-15T08:40,-0.05
2026-08-15T08:50,-0.026
2026-08-15T09:00,-0.005
2026-08-15T09:10,0.022
2026-08-15T09:20,0.05
2026-08-15T09:30,0.082
2026-08-15T09:40,0.108
2026-08-15T09:50,0.143
2026-08-15T10:00,0.17
2026-08-15T10:10,0.208
2026-08-15T10:20,0.232
2026-08-15T10:30,0.267
2026-08-15T10:40,0.291
2026-08-15T10:50,0.324
2026-08-15T11:00,0.349
2026-08-15T11:10,0.377
2026-08-15T11:20,0.404
2026-08-15T11:30,0.429
2026-08-15T11:40,0.442
2026-08-15T11:50,0.467
2026-08-15T12:00,0.483
2026-08-15T12:10,0.505
2026-08-15T12:20,0.512
2026-08-15T12:30,0.512
2026-08-15T12:40,0.521
2026-08-15T12:50,0.528
2026-08-15T13:00,0.522
2026-08-15T13:10,0.522
2026-08-15T13:20,0.515
2026-08-15T13:30,0.518
2026-08-15T13:40,0.503
2026-08-15T13:50,0.486
2026-08-15T14:00,0.478
2026-08-15T14:10,0.468
2026-08-15T14:20,0.446
2026-08-15T14:30,0.422
2026-08-15T14:40,0.403
2026-08-15T14:50,0.379
2026-08-15T15:00,0.359
2026-08-15T15:10,0.335
2026-08-15T15:20,0.308
2026-08-15T15:30,0.278
2026-08-15T15:40,0.265
2026-08-15T15:50,0.237
2026-08-15T16:00,0.209
2026-08-15T16:10,0.186
2026-08-15T16:20,0.159
2026-08-15T16:30,0.149
2026-08-15T16:40,0.112
2026-08-15T16:50,0.088
2026-08-15T17:00,0.069
2026-08-15T17:10,0.062
2026-08-15T17:20,0.035
2026-08-15T17:30,0.016
2026-08-15T17:40,0.007
2026-08-15T17:50,-0.008
2026-08-15T18:00,-0.029
2026-08-15T18:10,-0.039
2026-08-15T18:20,-0.043
2026-08-15T18:30,-0.056
2026-08-15T18:40,-0.055
2026-08-15T18:50,-0.057
2026-08-15T19:00,-0.056
2026-08-15T19:10,-0.075
2026-08-15T19:20,-0.062
2026-08-15T19:30,-0.051
2026-08-15T19:40,-0.038
2026-08-15T19:50,-0.037
2026-08-15T20:00,-0.031
2026-08-15T20:10,-0.024
2026-08-15T20:20,-0.02
2026-08-15T20:30,0.008
2026-08-15T20:40,0.007
2026-08-15T20:50,0.027
2026-08-15T21:00,0.038
2026-08-15T21:10,0.066
2026-08-15T21:20,0.083
2026-08-15T21:30,0.094
2026-08-15T21:40,0.107
2026-08-15T21:50,0.129
2026-08-15T22:00,0.149
2026-08-15T22:10,0.163
2026-08-15T22:20,0.179
2026-08-15T22:30,0.193
2026-08-15T22:40,0.209
2026-08-15T22:50,0.224
2026-08-15T23:00,0.236
2026-08-15T23:10,0.25
2026-08-15T23:20,0.261
2026-08-15T23:30,0.266
2026-08-15T23:40,0.279
2026-08-15T23:50,0.289
2026-08-16T00:00,0.297
2026-08-16T00:10,0.303
2026-08-16T00:20,0.306
2026-08-16T00:30,0.314
2026-08-16T00:40,0.312
2026-08-16T00:50,0.313
2026-08-16T01:00,0.311
2026-08-16T01:10,0.309
2026-08-16T01:20,0.303
2026-08-16T01:30,0.289
2026-08-16T01:40,0.268
2026-08-16T01:50,0.257
2026-08-16T02:00,0.253
2026-08-16T02:10,0.238
2026-08-16T02:20,0.21
2026-08-16T02:30,0.187
2026-08-16T02:40,0.174
2026-08-16T02:50,0.162
2026-08-16T03:00,0.146
2026-08-16T03:10,0.128
2026-08-16T03:20,0.101
2026-08-16T03:30,0.08
2026-08-16T03:40,0.068
2026-08-16T03:50,0.059
2026-08-16T04:00,0.031
2026-08-16T04:10,0.014
2026-08-16T04:20,-0.005
2026-08-16T04:30,-0.025
2026-08-16T04:40,-0.038
2026-08-16T04:50,-0.058
2026-08-16T05:00,-0.082
2026-08-16T05:10,-0.091
2026-08-16T05:20,-0.11
2026-08-16T05:30,-0.123
2026-08-16T05:40,-0.133
2026-08-16T05:50,-0.142
2026-08-16T06:00,-0.145
2026-08-16T06:10,-0.152
2026-08-16T06:20,-0.151
2026-08-16T06:30,-0.153
2026-08-16T06:40,-0.146
2026-08-16T06:50,-0.143
2026-08-16T07:00,-0.15
2026-08-16T07:10,-0.13
2026-08-16T07:20,-0.125
2026-08-16T07:30,-0.116
2026-08-16T07:40,-0.115
2026-08-16T07:50,-0.103
2026-08-16T08:00,-0.078
2026-08-16T08:10,-0.069
2026-08-16T08:20,-0.055
2026-08-16T08:30,-0.032
2026-08-16T08:40,-0.005
2026-08-16T08:50,0.01
2026-08-16T09:00,0.032
2026-08-16T09:10,0.054
2026-08-16T09:20,0.071
2026-08-16T09:30,0.087
2026-08-16T09:40,0.112
2026-08-16T09:50,0.144
2026-08-16T10:00,0.164
2026-08-16T10:10,0.191
2026-08-16T10:20,0.213
2026-08-16T10:30,0.237
2026-08-16T10:40,0.26
2026-08-16T10:50,0.284
2026-08-16T11:00,0.306
2026-08-16T11:10,0.33
2026-08-16T11:20,0.35
2026-08-16T11:30,0.371
2026-08-16T11:40,0.399
2026-08-16T11:50,0.412
2026-08-16T12:00,0.433
2026-08-16T12:10,0.438
2026-08-16T12:20,0.452
2026-08-16T12:30,0.471
2026-08-16T12:40,0.481
2026-08-16T12:50,0.493
2026-08-16T13:00,0.495
2026-08-16T13:10,0.494
2026-08-16T13:20,0.503
2026-08-16T13:30,0.499
2026-08-16T13:40,0.494
2026-08-16T13:50,0.487
2026-08-16T14:00,0.48
2026-08-16T14:10,0.464
2026-08-16T14:20,0.465
2026-08-16T14:30,0.451
2026-08-16T14:40,0.432
2026-08-16T14:50,0.414
2026-08-16T15:00,0.407
2026-08-16T15:10,0.395
2026-08-16T15:20,0.379
2026-08-16T15:30,0.349
2026-08-16T15:40,0.331
2026-08-16T15:50,0.318
2026-08-16T16:00,0.289
2026-08-16T16:10,0.271
2026-08-16T16:20,0.242
2026-08-16T16:30,0.213
2026-08-16T16:40,0.204
2026-08-16T16:50,0.185
2026-08-16T17:00,0.157
2026-08-16T17:10,0.147
2026-08-16T17:20,0.116
2026-08-16T17:30,0.109
2026-08-16T17:40,0.079
2026-08-16T17:50,0.073
2026-08-16T18:00,0.042
2026-08-16T18:10,0.028
2026-08-16T18:20,0.014
2026-08-16T18:30,-0.008
2026-08-16T18:40,-0.017
2026-08-16T18:50,-0.018
2026-08-16T19:00,-0.037
2026-08-16T19:10,-0.042
2026-08-16T19:20,-0.032
2026-08-16T19:30,-0.033
2026-08-16T19:40,-0.043
2026-08-16T19:50,-0.042
2026-08-16T20:00,-0.045
2026-08-16T20:10,-0.036
2026-08-16T20:20,-0.014
2026-08-16T20:30,-0.012
2026-08-16T20:40,0.001
2026-08-16T20:50,0.008
2026-08-16T21:00,0.03
2026-08-16T21:10,0.024
2026-08-16T21:20,0.035
2026-08-16T21:30,0.048
2026-08-16T21:40,0.059
2026-08-16T21:50,0.062
2026-08-16T22:00,0.084
2026-08-16T22:10,0.093
2026-08-16T22:20,0.106
2026-08-16T22:30,0.126
2026-08-16T22:40,0.13
2026-08-16T22:50,0.152
2026-08-16T23:00,0.167
2026-08-16T23:10,0.184
2026-08-16T23:20,0.195
2026-08-16T23:30,0.198
2026-08-16T23:40,0.217
2026-08-16T23:50,0.242
2026-08-17T00:00,0.254
2026-08-17T00:10,0.245
2026-08-17T00:20,0.257
2026-08-17T00:30,0.264
2026-08-17T00:40,0.273
2026-08-17T00:50,0.285
2026-08-17T01:00,0.28
2026-08-17T01:10,0.268
2026-08-17T01:20,0.27
2026-08-17T01:30,0.266
2026-08-17T01:40,0.255
2026-08-17T01:50,0.261
2026-08-17T02:00,0.251
2026-08-17T02:10,0.246
2026-08-17T02:20,0.244
2026-08-17T02:30,0.224
2026-08-17T02:40,0.209
2026-08-17T02:50,0.203
2026-08-17T03:00,0.192
2026-08-17T03:10,0.183
2026-08-17T03:20,0.152
2026-08-17T03:30,0.135
2026-08-17T03:40,0.139
2026-08-17T03:50,0.123
2026-08-17T04:00,0.109
2026-08-17T04:10,0.081
2026-08-17T04:20,0.065
2026-08-17T04:30,0.059
2026-08-17T04:40,0.036
2026-08-17T04:50,0.0
2026-08-17T05:00,-0.004
2026-08-17T05:10,-0.01
2026-08-17T05:20,-0.012
2026-08-17T05:30,-0.019
2026-08-17T05:40,-0.039
2026-08-17T05:50,-0.047
2026-08-17T06:00,-0.056
2026-08-17T06:10,-0.058
2026-08-17T06:20,-0.07
2026-08-17T06:30,-0.068
2026-08-17T06:40,-0.081
2026-08-17T06:50,-0.083
2026-08-17T07:00,-0.102
2026-08-17T07:10,-0.088
2026-08-17T07:20,-0.095
2026-08-17T07:30,-0.103
2026-08-17T07:40,-0.11
2026-08-17T07:50,-0.108
2026-08-17T08:00,-0.085
2026-08-17T08:10,-0.08
2026-08-17T08:20,-0.082
2026-08-17T08:30,-0.06
2026-08-17T08:40,-0.048
2026-08-17T08:50,-0.046
2026-08-17T09:00,-0.041
2026-08-17T09:10,-0.029
2026-08-17T09:20,-0.008
2026-08-17T09:30,0.004
2026-08-17T09:40,0.021
2026-08-17T09:50,0.041
2026-08-17T10:00,0.079
2026-08-17T10:10,0.109
2026-08-17T10:20,0.133
2026-08-17T10:30,0.156
2026-08-17T10:40,0.185
2026-08-17T10:50,0.194
2026-08-17T11:00,0.219
2026-08-17T11:10,0.245
2026-08-17T11:20,0.26
2026-08-17T11:30,0.294
2026-08-17T11:40,0.31
2026-08-17T11:50,0.321
2026-08-17T12:00,0.341
2026-08-17T12:10,0.364
2026-08-17T12:20,0.383
2026-08-17T12:30,0.384
2026-08-17T12:40,0.401
2026-08-17T12:50,0.406
2026-08-17T13:00,0.432
2026-08-17T13:10,0.44
2026-08-17T13:20,0.45
2026-08-17T13:30,0.443
2026-08-17T13:40,0.443
2026-08-17T13:50,0.445
2026-08-17T14:00,0.447
2026-08-17T14:10,0.442
2026-08-17T14:20,0.423
2026-08-17T14:30,0.43
2026-08-17T14:40,0.426
2026-08-17T14:50,0.421
2026-08-17T15:00,0.412
2026-08-17T15:10,0.411
2026-08-17T15:20,0.411
2026-08-17T15:30,0.378
2026-08-17T15:40,0.376
2026-08-17T15:50,0.343
2026-08-17T16:00,0.323
2026-08-17T16:10,0.307
2026-08-17T16:20,0.285
2026-08-17T16:30,0.27
2026-08-17T16:40,0.255
2026-08-17T16:50,0.247
2026-08-17T17:00,0.24
2026-08-17T17:10,0.223
2026-08-17T17:20,0.219
2026-08-17T17:30,0.196
2026-08-17T17:40,0.166
2026-08-17T17:50,0.138
2026-08-17T18:00,0.112
2026-08-17T18:10,0.099
2026-08-17T18:20,0.072
2026-08-17T18:30,0.041
2026-08-17T18:40,0.032
2026-08-17T18:50,0.025
2026-08-17T19:00,0.038
2026-08-17T19:10,0.012
2026-08-17T19:20,-0.01
2026-08-17T19:30,-0.011
2026-08-17T19:40,-0.001
2026-08-17T19:50,0.017
2026-08-17T20:00,0.036
2026-08-17T20:10,0.051
2026-08-17T20:20,0.023
2026-08-17T20:30,0.001
2026-08-17T20:40,-0.013
2026-08-17T20:50,0.017
2026-08-17T21:00,0.018
2026-08-17T21:10,0.024
2026-08-17T21:20,0.026
2026-08-17T21:30,-0.002
2026-08-17T21:40,0.029
2026-08-17T21:50,0.067
2026-08-17T22:00,0.092
2026-08-17T22:10,0.091
2026-08-17T22:20,0.063
2026-08-17T22:30,0.102
2026-08-17T22:40,0.138
2026-08-17T22:50,0.149
2026-08-17T23:00,0.113
2026-08-17T23:10,0.124
2026-08-17T23:20,0.167
2026-08-17T23:30,0.165
2026-08-17T23:40,0.161
2026-08-17T23:50,0.153
2026-08-18T00:00,0.172
2026-08-18T00:10,0.207
2026-08-18T00:20,0.225
2026-08-18T00:30,0.193
2026-08-18T00:40,0.189
2026-08-18T00:50,0.226
2026-08-18T01:00,0.272
2026-08-18T01:10,0.282
2026-08-18T01:20,0.256
2026-08-18T01:30,0.234
2026-08-18T01:40,0.244
2026-08-18T01:50,0.219
2026-08-18T02:00,0.205
2026-08-18T02:10,0.199
2026-08-18T02:20,0.192
2026-08-18T02:30,0.214
2026-08-18T02:40,0.192
2026-08-18T02:50,0.192
2026-08-18T03:00,0.211
2026-08-18T03:10,0.208
2026-08-18T03:20,0.186
2026-08-18T03:30,0.147
2026-08-18T03:40,0.146
2026-08-18T03:50,0.167
2026-08-18T04:00,0.168
2026-08-18T04:10,0.118
2026-08-18T04:20,0.06
2026-08-18T04:30,0.07
2026-08-18T04:40,0.074
2026-08-18T04:50,0.053
2026-08-18T05:00,0.054
2026-08-18T05:10,0.01
2026-08-18T05:20,0.003
2026-08-18T05:30,0.005
2026-08-18T05:40,-0.02
2026-08-18T05:50,-0.019
2026-08-18T06:00,-0.017
2026-08-18T06:10,-0.015
2026-08-18T06:20,-0.011
2026-08-18T06:30,-0.006
2026-08-18T06:40,-0.025
2026-08-18T06:50,-0.017
2026-08-18T07:00,-0.009
2026-08-18T07:10,-0.057
2026-08-18T07:20,-0.047
2026-08-18T07:30,-0.057
2026-08-18T07:40,-0.038
2026-08-18T07:50,-0.019
2026-08-18T08:00,-0.01
2026-08-18T08:10,-0.012
2026-08-18T08:20,-0.007
2026-08-18T08:30,-0.001
2026-08-18T08:40,0.007
2026-08-18T08:50,0.009
2026-08-18T09:00,0.028
2026-08-18T09:10,0.035
2026-08-18T09:20,0.054
2026-08-18T09:30,0.054
2026-08-18T09:40,0.066
2026-08-18T09:50,0.079
2026-08-18T10:00,0.113
2026-08-18T10:10,0.141
2026-08-18T10:20,0.165
2026-08-18T10:30,0.175
2026-08-18T10:40,0.188
2026-08-18T10:50,0.197
2026-08-18T11:00,0.234
2026-08-18T11:10,0.235
2026-08-18T11:20,0.248
2026-08-18T11:30,0.254
2026-08-18T11:40,0.291
2026-08-18T11:50,0.296
2026-08-18T12:00,0.304
2026-08-18T12:10,0.321
2026-08-18T12:20,0.315
2026-08-18T12:30,0.325
2026-08-18T12:40,0.354
2026-08-18T12:50,0.373
2026-08-18T13:00,0.388
2026-08-18T13:10,0.398
2026-08-18T13:20,0.396
2026-08-18T13:30,0.374
2026-08-18T13:40,0.411
2026-08-18T13:50,0.412
2026-08-18T14:00,0.416
2026-08-18T14:10,0.414
2026-08-18T14:20,0.414
2026-08-18T14:30,0.406
2026-08-18T14:40,0.399
2026-08-18T14:50,0.388
2026-08-18T15:00,0.384
2026-08-18T15:10,0.394
2026-08-18T15:20,0.372
2026-08-18T15:30,0.373
2026-08-18T15:40,0.381
2026-08-18T15:50,0.363
2026-08-18T16:00,0.339
2026-08-18T16:10,0.322
2026-08-18T16:20,0.303
2026-08-18T16:30,0.276
2026-08-18T16:40,0.284
2026-08-18T16:50,0.265
2026-08-18T17:00,0.267
2026-08-18T17:10,0.234
2026-08-18T17:20,0.227
2026-08-18T17:30,0.203
2026-08-18T17:40,0.201
2026-08-18T17:50,0.185
2026-08-18T18:00,0.169
2026-08-18T18:10,0.148
2026-08-18T18:20,0.137
2026-08-18T18:30,0.132
2026-08-18T18:40,0.097
2026-08-18T18:50,0.103
2026-08-18T19:00,0.091
2026-08-18T19:10,0.081
2026-08-18T19:20,0.087
2026-08-18T19:30,0.064
2026-08-18T19:40,0.064
2026-08-18T19:50,0.053
2026-08-18T20:00,0.051
2026-08-18T20:10,0.03
2026-08-18T20:20,0.025
2026-08-18T20:30,0.028
2026-08-18T20:40,0.028
2026-08-18T20:50,0.038
2026-08-18T21:00,0.06
2026-08-18T21:10,0.042
2026-08-18T21:20,0.056
2026-08-18T21:30,0.058
2026-08-18T21:40,0.05
2026-08-18T21:50,0.048
2026-08-18T22:00,0.04
2026-08-18T22:10,0.058
2026-08-18T22:20,0.068
2026-08-18T22:30,0.078
2026-08-18T22:40,0.08
2026-08-18T22:50,0.091
2026-08-18T23:00,0.098
2026-08-18T23:10,0.093
2026-08-18T23:20,0.099
2026-08-18T23:30,0.122
2026-08-18T23:40,0.113
2026-08-18T23:50,0.13
2026-08-19T00:00,0.131
2026-08-19T00:10,0.14
2026-08-19T00:20,0.14
2026-08-19T00:30,0.137
2026-08-19T00:40,0.153
2026-08-19T00:50,0.166
2026-08-19T01:00,0.176
2026-08-19T01:10,0.159
2026-08-19T01:20,0.179
2026-08-19T01:30,0.162
2026-08-19T01:40,0.175
2026-08-19T01:50,0.183
2026-08-19T02:00,0.148
2026-08-19T02:10,0.147
2026-08-19T02:20,0.144
2026-08-19T02:30,0.173
2026-08-19T02:40,0.149
2026-08-19T02:50,0.139
2026-08-19T03:00,0.12
2026-08-19T03:10,0.136
2026-08-19T03:20,0.142
2026-08-19T03:30,0.113
2026-08-19T03:40,0.102
2026-08-19T03:50,0.116
2026-08-19T04:00,0.111
2026-08-19T04:10,0.111
2026-08-19T04:20,0.095
2026-08-19T04:30,0.09
2026-08-19T04:40,0.089
2026-08-19T04:50,0.076
2026-08-19T05:00,0.076
2026-08-19T05:10,0.056
2026-08-19T05:20,0.055
2026-08-19T05:30,0.05
2026-08-19T05:40,0.058
2026-08-19T05:50,0.053
2026-08-19T06:00,0.054
2026-08-19T06:10,0.051
2026-08-19T06:20,0.049
2026-08-19T06:30,0.052
2026-08-19T06:40,0.048
2026-08-19T06:50,0.032
2026-08-19T07:00,0.058
2026-08-19T07:10,0.072
2026-08-19T07:20,0.053
2026-08-19T07:30,0.058
2026-08-19T07:40,0.061
2026-08-19T07:50,0.078
2026-08-19T08:00,0.089
2026-08-19T08:10,0.084
2026-08-19T08:20,0.088
2026-08-19T08:30,0.1
2026-08-19T08:40,0.107
2026-08-19T08:50,0.111
2026-08-19T09:00,0.125
2026-08-19T09:10,0.134
2026-08-19T09:20,0.14
2026-08-19T09:30,0.157
2026-08-19T09:40,0.17
2026-08-19T09:50,0.174
2026-08-19T10:00,0.173
2026-08-19T10:10,0.186
2026-08-19T10:20,0.194
2026-08-19T10:30,0.209
2026-08-19T10:40,0.219
2026-08-19T10:50,0.224
2026-08-19T11:00,0.244
2026-08-19T11:10,0.255
2026-08-19T11:20,0.268
2026-08-19T11:30,0.275
2026-08-19T11:40,0.28
2026-08-19T11:50,0.298
2026-08-19T12:00,0.307
2026-08-19T12:10,0.338
2026-08-19T12:20,0.346
2026-08-19T12:30,0.34
2026-08-19T12:40,0.346
2026-08-19T12:50,0.358
2026-08-19T13:00,0.368
2026-08-19T13:10,0.383
2026-08-19T13:20,0.389
2026-08-19T13:30,0.386
2026-08-19T13:40,0.403
2026-08-19T13:50,0.407
2026-08-19T14:00,0.404
2026-08-19T14:10,0.409
2026-08-19T14:20,0.424
2026-08-19T14:30,0.412
2026-08-19T14:40,0.413
2026-08-19T14:50,0.413
2026-08-19T15:00,0.413
2026-08-19T15:10,0.427
2026-08-19T15:20,0.421
2026-08-19T15:30,0.409
2026-08-19T15:40,0.409
2026-08-19T15:50,0.393
2026-08-19T16:00,0.389
2026-08-19T16:10,0.396
2026-08-19T16:20,0.395
2026-08-19T16:30,0.375
2026-08-19T16:40,0.356
2026-08-19T16:50,0.366
2026-08-19T17:00,0.368
2026-08-19T17:10,0.344
2026-08-19T17:20,0.337
2026-08-19T17:30,0.328
2026-08-19T17:40,0.327
2026-08-19T17:50,0.317
2026-08-19T18:00,0.31
2026-08-19T18:10,0.294
2026-08-19T18:20,0.278
2026-08-19T18:30,0.262
2026-08-19T18:40,0.247
2026-08-19T18:50,0.255
2026-08-19T19:00,0.25
2026-08-19T19:10,0.236
2026-08-19T19:20,0.22
2026-08-19T19:30,0.214
2026-08-19T19:40,0.197
2026-08-19T19:50,0.189
2026-08-19T20:00,0.192
2026-08-19T20:10,0.191
2026-08-19T20:20,0.181
2026-08-19T20:30,0.158
2026-08-19T20:40,0.154
2026-08-19T20:50,0.155
2026-08-19T21:00,0.149
2026-08-19T21:10,0.141
2026-08-19T21:20,0.127
2026-08-19T21:30,0.132
2026-08-19T21:40,0.129
2026-08-19T21:50,0.12
2026-08-19T22:00,0.115
2026-08-19T22:10,0.116
2026-08-19T22:20,0.108
2026-08-19T22:30,0.108
2026-08-19T22:40,0.107
2026-08-19T22:50,0.104
2026-08-19T23:00,0.108
2026-08-19T23:10,0.113
2026-08-19T23:20,0.117
2026-08-19T23:30,0.105
2026-08-19T23:40,0.11
2026-08-19T23:50,0.104
2026-08-20T00:00,0.118
2026-08-20T00:10,0.115
2026-08-20T00:20,0.116
2026-08-20T00:30,0.111
2026-08-20T00:40,0.116
2026-08-20T00:50,0.113
2026-08-20T01:00,0.123
2026-08-20T01:10,0.125
2026-08-20T01:20,0.114
2026-08-20T01:30,0.118
2026-08-20T01:40,0.121
2026-08-20T01:50,0.126
2026-08-20T02:00,0.114
2026-08-20T02:10,0.123
2026-08-20T02:20,0.115
2026-08-20T02:30,0.109
2026-08-20T02:40,0.116
2026-08-20T02:50,0.112
2026-08-20T03:00,0.101
2026-08-20T03:10,0.1
2026-08-20T03:20,0.101
2026-08-20T03:30,0.11
2026-08-20T03:40,0.11
2026-08-20T03:50,0.113
2026-08-20T04:00,0.117
2026-08-20T04:10,0.117
2026-08-20T04:20,0.114
2026-08-20T04:30,0.107
2026-08-20T04:40,0.1
2026-08-20T04:50,0.097
2026-08-20T05:00,0.099
2026-08-20T05:10,0.103
2026-08-20T05:20,0.09
2026-08-20T05:30,0.098
2026-08-20T05:40,0.094
2026-08-20T05:50,0.102
2026-08-20T06:00,0.096
2026-08-20T06:10,0.084
2026-08-20T06:20,0.094
2026-08-20T06:30,0.1
2026-08-20T06:40,0.11
2026-08-20T06:50,0.114
2026-08-20T07:00,0.124
2026-08-20T07:10,0.112
2026-08-20T07:20,0.115
2026-08-20T07:30,0.118
2026-08-20T07:40,0.126
2026-08-20T07:50,0.127
2026-08-20T08:00,0.133
2026-08-20T08:10,0.143
2026-08-20T08:20,0.136
2026-08-20T08:30,0.149
2026-08-20T08:40,0.16
2026-08-20T08:50,0.175
2026-08-20T09:00,0.173
2026-08-20T09:10,0.169
2026-08-20T09:20,0.191
2026-08-20T09:30,0.197
2026-08-20T09:40,0.198
2026-08-20T09:50,0.208
2026-08-20T10:00,0.221
2026-08-20T10:10,0.208
2026-08-20T10:20,0.216
2026-08-20T10:30,0.234
2026-08-20T10:40,0.241
2026-08-20T10:50,0.236
2026-08-20T11:00,0.223
2026-08-20T11:10,0.245
2026-08-20T11:20,0.256
2026-08-20T11:30,0.253
2026-08-20T11:40,0.268
2026-08-20T11:50,0.276
2026-08-20T12:00,0.283
2026-08-20T12:10,0.279
2026-08-20T12:20,0.3
2026-08-20T12:30,0.301
2026-08-20T12:40,0.308
2026-08-20T12:50,0.307
2026-08-20T13:00,0.32
2026-08-20T13:10,0.329
2026-08-20T13:20,0.329
2026-08-20T13:30,0.34
2026-08-20T13:40,0.352
2026-08-20T13:50,0.352
2026-08-20T14:00,0.361
2026-08-20T14:10,0.362
2026-08-20T14:20,0.374
2026-08-20T14:30,0.371
2026-08-20T14:40,0.395
2026-08-20T14:50,0.39
2026-08-20T15:00,0.39
2026-08-20T15:10,0.391
2026-08-20T15:20,0.398
2026-08-20T15:30,0.412
2026-08-20T15:40,0.396
2026-08-20T15:50,0.401
2026-08-20T16:00,0.4
2026-08-20T16:10,0.406
2026-08-20T16:20,0.399
2026-08-20T16:30,0.395
2026-08-20T16:40,0.396
2026-08-20T16:50,0.381
2026-08-20T17:00,0.41
2026-08-20T17:10,0.404
2026-08-20T17:20,0.394
2026-08-20T17:30,0.368
2026-08-20T17:40,0.376
2026-08-20T17:50,0.374
2026-08-20T18:00,0.377
2026-08-20T18:10,0.375
2026-08-20T18:20,0.359
2026-08-20T18:30,0.366
2026-08-20T18:40,0.367
2026-08-20T18:50,0.389
2026-08-20T19:00,0.334
2026-08-20T19:10,0.327
2026-08-20T19:20,0.329
2026-08-20T19:30,0.35
2026-08-20T19:40,0.331
2026-08-20T19:50,0.32
2026-08-20T20:00,0.319
2026-08-20T20:10,0.325
2026-08-20T20:20,0.332
2026-08-20T20:30,0.305
2026-08-20T20:40,0.301
2026-08-20T20:50,0.304
2026-08-20T21:00,0.257
2026-08-20T21:10,0.235
2026-08-20T21:20,0.248
2026-08-20T21:30,0.226
2026-08-20T21:40,0.207
2026-08-21T01:20,0.11
2026-08-21T01:30,0.144
2026-08-21T01:40,0.166
2026-08-21T01:50,0.154
2026-08-21T02:00,0.136
2026-08-21T02:10,0.087
2026-08-21T02:20,0.029
2026-08-21T02:30,0.022
2026-08-21T02:40,0.047
2026-08-21T02:50,0.081
2026-08-21T03:00,0.108
2026-08-21T03:10,0.056
2026-08-21T03:20,0.037
2026-08-21T03:30,0.064
2026-08-21T03:40,0.095
2026-08-21T03:50,-0.039
2026-08-21T04:00,-0.012
2026-08-21T04:10,0.018
2026-08-21T04:20,0.035
2026-08-21T04:30,0.041
2026-08-21T04:40,0.01
2026-08-21T04:50,0.014
2026-08-21T05:00,0.0
2026-08-21T05:10,0.056
2026-08-21T05:20,0.053
2026-08-21T05:30,0.083
2026-08-21T05:40,0.055
2026-08-21T05:50,0.05
2026-08-21T06:00,0.09
2026-08-21T06:10,0.103
2026-08-21T06:20,0.108
2026-08-21T06:30,0.129
2026-08-21T06:40,0.142
2026-08-21T06:50,0.152
2026-08-21T07:00,0.144
2026-08-21T07:10,0.12
2026-08-21T07:20,0.109
2026-08-21T07:30,0.133
2026-08-21T07:40,0.145
2026-08-21T07:50,0.144
2026-08-21T08:00,0.131
2026-08-21T08:10,0.152
2026-08-21T08:20,0.194
2026-08-21T08:30,0.219
2026-08-21T08:40,0.191
2026-08-21T08:50,0.172
2026-08-21T09:00,0.211
2026-08-21T09:10,0.197
2026-08-21T09:20,0.201
2026-08-21T09:30,0.192
2026-08-21T09:40,0.205
2026-08-21T09:50,0.196
2026-08-21T10:00,0.173
2026-08-21T10:10,0.218
2026-08-21T10:20,0.177
2026-08-21T10:30,0.203
2026-08-21T10:40,0.188
2026-08-21T10:50,0.232
2026-08-21T11:00,0.191
2026-08-21T11:10,0.159
2026-08-21T11:20,0.209
2026-08-21T11:30,0.226
2026-08-21T11:40,0.285
2026-08-21T11:50,0.267
2026-08-21T12:00,0.262
2026-08-21T12:10,0.304
2026-08-21T12:20,0.282
2026-08-21T12:30,0.315
2026-08-21T12:40,0.277
2026-08-21T12:50,0.308
2026-08-21T13:00,0.304
2026-08-21T13:10,0.339
2026-08-21T13:20,0.306
2026-08-21T13:30,0.359
2026-08-21T13:40,0.335
2026-08-21T13:50,0.362
2026-08-21T14:00,0.332
2026-08-21T14:10,0.352
2026-08-21T14:20,0.343
2026-08-21T14:30,0.38
2026-08-21T14:40,0.409
2026-08-21T14:50,0.394
2026-08-21T15:00,0.283
2026-08-21T15:10,0.207
2026-08-21T15:20,0.288
2026-08-21T15:30,0.349
2026-08-21T15:40,0.327
2026-08-21T15:50,0.347
2026-08-21T16:00,0.353
2026-08-21T16:10,0.328
2026-08-21T16:20,0.333
2026-08-21T16:30,0.349
2026-08-21T16:40,0.393
2026-08-21T16:50,0.421
2026-08-21T17:00,0.408
2026-08-21T17:10,0.431
2026-08-21T17:20,0.45
2026-08-21T17:30,0.488
2026-08-21T17:40,0.516
2026-08-21T17:50,0.498
2026-08-21T18:00,0.437
2026-08-21T18:10,0.32
2026-08-21T18:20,0.404
2026-08-21T18:30,0.555
2026-08-21T18:40,0.609
2026-08-21T18:50,0.441
2026-08-21T19:00,0.452
2026-08-21T19:10,0.441
2026-08-21T19:20,0.488
2026-08-21T19:30,0.479
2026-08-21T19:40,0.509
2026-08-21T19:50,0.465
2026-08-21T20:00,0.414
2026-08-21T20:10,0.367
2026-08-21T20:20,0.324
2026-08-21T20:30,0.401
2026-08-21T20:40,0.383
2026-08-21T20:50,0.311
2026-08-21T21:00,0.383
2026-08-21T21:10,0.334
2026-08-21T21:20,0.332
2026-08-21T21:30,0.289
2026-08-21T21:40,0.257
2026-08-22T01:20,-0.017
2026-08-22T01:30,-0.053
2026-08-22T01:40,-0.037
2026-08-22T01:50,-0.037
2026-08-22T02:00,-0.04
2026-08-22T02:10,-0.089
2026-08-22T02:20,-0.061
2026-08-22T02:30,-0.04
2026-08-22T02:40,-0.087
2026-08-22T02:50,-0.173
2026-08-22T03:00,-0.187
2026-08-22T03:10,-0.125
2026-08-22T03:20,-0.093
2026-08-22T03:30,-0.056
2026-08-22T03:40,-0.05
2026-08-22T03:50,-0.071
2026-08-22T04:00,-0.113
2026-08-22T04:10,-0.06
2026-08-22T04:20,-0.094
2026-08-22T04:30,-0.095
2026-08-22T04:40,-0.07
2026-08-22T04:50,-0.079
2026-08-22T05:00,-0.073
2026-08-22T05:10,-0.06
2026-08-22T05:20,-0.049
2026-08-22T05:30,-0.061
2026-08-22T05:40,-0.021
2026-08-22T05:50,-0.031
2026-08-22T06:00,-0.026
2026-08-22T06:10,-0.001
2026-08-22T06:20,0.021
2026-08-22T06:30,0.011
2026-08-22T06:40,0.029
2026-08-22T06:50,0.038
2026-08-22T07:00,0.029
2026-08-22T07:10,0.084
2026-08-22T07:20,0.074
2026-08-22T07:30,0.088
2026-08-22T07:40,0.082
2026-08-22T07:50,0.073
2026-08-22T08:00,0.064
2026-08-22T08:10,0.055
2026-08-22T08:20,0.077
2026-08-22T08:30,0.113
2026-08-22T08:40,0.125
2026-08-22T08:50,0.115
2026-08-22T09:00,0.141
2026-08-22T09:10,0.166
2026-08-22T09:20,0.165
2026-08-22T09:30,0.159
2026-08-22T09:40,0.178
2026-08-22T09:50,0.204
2026-08-22T10:00,0.202
2026-08-22T10:10,0.24
2026-08-22T10:20,0.251
2026-08-22T10:30,0.265
2026-08-22T10:40,0.252
2026-08-22T10:50,0.24
2026-08-22T11:00,0.245
2026-08-22T11:10,0.253
2026-08-22T11:20,0.327
2026-08-22T11:30,0.308
2026-08-22T11:40,0.268
2026-08-22T11:50,0.29
2026-08-22T12:00,0.304
2026-08-22T12:10,0.282
2026-08-22T12:20,0.274
2026-08-22T12:30,0.298
2026-08-22T12:40,0.301
2026-08-22T12:50,0.297
2026-08-22T13:00,0.293
2026-08-22T13:10,0.296
2026-08-22T13:20,0.307
2026-08-22T13:30,0.285
2026-08-22T13:40,0.286
2026-08-22T13:50,0.293
2026-08-22T14:00,0.294
2026-08-22T14:10,0.306
2026-08-22T14:20,0.316
2026-08-22T14:30,0.323
2026-08-22T14:40,0.3
2026-08-22T14:50,0.316
2026-08-22T15:00,0.331
2026-08-22T15:10,0.357
2026-08-22T15:20,0.361
2026-08-22T15:30,0.349
2026-08-22T15:40,0.36
2026-08-22T15:50,0.364
2026-08-22T16:00,0.35
2026-08-22T16:10,0.374
2026-08-22T16:20,0.37
2026-08-22T16:30,0.392
2026-08-22T16:40,0.407
2026-08-22T16:50,0.392
2026-08-22T17:00,0.381
2026-08-22T17:10,0.391
2026-08-22T17:20,0.408
2026-08-22T17:30,0.414
2026-08-22T17:40,0.403
2026-08-22T17:50,0.411
2026-08-22T18:00,0.417
2026-08-22T18:10,0.427
2026-08-22T18:20,0.412
2026-08-22T18:30,0.421
2026-08-22T18:40,0.422
2026-08-22T18:50,0.419
2026-08-22T19:00,0.396
2026-08-22T19:10,0.391
2026-08-22T19:20,0.391
2026-08-22T19:30,0.417
2026-08-22T19:40,0.401
2026-08-22T19:50,0.379
2026-08-22T20:00,0.389
2026-08-22T20:10,0.418
2026-08-22T20:20,0.398
2026-08-22T20:30,0.381
2026-08-22T20:40,0.388
2026-08-22T20:50,0.369
2026-08-22T21:00,0.347
2026-08-22T21:10,0.342
2026-08-22T21:20,0.331
2026-08-22T21:30,0.339
2026-08-22T21:40,0.318
2026-08-23T01:20,-0.149
2026-08-23T01:30,-0.151
2026-08-23T01:40,-0.162
2026-08-23T01:50,-0.171
2026-08-23T02:00,-0.171
2026-08-23T02:10,-0.161
2026-08-23T02:20,-0.174
2026-08-23T02:30,-0.187
2026-08-23T02:40,-0.171
2026-08-23T02:50,-0.171
2026-08-23T03:00,-0.187
2026-08-23T03:10,-0.217
2026-08-23T03:20,-0.209
2026-08-23T03:30,-0.196
2026-08-23T03:40,-0.197
2026-08-23T03:50,-0.205
2026-08-23T04:00,-0.183
2026-08-23T04:10,-0.177
2026-08-23T04:20,-0.177
2026-08-23T04:30,-0.179
2026-08-23T04:40,-0.181
2026-08-23T04:50,-0.172
2026-08-23T05:00,-0.156
2026-08-23T05:10,-0.153
2026-08-23T05:20,-0.142
2026-08-23T05:30,-0.129
2026-08-23T05:40,-0.119
2026-08-23T05:50,-0.108
2026-08-23T06:00,-0.103
2026-08-23T06:10,-0.09
2026-08-23T06:20,-0.059
2026-08-23T06:30,-0.039
2026-08-23T06:40,-0.021
2026-08-23T06:50,0.002
2026-08-23T07:00,0.02
2026-08-23T07:10,0.04
2026-08-23T07:20,0.046
2026-08-23T07:30,0.069
2026-08-23T07:40,0.084
2026-08-23T07:50,0.105
2026-08-23T08:00,0.112
2026-08-23T08:10,0.14
2026-08-23T08:20,0.161
2026-08-23T08:30,0.18
2026-08-23T08:40,0.196
2026-08-23T08:50,0.203
2026-08-23T09:00,0.224
2026-08-23T09:10,0.247
2026-08-23T09:20,0.256
2026-08-23T09:30,0.261
2026-08-23T09:40,0.263
2026-08-23T09:50,0.28
2026-08-23T10:00,0.289
2026-08-23T10:10,0.294
2026-08-23T10:20,0.302
2026-08-23T10:30,0.31
2026-08-23T10:40,0.327
2026-08-23T10:50,0.328
2026-08-23T11:00,0.335
2026-08-23T11:10,0.325
2026-08-23T11:20,0.314
2026-08-23T11:30,0.318
2026-08-23T11:40,0.327
2026-08-23T11:50,0.314
2026-08-23T12:00,0.298
2026-08-23T12:10,0.304
2026-08-23T12:20,0.313
2026-08-23T12:30,0.304
2026-08-23T12:40,0.296
2026-08-23T12:50,0.297
2026-08-23T13:00,0.313
2026-08-23T13:10,0.302
2026-08-23T13:20,0.299
2026-08-23T13:30,0.314
2026-08-23T13:40,0.301
2026-08-23T13:50,0.3
2026-08-23T14:00,0.29
2026-08-23T14:10,0.292
2026-08-23T14:20,0.284
2026-08-23T14:30,0.287
2026-08-23T14:40,0.296
2026-08-23T14:50,0.283
2026-08-23T15:00,0.286
2026-08-23T15:10,0.288
2026-08-23T15:20,0.282
2026-08-23T15:30,0.277
2026-08-23T15:40,0.275
2026-08-23T15:50,0.284
2026-08-23T16:00,0.284
2026-08-23T16:10,0.293
2026-08-23T16:20,0.296
2026-08-23T16:30,0.292
2026-08-23T16:40,0.29
2026-08-23T16:50,0.299
2026-08-23T17:00,0.302
2026-08-23T17:10,0.308
2026-08-23T17:20,0.312
2026-08-23T17:30,0.317
2026-08-23T17:40,0.324
2026-08-23T17:50,0.333
2026-08-23T18:00,0.332
2026-08-23T18:10,0.333
2026-08-23T18:20,0.348
2026-08-23T18:30,0.354
2026-08-23T18:40,0.364
2026-08-23T18:50,0.372
2026-08-23T19:00,0.365
2026-08-23T19:10,0.354
2026-08-23T19:20,0.365
2026-08-23T19:30,0.36
2026-08-23T19:40,0.358
2026-08-23T19:50,0.351
2026-08-23T20:00,0.355
2026-08-23T20:10,0.354
2026-08-23T20:20,0.344
2026-08-23T20:30,0.344
2026-08-23T20:40,0.33
2026-08-23T20:50,0.315
2026-08-23T21:00,0.305
2026-08-23T21:10,0.304
2026-08-23T21:20,0.299
2026-08-23T21:30,0.271
2026-08-23T21:40,0.267
2026-08-23T21:50,0.254
2026-08-23T22:00,0.229
2026-08-23T22:10,0.202
2026-08-23T22:20,0.194
2026-08-23T22:30,0.172
2026-08-23T22:40,0.158
2026-08-23T22:50,0.138
2026-08-24T00:30,-0.074
2026-08-24T00:40,-0.09
2026-08-24T00:50,-0.115
2026-08-24T01:00,-0.15
2026-08-24T01:10,-0.164
2026-08-24T01:20,-0.182
2026-08-24T01:30,-0.195
2026-08-24T01:40,-0.221
2026-08-24T01:50,-0.248
2026-08-24T02:00,-0.265
2026-08-24T02:10,-0.28
2026-08-24T02:20,-0.294
2026-08-24T02:30,-0.3
2026-08-24T02:40,-0.31
2026-08-24T02:50,-0.312
2026-08-24T03:00,-0.313
2026-08-24T03:10,-0.312
2026-08-24T03:20,-0.31
2026-08-24T03:30,-0.313
2026-08-24T03:40,-0.304
2026-08-24T03:50,-0.308
2026-08-24T04:00,-0.299
2026-08-24T04:10,-0.29
2026-08-24T04:20,-0.285
2026-08-24T04:30,-0.27
2026-08-24T04:40,-0.257
2026-08-24T04:50,-0.251
2026-08-24T05:00,-0.242
2026-08-24T05:10,-0.223
2026-08-24T05:20,-0.204
2026-08-24T05:30,-0.178
2026-08-24T05:40,-0.165
2026-08-24T05:50,-0.146
2026-08-24T06:00,-0.129
2026-08-24T06:10,-0.104
2026-08-24T06:20,-0.084
2026-08-24T06:30,-0.061
2026-08-24T06:40,-0.039
2026-08-24T06:50,-0.016
2026-08-24T07:00,0.013
2026-08-24T07:10,0.036
2026-08-24T07:20,0.062
2026-08-24T07:30,0.085
2026-08-24T07:40,0.101
2026-08-24T07:50,0.125
2026-08-24T08:00,0.149
2026-08-24T08:10,0.173
2026-08-24T08:20,0.196
2026-08-24T08:30,0.218
2026-08-24T08:40,0.241
2026-08-24T08:50,0.259
2026-08-24T09:00,0.276
2026-08-24T09:10,0.295
2026-08-24T09:20,0.314
2026-08-24T09:30,0.334
2026-08-24T09:40,0.344
2026-08-24T09:50,0.344
2026-08-24T10:00,0.36
2026-08-24T10:10,0.364
2026-08-24T10:20,0.361
2026-08-24T10:30,0.369
2026-08-24T10:40,0.379
2026-08-24T10:50,0.374
2026-08-24T11:00,0.366
2026-08-24T11:10,0.376
2026-08-24T11:20,0.375
2026-08-24T11:30,0.374
2026-08-24T11:40,0.368
2026-08-24T11:50,0.362
2026-08-24T12:00,0.349
2026-08-24T12:10,0.344
2026-08-24T12:20,0.333
2026-08-24T12:30,0.326
2026-08-24T12:40,0.322
2026-08-24T12:50,0.309
2026-08-24T13:00,0.303
2026-08-24T13:10,0.294
2026-08-24T13:20,0.278
2026-08-24T13:30,0.274
2026-08-24T13:40,0.27
2026-08-24T13:50,0.265
2026-08-24T14:00,0.257
2026-08-24T14:10,0.256
2026-08-24T14:20,0.245
2026-08-24T14:30,0.242
2026-08-24T14:40,0.233
2026-08-24T14:50,0.223
2026-08-24T15:00,0.219
2026-08-24T15:10,0.21
2026-08-24T15:20,0.216
2026-08-24T15:30,0.223
2026-08-24T15:40,0.222
2026-08-24T15:50,0.213
2026-08-24T16:00,0.214
2026-08-24T16:10,0.213
2026-08-24T16:20,0.212
2026-08-24T16:30,0.217
2026-08-24T16:40,0.219
2026-08-24T16:50,0.221
2026-08-24T17:00,0.228
2026-08-24T17:10,0.242
2026-08-24T17:20,0.241
2026-08-24T17:30,0.244
2026-08-24T17:40,0.261
2026-08-24T17:50,0.267
2026-08-24T18:00,0.269
2026-08-24T18:10,0.286
2026-08-24T18:20,0.296
2026-08-24T18:30,0.297
2026-08-24T18:40,0.306
2026-08-24T18:50,0.311
2026-08-24T19:00,0.315
2026-08-24T19:10,0.316
2026-08-24T19:20,0.328
2026-08-24T19:30,0.335
2026-08-24T19:40,0.342
2026-08-24T19:50,0.334
2026-08-24T20:00,0.352
2026-08-24T20:10,0.356
2026-08-24T20:20,0.365
2026-08-24T20:30,0.343
2026-08-24T20:40,0.352
2026-08-24T20:50,0.348
2026-08-24T21:00,0.353
2026-08-24T21:10,0.336
2026-08-24T21:20,0.345
2026-08-24T21:30,0.328
2026-08-24T21:40,0.323
2026-08-24T21:50,0.313
2026-08-24T22:00,0.297
2026-08-24T22:10,0.297
2026-08-24T22:20,0.291
2026-08-24T22:30,0.276
2026-08-24T22:40,0.267
2026-08-24T22:50,0.241
2026-08-28T04:00,-0.21
2026-08-28T04:10,-0.253
2026-08-28T04:20,-0.233
2026-08-28T04:30,-0.257
2026-08-28T04:40,-0.271
2026-08-28T04:50,-0.279
2026-08-28T05:00,-0.253
2026-08-28T05:10,-0.275
2026-08-28T05:20,-0.267
2026-08-28T05:30,-0.263
2026-08-28T05:40,-0.264
2026-08-28T05:50,-0.254
2026-08-28T06:00,-0.257
2026-08-28T06:10,-0.278
2026-08-28T06:20,-0.229
2026-08-28T06:30,-0.19
2026-08-28T06:40,-0.188
2026-08-28T06:50,-0.18
2026-08-28T07:00,-0.16
2026-08-28T07:10,-0.121
2026-08-28T07:20,-0.136
2026-08-28T07:30,-0.057
2026-08-28T07:40,-0.076
2026-08-28T07:50,-0.034
2026-08-28T08:00,0.014
2026-08-28T08:10,0.04
2026-08-28T08:20,0.054
2026-08-28T08:30,0.118
2026-08-28T08:40,0.125
2026-08-28T08:50,0.148
2026-08-28T09:00,0.188
2026-08-28T09:10,0.186
2026-08-28T09:20,0.243
2026-08-28T09:30,0.264
2026-08-28T09:40,0.273
2026-08-28T09:50,0.296
2026-08-28T10:00,0.353
2026-08-28T10:10,0.338
2026-08-28T10:20,0.402
2026-08-28T10:30,0.401
2026-08-28T10:40,0.442
2026-08-28T10:50,0.442
2026-08-28T11:00,0.473
2026-08-28T11:10,0.463
2026-08-28T11:20,0.484
2026-08-28T11:30,0.498
2026-08-28T11:40,0.478
2026-08-28T11:50,0.461
2026-08-28T12:00,0.466
2026-08-28T12:10,0.466
2026-08-28T12:20,0.461
2026-08-28T12:30,0.444
2026-08-28T12:40,0.405
2026-08-28T12:50,0.408
2026-08-28T13:00,0.41
2026-08-28T13:10,0.393
2026-08-28T13:20,0.368
2026-08-28T13:30,0.347
2026-08-28T13:40,0.349
2026-08-28T13:50,0.342
2026-08-28T14:00,0.29
2026-08-28T14:10,0.243
2026-08-28T14:20,0.25
2026-08-28T14:30,0.264
2026-08-28T14:40,0.23
2026-08-28T14:50,0.174
2026-08-28T15:00,0.156
2026-08-28T15:10,0.149
2026-08-28T15:20,0.116
2026-08-28T15:30,0.097
2026-08-28T15:40,0.069
2026-08-28T15:50,0.059
2026-08-28T16:00,0.081
2026-08-28T16:10,0.05
2026-08-28T16:20,0.045
2026-08-28T16:30,0.012
2026-08-28T16:40,0.011
2026-08-28T16:50,0.004
2026-08-28T17:00,0.019
2026-08-28T17:10,-0.017
2026-08-28T17:20,-0.017
2026-08-28T17:30,0.006
2026-08-28T17:40,0.023
2026-08-28T17:50,0.003
2026-08-28T18:00,0.015
2026-08-28T18:10,0.031
2026-08-28T18:20,0.026
2026-08-28T18:30,0.035
2026-08-28T18:40,0.043
2026-08-28T18:50,0.063
2026-08-28T19:00,0.091
2026-08-28T19:10,0.11
2026-08-28T19:20,0.111
2026-08-28T19:30,0.128
2026-08-28T19:40,0.158
2026-08-28T19:50,0.187
2026-08-28T20:00,0.203
2026-08-28T20:10,0.216
2026-08-28T20:20,0.247
2026-08-28T20:30,0.291
2026-08-28T20:40,0.302
2026-08-28T20:50,0.291
2026-08-28T21:00,0.325
2026-08-28T21:10,0.354
2026-08-28T21:20,0.36
2026-08-28T21:30,0.388
2026-08-28T21:40,0.408
2026-08-28T21:50,0.44
2026-08-28T22:00,0.442
2026-08-28T22:10,0.435
2026-08-28T22:20,0.484
2026-08-28T22:30,0.477
2026-08-28T22:40,0.481
2026-08-28T22:50,0.504
2026-08-28T23:00,0.479
2026-08-28T23:10,0.499
2026-08-28T23:20,0.494
2026-08-28T23:30,0.507
2026-08-28T23:40,0.501
2026-08-28T23:50,0.481
2026-08-29T00:00,0.469
2026-08-29T00:10,0.48
2026-08-29T00:20,0.481
2026-08-29T00:30,0.436
2026-08-29T00:40,0.414
2026-08-29T00:50,0.427
2026-08-29T01:00,0.386
2026-08-29T01:10,0.385
2026-08-29T01:20,0.367
2026-08-29T01:30,0.354
2026-08-29T01:40,0.295
2026-08-29T01:50,0.262
2026-08-29T02:00,0.247
2026-08-29T02:10,0.197
2026-08-29T02:20,0.184
2026-08-29T02:30,0.128
2026-08-29T02:40,0.106
2026-08-29T02:50,0.015
2026-08-29T03:00,0.037
2026-08-29T03:10,0.007
2026-08-29T03:20,-0.044
2026-08-29T03:30,-0.066
2026-08-29T03:40,-0.051
2026-08-29T03:50,-0.035
2026-08-29T04:00,-0.11
2026-08-29T04:10,-0.118
2026-08-29T04:20,-0.134
2026-08-29T04:30,-0.144
2026-08-29T04:40,-0.176
2026-08-29T04:50,-0.207
2026-08-29T05:00,-0.196
2026-08-29T05:10,-0.172
2026-08-29T05:20,-0.2
2026-08-29T05:30,-0.19
2026-08-29T05:40,-0.2
2026-08-29T05:50,-0.198
2026-08-29T06:00,-0.208
2026-08-29T06:10,-0.193
2026-08-29T06:20,-0.179
2026-08-29T06:30,-0.191
2026-08-29T06:40,-0.172
2026-08-29T06:50,-0.144
2026-08-29T07:00,-0.128
2026-08-29T07:10,-0.12
2026-08-29T07:20,-0.098
2026-08-29T07:30,-0.057
2026-08-29T07:40,-0.054
2026-08-29T07:50,-0.06
2026-08-29T08:00,-0.037
2026-08-29T08:10,-0.038
2026-08-29T08:20,0.007
2026-08-29T08:30,0.046
2026-08-29T08:40,0.091
2026-08-29T08:50,0.113
2026-08-29T09:00,0.153
2026-08-29T09:10,0.201
2026-08-29T09:20,0.201
2026-08-29T09:30,0.223
2026-08-29T09:40,0.259
2026-08-29T09:50,0.257
2026-08-29T10:00,0.282
2026-08-29T10:10,0.331
2026-08-29T10:20,0.372
2026-08-29T10:30,0.383
2026-08-29T10:40,0.385
2026-08-29T10:50,0.384
2026-08-29T11:00,0.418
2026-08-29T11:10,0.444
2026-08-29T11:20,0.474
2026-08-29T11:30,0.471
2026-08-29T11:40,0.487
2026-08-29T11:50,0.494
2026-08-29T12:00,0.478
2026-08-29T12:10,0.488
2026-08-29T12:20,0.493
2026-08-29T12:30,0.488
2026-08-29T12:40,0.472
2026-08-29T12:50,0.471
2026-08-29T13:00,0.478
2026-08-29T13:10,0.444
2026-08-29T13:20,0.412
2026-08-29T13:30,0.423
2026-08-29T13:40,0.404
2026-08-29T13:50,0.363
2026-08-29T14:00,0.38
2026-08-29T14:10,0.363
2026-08-29T14:20,0.328
2026-08-29T14:30,0.31
2026-08-29T14:40,0.287
2026-08-29T14:50,0.244
2026-08-29T15:00,0.185
2026-08-29T15:10,0.175
2026-08-29T15:20,0.184
2026-08-29T15:30,0.171
2026-08-29T15:40,0.16
2026-08-29T15:50,0.127
2026-08-29T16:00,0.106
2026-08-29T16:10,0.078
2026-08-29T16:20,0.106
2026-08-29T16:30,0.08
2026-08-29T16:40,0.045
2026-08-29T16:50,0.025
2026-08-29T17:00,0.039
2026-08-29T17:10,0.012
2026-08-29T17:20,-0.004
2026-08-29T17:30,-0.028
2026-08-29T17:40,-0.04
2026-08-29T17:50,-0.013
2026-08-29T18:00,-0.028
2026-08-29T18:10,-0.007
2026-08-29T18:20,-0.018
2026-08-29T18:30,-0.013
2026-08-29T18:40,-0.022
2026-08-29T18:50,-0.015
2026-08-29T19:00,0.006
2026-08-29T19:10,0.026
2026-08-29T19:20,0.053
2026-08-29T19:30,0.046
2026-08-29T19:40,0.059
2026-08-29T19:50,0.092
2026-08-29T20:00,0.111
2026-08-29T20:10,0.121
2026-08-29T20:20,0.149
2026-08-29T20:30,0.172
2026-08-29T20:40,0.189
2026-08-29T20:50,0.219
2026-08-29T21:00,0.264
2026-08-29T21:10,0.269
2026-08-29T21:20,0.274
2026-08-29T21:30,0.298
2026-08-29T21:40,0.324
2026-08-29T21:50,0.353
2026-08-29T22:00,0.374
2026-08-29T22:10,0.394
2026-08-29T22:20,0.405
2026-08-29T22:30,0.422
2026-08-29T22:40,0.439
2026-08-29T22:50,0.443
2026-08-29T23:00,0.46
2026-08-29T23:10,0.46
2026-08-29T23:20,0.482
2026-08-29T23:30,0.493
2026-08-29T23:40,0.495
2026-08-29T23:50,0.486
2026-08-30T00:00,0.479
2026-08-30T00:10,0.495
2026-08-30T00:20,0.471
2026-08-30T00:30,0.465
2026-08-30T00:40,0.439
2026-08-30T00:50,0.431
2026-08-30T01:00,0.427
2026-08-30T01:10,0.417
2026-08-30T01:20,0.387
2026-08-30T01:30,0.34
2026-08-30T01:40,0.336
2026-08-30T01:50,0.327
2026-08-30T02:00,0.286
2026-08-30T02:10,0.267
2026-08-30T02:20,0.249
2026-08-30T02:30,0.208
2026-08-30T02:40,0.185
2026-08-30T02:50,0.156
2026-08-30T03:00,0.138
2026-08-30T03:10,0.092
2026-08-30T03:20,0.075
2026-08-30T03:30,0.06
2026-08-30T03:40,0.014
2026-08-30T03:50,-0.032
2026-08-30T04:00,-0.051
2026-08-30T04:10,-0.061
2026-08-30T04:20,-0.088
2026-08-30T04:30,-0.116
2026-08-30T04:40,-0.118
2026-08-30T04:50,-0.135
2026-08-30T05:00,-0.151
2026-08-30T05:10,-0.183
2026-08-30T05:20,-0.21
2026-08-30T05:30,-0.209
2026-08-30T05:40,-0.235
2026-08-30T05:50,-0.23
2026-08-30T06:00,-0.222
2026-08-30T06:10,-0.228
2026-08-30T06:20,-0.22
2026-08-30T06:30,-0.2
2026-08-30T06:40,-0.201
2026-08-30T06:50,-0.203
2026-08-30T07:00,-0.171
2026-08-30T07:10,-0.166
2026-08-30T07:20,-0.17
2026-08-30T07:30,-0.139
2026-08-30T07:40,-0.12
2026-08-30T07:50,-0.109
2026-08-30T08:00,-0.088
2026-08-30T08:10,-0.067
2026-08-30T08:20,-0.045
2026-08-30T08:30,-0.019
2026-08-30T08:40,0.013
2026-08-30T08:50,0.036
2026-08-30T09:00,0.074
2026-08-30T09:10,0.101
2026-08-30T09:20,0.127
2026-08-30T09:30,0.154
2026-08-30T09:40,0.169
2026-08-30T09:50,0.195
2026-08-30T10:00,0.229
2026-08-30T10:10,0.265
2026-08-30T10:20,0.285
2026-08-30T10:30,0.308
2026-08-30T10:40,0.331
2026-08-30T10:50,0.364
2026-08-30T11:00,0.384
2026-08-30T11:10,0.405
2026-08-30T11:20,0.43
2026-08-30T11:30,0.443
2026-08-30T11:40,0.471
2026-08-30T11:50,0.469
2026-08-30T12:00,0.483
2026-08-30T12:10,0.478
2026-08-30T12:20,0.487
2026-08-30T12:30,0.485
2026-08-30T12:40,0.48
2026-08-30T12:50,0.481
2026-08-30T13:00,0.473
2026-08-30T13:10,0.457
2026-08-30T13:20,0.449
2026-08-30T13:30,0.43
2026-08-30T13:40,0.414
2026-08-30T13:50,0.4
2026-08-30T14:00,0.398
2026-08-30T14:10,0.382
2026-08-30T14:20,0.369
2026-08-30T14:30,0.354
2026-08-30T14:40,0.332
2026-08-30T14:50,0.307
2026-08-30T15:00,0.302
2026-08-30T15:10,0.272
2026-08-30T15:20,0.237
2026-08-30T15:30,0.21
2026-08-30T15:40,0.192
2026-08-30T15:50,0.159
2026-08-30T16:00,0.131
2026-08-30T16:10,0.11
2026-08-30T16:20,0.096
2026-08-30T16:30,0.076
2026-08-30T16:40,0.072
2026-08-30T16:50,0.049
2026-08-30T17:00,0.033
2026-08-30T17:10,0.027
2026-08-30T17:20,0.019
2026-08-30T17:30,0.004
2026-08-30T17:40,-0.011
2026-08-30T17:50,-0.02
2026-08-30T18:00,-0.016
2026-08-30T18:10,-0.031
2026-08-30T18:20,-0.032
2026-08-30T18:30,-0.033
2026-08-30T18:40,-0.037
2026-08-30T18:50,-0.028
2026-08-30T19:00,-0.035
2026-08-30T19:10,-0.029
2026-08-30T19:20,-0.016
2026-08-30T19:30,0.003
2026-08-30T19:40,0.024
2026-08-30T19:50,0.037
2026-08-30T20:00,0.041
2026-08-30T20:10,0.052
2026-08-30T20:20,0.072
2026-08-30T20:30,0.077
2026-08-30T20:40,0.1
2026-08-30T20:50,0.132
2026-08-30T21:00,0.153
2026-08-30T21:10,0.178
2026-08-30T21:20,0.199
2026-08-30T21:30,0.222
2026-08-30T21:40,0.244
2026-08-30T21:50,0.269
2026-08-30T22:00,0.287
2026-08-30T22:10,0.301
2026-08-30T22:20,0.316
2026-08-30T22:30,0.348
2026-08-30T22:40,0.368
2026-08-30T22:50,0.37
2026-08-30T23:00,0.391
2026-08-30T23:10,0.409
2026-08-30T23:20,0.418
2026-08-30T23:30,0.433
2026-08-30T23:40,0.438
2026-08-30T23:50,0.452
2026-08-31T00:00,0.453
2026-08-31T00:10,0.457
2026-08-31T00:20,0.448
2026-08-31T00:30,0.446
2026-08-31T00:40,0.444
2026-08-31T00:50,0.438
2026-08-31T01:00,0.426
2026-08-31T01:10,0.417
2026-08-31T01:20,0.411
2026-08-31T01:30,0.396
2026-08-31T01:40,0.377
2026-08-31T01:50,0.353
2026-08-31T02:00,0.335
2026-08-31T02:10,0.316
2026-08-31T02:20,0.286
2026-08-31T02:30,0.263
2026-08-31T02:40,0.243
2026-08-31T02:50,0.218
2026-08-31T03:00,0.195
2026-08-31T03:10,0.172
2026-08-31T03:20,0.131
2026-08-31T03:30,0.102
2026-08-31T03:40,0.066
2026-08-31T03:50,0.048
2026-08-31T04:00,0.019
2026-08-31T04:10,-0.011
2026-08-31T04:20,-0.036
2026-08-31T04:30,-0.058
2026-08-31T04:40,-0.076
2026-08-31T04:50,-0.097
2026-08-31T05:00,-0.118
2026-08-31T05:10,-0.133
2026-08-31T05:20,-0.15
2026-08-31T05:30,-0.153
2026-08-31T05:40,-0.176
2026-08-31T05:50,-0.185
2026-08-31T06:00,-0.187
2026-08-31T06:10,-0.192
2026-08-31T06:20,-0.188
2026-08-31T06:30,-0.196
2026-08-31T06:40,-0.192
2026-08-31T06:50,-0.19
2026-08-31T07:00,-0.179
2026-08-31T07:10,-0.178
2026-08-31T07:20,-0.158
2026-08-31T07:30,-0.155
2026-08-31T07:40,-0.137
2026-08-31T07:50,-0.113
2026-08-31T08:00,-0.097
2026-08-31T08:10,-0.076
2026-08-31T08:20,-0.055
2026-08-31T08:30,-0.028
2026-08-31T08:40,-0.017
2026-08-31T08:50,-0.003
2026-08-31T09:00,0.033
2026-08-31T09:10,0.073
2026-08-31T09:20,0.09
2026-08-31T09:30,0.115
2026-08-31T09:40,0.154
2026-08-31T09:50,0.172
2026-08-31T10:00,0.201
2026-08-31T10:10,0.224
2026-08-31T10:20,0.253
2026-08-31T10:30,0.279
2026-08-31T10:40,0.307
2026-08-31T10:50,0.338
2026-08-31T11:00,0.366
2026-08-31T11:10,0.386
2026-08-31T11:20,0.401
2026-08-31T11:30,0.43
2026-08-31T11:40,0.44
2026-08-31T11:50,0.463
2026-08-31T12:00,0.487
2026-08-31T12:10,0.498
2026-08-31T12:20,0.505
2026-08-31T12:30,0.513
2026-08-31T12:40,0.518
2026-08-31T12:50,0.513
2026-08-31T13:00,0.528
2026-08-31T13:10,0.528
2026-08-31T13:20,0.518
2026-08-31T13:30,0.508
2026-08-31T13:40,0.492
2026-08-31T13:50,0.483
2026-08-31T14:00,0.469
2026-08-31T14:10,0.456
2026-08-31T14:20,0.449
2026-08-31T14:30,0.427
2026-08-31T14:40,0.42
2026-08-31T14:50,0.397
2026-08-31T15:00,0.391
2026-08-31T15:10,0.37
2026-08-31T15:20,0.341
2026-08-31T15:30,0.319
2026-08-31T15:40,0.287
2026-08-31T15:50,0.268
2026-08-31T16:00,0.249
2026-08-31T16:10,0.229
2026-08-31T16:20,0.2
2026-08-31T16:30,0.167
2026-08-31T16:40,0.149
2026-08-31T16:50,0.133
2026-08-31T17:00,0.103
2026-08-31T17:10,0.086
2026-08-31T17:20,0.079
2026-08-31T17:30,0.065
2026-08-31T17:40,0.049
2026-08-31T17:50,0.032
2026-08-31T18:00,0.021
2026-08-31T18:10,0.002
2026-08-31T18:20,-0.01
2026-08-31T18:30,-0.019
2026-08-31T18:40,-0.02
2026-08-31T18:50,-0.034
2026-08-31T19:00,-0.039
2026-08-31T19:10,-0.031
2026-08-31T19:20,-0.02
2026-08-31T19:30,-0.022
2026-08-31T19:40,-0.019
2026-08-31T19:50,-0.007
2026-08-31T20:00,0.002
2026-08-31T20:10,0.007
2026-08-31T20:20,0.015
2026-08-31T20:30,0.028
2026-08-31T20:40,0.044
2026-08-31T20:50,0.051
2026-08-31T21:00,0.072
2026-08-31T21:10,0.091
2026-08-31T21:20,0.11
2026-08-31T21:30,0.129
2026-08-31T21:40,0.148
2026-08-31T21:50,0.158
2026-08-31T22:00,0.185
2026-08-31T22:10,0.204
2026-08-31T22:20,0.223
2026-08-31T22:30,0.244
2026-08-31T22:40,0.259
2026-08-31T22:50,0.272
2026-08-31T23:00,0.293
2026-08-31T23:10,0.301
2026-08-31T23:20,0.315
2026-08-31T23:30,0.323
2026-08-31T23:40,0.337
2026-08-31T23:50,0.346
2026-09-01T00:00,0.353
2026-09-01T00:10,0.356
2026-09-01T00:20,0.366
2026-09-01T00:30,0.377
2026-09-01T00:40,0.37
2026-09-01T00:50,0.375
2026-09-01T01:00,0.372
2026-09-01T01:10,0.364
2026-09-01T01:20,0.358
2026-09-01T01:30,0.349
2026-09-01T01:40,0.344
2026-09-01T01:50,0.331
2026-09-01T02:00,0.321
2026-09-01T02:10,0.296
2026-09-01T02:20,0.274
2026-09-01T02:30,0.264
2026-09-01T02:40,0.244
2026-09-01T02:50,0.222
2026-09-01T03:00,0.195
2026-09-01T03:10,0.179
2026-09-01T03:20,0.178
2026-09-01T03:30,0.158
2026-09-01T03:40,0.142
2026-09-01T03:50,0.133
2026-09-01T04:00,0.117
2026-09-01T04:10,0.098
2026-09-01T04:20,0.076
2026-09-01T04:30,0.051
2026-09-01T04:40,0.022
2026-09-01T04:50,0.002
2026-09-01T05:00,-0.031
2026-09-01T05:10,-0.047
2026-09-01T05:20,-0.059
2026-09-01T05:30,-0.075
2026-09-01T05:40,-0.085
2026-09-01T05:50,-0.09
2026-09-01T06:00,-0.11
2026-09-01T06:10,-0.107
2026-09-01T06:20,-0.114
2026-09-01T06:30,-0.119
2026-09-01T06:40,-0.119
2026-09-01T06:50,-0.122
2026-09-01T07:00,-0.134
2026-09-01T07:10,-0.127
2026-09-01T07:20,-0.124
2026-09-01T07:30,-0.107
2026-09-01T07:40,-0.099
2026-09-01T07:50,-0.086
2026-09-01T08:00,-0.066
2026-09-01T08:10,-0.033
2026-09-01T08:20,-0.01
2026-09-01T08:30,0.019
2026-09-01T08:40,0.045
2026-09-01T08:50,0.071
2026-09-01T09:00,0.086
2026-09-01T09:10,0.104
2026-09-01T09:20,0.124
2026-09-01T09:30,0.14
2026-09-01T09:40,0.168
2026-09-01T09:50,0.189
2026-09-01T10:00,0.207
2026-09-01T10:10,0.233
2026-09-01T10:20,0.256
2026-09-01T10:30,0.292
2026-09-01T10:40,0.32
2026-09-01T10:50,0.355
2026-09-01T11:00,0.366
2026-09-01T11:10,0.388
2026-09-01T11:20,0.406
2026-09-01T11:30,0.429
2026-09-01T11:40,0.444
2026-09-01T11:50,0.461
2026-09-01T12:00,0.476
2026-09-01T12:10,0.504
2026-09-01T12:20,0.512
2026-09-01T12:30,0.516
2026-09-01T12:40,0.521
2026-09-01T12:50,0.532
2026-09-01T13:00,0.529
2026-09-01T13:10,0.529
2026-09-01T13:20,0.527
2026-09-01T13:30,0.527
2026-09-01T13:40,0.536
2026-09-01T13:50,0.52
2026-09-01T14:00,0.506
2026-09-01T14:10,0.511
2026-09-01T14:20,0.49
2026-09-01T14:30,0.475
2026-09-01T14:40,0.465
2026-09-01T14:50,0.456
2026-09-01T15:00,0.441
2026-09-01T15:10,0.414
2026-09-01T15:20,0.403
2026-09-01T15:30,0.377
2026-09-01T15:40,0.361
2026-09-01T15:50,0.332
2026-09-01T16:00,0.321
2026-09-01T16:10,0.297
2026-09-01T16:20,0.274
2026-09-01T16:30,0.25
2026-09-01T16:40,0.228
2026-09-01T16:50,0.211
2026-09-01T17:00,0.197
2026-09-01T17:10,0.174
2026-09-01T17:20,0.153
2026-09-01T17:30,0.133
2026-09-01T17:40,0.115
2026-09-01T17:50,0.093
2026-09-01T18:00,0.063
2026-09-01T18:10,0.056
2026-09-01T18:20,0.029
2026-09-01T18:30,0.028
2026-09-01T18:40,0.011
2026-09-01T18:50,0.01
2026-09-01T19:00,-0.009
2026-09-01T19:10,-0.014
2026-09-01T19:20,-0.006
2026-09-01T19:30,-0.019
2026-09-01T19:40,-0.023
2026-09-01T19:50,-0.021
2026-09-01T20:00,-0.025
2026-09-01T20:10,-0.028
2026-09-01T20:20,-0.029
2026-09-01T20:30,-0.025
2026-09-01T20:40,-0.019
2026-09-01T20:50,-0.015
2026-09-01T21:00,-0.009
2026-09-01T21:10,-0.003
2026-09-01T21:20,0.007
2026-09-01T21:30,0.017
2026-09-01T21:40,0.024
2026-09-01T21:50,0.029
2026-09-01T22:00,0.042
2026-09-01T22:10,0.052
2026-09-01T22:20,0.069
2026-09-01T22:30,0.088
2026-09-01T22:40,0.097
2026-09-01T22:50,0.104
2026-09-01T23:00,0.124
2026-09-01T23:10,0.133
2026-09-01T23:20,0.147
2026-09-01T23:30,0.155
2026-09-01T23:40,0.165
2026-09-01T23:50,0.186
2026-09-02T00:00,0.191
2026-09-02T00:10,0.207
2026-09-02T00:20,0.209
2026-09-02T00:30,0.218
2026-09-02T00:40,0.226
2026-09-02T00:50,0.229
2026-09-02T01:00,0.239
2026-09-02T01:10,0.243
2026-09-02T01:20,0.242
2026-09-02T01:30,0.236
2026-09-02T01:40,0.23
2026-09-02T01:50,0.227
2026-09-02T02:00,0.227
2026-09-02T02:10,0.218
2026-09-02T02:20,0.217
2026-09-02T02:30,0.204
2026-09-02T02:40,0.206
2026-09-02T02:50,0.194
2026-09-02T03:00,0.185
2026-09-02T03:10,0.175
2026-09-02T03:20,0.167
2026-09-02T03:30,0.156
2026-09-02T03:40,0.14
2026-09-02T03:50,0.123
2026-09-02T04:00,0.108
2026-09-02T04:10,0.104
2026-09-02T04:20,0.091
2026-09-02T04:30,0.077
2026-09-02T04:40,0.063
2026-09-02T04:50,0.046
2026-09-02T05:00,0.036
2026-09-02T05:10,0.026
2026-09-02T05:20,0.017
2026-09-02T05:30,-0.005
2026-09-02T05:40,-0.008
2026-09-02T05:50,-0.018
2026-09-02T06:00,-0.03
2026-09-02T06:10,-0.021
2026-09-02T06:20,-0.031
2026-09-02T06:30,-0.038
2026-09-02T06:40,-0.043
2026-09-02T06:50,-0.052
2026-09-02T07:00,-0.05
2026-09-02T07:10,-0.045
2026-09-02T07:20,-0.039
2026-09-02T07:30,-0.034
2026-09-02T07:40,-0.032
2026-09-02T07:50,-0.025
2026-09-02T08:00,-0.011
2026-09-02T08:10,-0.004
2026-09-02T08:20,0.008
2026-09-02T08:30,0.023
2026-09-02T08:40,0.048
2026-09-02T08:50,0.063
2026-09-02T09:00,0.077
2026-09-02T09:10,0.099
2026-09-02T09:20,0.116
2026-09-02T09:30,0.136
2026-09-02T09:40,0.152
2026-09-02T09:50,0.173
2026-09-02T10:00,0.188
2026-09-02T10:10,0.208
2026-09-02T10:20,0.233
2026-09-02T10:30,0.261
2026-09-02T10:40,0.274
2026-09-02T10:50,0.287
2026-09-02T11:00,0.307
2026-09-02T11:10,0.334
2026-09-02T11:20,0.345
2026-09-02T11:30,0.364
2026-09-02T11:40,0.392
2026-09-02T11:50,0.407
2026-09-02T12:00,0.424
2026-09-02T12:10,0.447
2026-09-02T12:20,0.451
2026-09-02T12:30,0.472
2026-09-02T12:40,0.473
2026-09-02T12:50,0.495
2026-09-02T13:00,0.49
2026-09-02T13:10,0.502
2026-09-02T13:20,0.498
2026-09-02T13:30,0.507
2026-09-02T13:40,0.5
2026-09-02T13:50,0.513
2026-09-02T14:00,0.514
2026-09-02T14:10,0.514
2026-09-02T14:20,0.502
2026-09-02T14:30,0.506
2026-09-02T14:40,0.491
2026-09-02T14:50,0.485
2026-09-02T15:00,0.476
2026-09-02T15:10,0.455
2026-09-02T15:20,0.449
2026-09-02T15:30,0.435
2026-09-02T15:40,0.413
2026-09-02T15:50,0.396
2026-09-02T16:00,0.363
2026-09-02T16:10,0.351
2026-09-02T16:20,0.343
2026-09-02T16:30,0.322
2026-09-02T16:40,0.293
2026-09-02T16:50,0.284
2026-09-02T17:00,0.266
2026-09-02T17:10,0.246
2026-09-02T17:20,0.231
2026-09-02T17:30,0.211
2026-09-02T17:40,0.189
2026-09-02T17:50,0.158
2026-09-02T18:00,0.143
2026-09-02T18:10,0.12
2026-09-02T18:20,0.089
2026-09-02T18:30,0.063
2026-09-02T18:40,0.06
2026-09-02T18:50,0.035
2026-09-02T19:00,0.023
2026-09-02T19:10,0.003
2026-09-02T19:20,0.004
2026-09-02T19:30,-0.018
2026-09-02T19:40,-0.021
2026-09-02T19:50,-0.026
2026-09-02T20:00,-0.04
2026-09-02T20:10,-0.05
2026-09-02T20:20,-0.066
2026-09-02T20:30,-0.053
2026-09-02T20:40,-0.068
2026-09-02T20:50,-0.073
2026-09-02T21:00,-0.076
2026-09-02T21:10,-0.067
2026-09-02T21:20,-0.072
2026-09-02T21:30,-0.075
2026-09-02T21:40,-0.061
2026-09-02T21:50,-0.06
2026-09-02T22:00,-0.055
2026-09-02T22:10,-0.05
2026-09-02T22:20,-0.05
2026-09-02T22:30,-0.042
2026-09-02T22:40,-0.029
2026-09-02T22:50,-0.019
2026-09-02T23:00,-0.005
2026-09-02T23:10,-0.008
2026-09-02T23:20,0.021
2026-09-02T23:30,0.024
2026-09-02T23:40,0.027
2026-09-02T23:50,0.042
2026-09-03T00:00,0.054
2026-09-03T00:10,0.065
2026-09-03T00:20,0.07
2026-09-03T00:30,0.079
2026-09-03T00:40,0.083
2026-09-03T00:50,0.092
2026-09-03T01:00,0.104
2026-09-03T01:10,0.117
2026-09-03T01:20,0.108
2026-09-03T01:30,0.115
2026-09-03T01:40,0.107
2026-09-03T01:50,0.119
2026-09-03T02:00,0.122
2026-09-03T02:10,0.135
2026-09-03T02:20,0.136
2026-09-03T02:30,0.138
2026-09-03T02:40,0.142
2026-09-03T02:50,0.141
2026-09-03T03:00,0.133
2026-09-03T03:10,0.134
2026-09-03T03:20,0.137
2026-09-03T03:30,0.118
2026-09-03T03:40,0.115
2026-09-03T03:50,0.113
2026-09-03T04:00,0.11
2026-09-03T04:10,0.111
2026-09-03T04:20,0.108
2026-09-03T04:30,0.105
2026-09-03T04:40,0.097
2026-09-03T04:50,0.083
2026-09-03T05:00,0.077
2026-09-03T05:10,0.072
2026-09-03T05:20,0.064
2026-09-03T05:30,0.063
2026-09-03T05:40,0.055
2026-09-03T05:50,0.053
2026-09-03T06:00,0.045
2026-09-03T06:10,0.046
2026-09-03T06:20,0.038
2026-09-03T06:30,0.033
2026-09-03T06:40,0.027
2026-09-03T06:50,0.031
2026-09-03T07:00,0.034
2026-09-03T07:10,0.026
2026-09-03T07:20,0.035
2026-09-03T07:30,0.033
2026-09-03T07:40,0.036
2026-09-03T07:50,0.03
2026-09-03T08:00,0.048
2026-09-03T08:10,0.052
2026-09-03T08:20,0.049
2026-09-03T08:30,0.057
2026-09-03T08:40,0.081
2026-09-03T08:50,0.089
2026-09-03T09:00,0.096
2026-09-03T09:10,0.107
2026-09-03T09:20,0.113
2026-09-03T09:30,0.13
2026-09-03T09:40,0.135
2026-09-03T09:50,0.159
2026-09-03T10:00,0.172
2026-09-03T10:10,0.182
2026-09-03T10:20,0.204
2026-09-03T10:30,0.22
2026-09-03T10:40,0.225
2026-09-03T10:50,0.24
2026-09-03T11:00,0.254
2026-09-03T11:10,0.275
2026-09-03T11:20,0.284
2026-09-03T11:30,0.3
2026-09-03T11:40,0.317
2026-09-03T11:50,0.331
2026-09-03T12:00,0.346
2026-09-03T12:10,0.363
2026-09-03T12:20,0.368
2026-09-03T12:30,0.377
2026-09-03T12:40,0.392
2026-09-03T12:50,0.406
2026-09-03T13:00,0.414
2026-09-03T13:10,0.422
2026-09-03T13:20,0.427
2026-09-03T13:30,0.427
2026-09-03T13:40,0.434
2026-09-03T13:50,0.433
2026-09-03T14:00,0.441
2026-09-03T14:10,0.437
2026-09-03T14:20,0.438
2026-09-03T14:30,0.431
2026-09-03T14:40,0.435
2026-09-03T14:50,0.424
2026-09-03T15:00,0.422
2026-09-03T15:10,0.417
2026-09-03T15:20,0.407
2026-09-03T15:30,0.398
2026-09-03T15:40,0.403
2026-09-03T15:50,0.385
2026-09-03T16:00,0.376
2026-09-03T16:10,0.364
2026-09-03T16:20,0.339
2026-09-03T16:30,0.323
2026-09-03T16:40,0.31
2026-09-03T16:50,0.3
2026-09-03T17:00,0.297
2026-09-03T17:10,0.265
2026-09-03T17:20,0.254
2026-09-03T17:30,0.239
2026-09-03T17:40,0.227
2026-09-03T17:50,0.2
2026-09-03T18:00,0.189
2026-09-03T18:10,0.168
2026-09-03T18:20,0.147
2026-09-03T18:30,0.131
2026-09-03T18:40,0.107
2026-09-03T18:50,0.1
2026-09-03T19:00,0.079
2026-09-03T19:10,0.062
2026-09-03T19:20,0.044
2026-09-03T19:30,0.025
2026-09-03T19:40,0.01
2026-09-03T19:50,-0.009
2026-09-03T20:00,-0.008
2026-09-03T20:10,-0.025
2026-09-03T20:20,-0.042
2026-09-03T20:30,-0.053
2026-09-03T20:40,-0.071
2026-09-03T20:50,-0.072
2026-09-03T21:00,-0.081
2026-09-03T21:10,-0.081
2026-09-03T21:20,-0.092
2026-09-03T21:30,-0.107
2026-09-03T21:40,-0.098
2026-09-03T21:50,-0.113
2026-09-03T22:00,-0.113
2026-09-03T22:10,-0.112
2026-09-03T22:20,-0.116
2026-09-03T22:30,-0.124
2026-09-03T22:40,-0.12
2026-09-03T22:50,-0.117
2026-09-03T23:00,-0.114
2026-09-03T23:10,-0.108
2026-09-03T23:20,-0.112
2026-09-03T23:30,-0.103
2026-09-03T23:40,-0.095
2026-09-03T23:50,-0.091
2026-09-04T00:00,-0.084
2026-09-04T00:10,-0.08
2026-09-04T00:20,-0.07
2026-09-04T00:30,-0.062
2026-09-04T00:40,-0.05
2026-09-04T00:50,-0.043
2026-09-04T01:00,-0.038
2026-09-04T01:10,-0.025
2026-09-04T01:20,-0.029
2026-09-04T01:30,-0.017
2026-09-04T01:40,-0.012
2026-09-04T01:50,-0.001
2026-09-04T02:00,0.011
2026-09-04T02:10,0.005
2026-09-04T02:20,0.022
2026-09-04T02:30,0.032
2026-09-04T02:40,0.05
2026-09-04T02:50,0.041
2026-09-04T03:00,0.052
2026-09-04T03:10,0.062
2026-09-04T03:20,0.073
2026-09-04T03:30,0.084
2026-09-04T03:40,0.085
2026-09-04T03:50,0.087
2026-09-04T04:00,0.071
2026-09-04T04:10,0.077
2026-09-04T04:20,0.085
2026-09-04T04:30,0.098
2026-09-04T04:40,0.105
2026-09-04T04:50,0.117
2026-09-04T05:00,0.108
2026-09-04T05:10,0.107
2026-09-04T05:20,0.122
2026-09-04T05:30,0.103
2026-09-04T05:40,0.119
2026-09-04T05:50,0.117
2026-09-04T06:00,0.121
2026-09-04T06:10,0.117
2026-09-04T06:20,0.131
2026-09-04T06:30,0.13
2026-09-04T06:40,0.122
2026-09-04T06:50,0.126
2026-09-04T07:00,0.12
2026-09-04T07:10,0.117
2026-09-04T07:20,0.134
2026-09-04T07:30,0.149
2026-09-04T07:40,0.148
2026-09-04T07:50,0.155
2026-09-04T08:00,0.163
2026-09-04T08:10,0.161
2026-09-04T08:20,0.167
2026-09-04T08:30,0.171
2026-09-04T08:40,0.187
2026-09-04T08:50,0.197
2026-09-04T09:00,0.212
2026-09-04T09:10,0.212
2026-09-04T09:20,0.203
2026-09-04T09:30,0.219
2026-09-04T09:40,0.228
2026-09-04T09:50,0.249
2026-09-04T10:00,0.244
2026-09-04T10:10,0.25
2026-09-04T10:20,0.267
2026-09-04T10:30,0.272
2026-09-04T10:40,0.292
2026-09-04T10:50,0.287
2026-09-04T11:00,0.298
2026-09-04T11:10,0.307
2026-09-04T11:20,0.321
2026-09-04T11:30,0.334
2026-09-04T11:40,0.337
2026-09-04T11:50,0.344
2026-09-04T12:00,0.336
2026-09-04T12:10,0.355
2026-09-04T12:20,0.357
2026-09-04T12:30,0.366
2026-09-04T12:40,0.384
2026-09-04T12:50,0.38
2026-09-04T13:00,0.39
2026-09-04T13:10,0.389
2026-09-04T13:20,0.407
2026-09-04T13:30,0.399
2026-09-04T13:40,0.394
2026-09-04T13:50,0.398
2026-09-04T14:00,0.414
2026-09-04T14:10,0.401
2026-09-04T14:20,0.406
2026-09-04T14:30,0.404
2026-09-04T14:40,0.398
2026-09-04T14:50,0.402
2026-09-04T15:00,0.394
2026-09-04T15:10,0.395
2026-09-04T15:20,0.397
2026-09-04T15:30,0.397
2026-09-04T15:40,0.393
2026-09-04T15:50,0.384
2026-09-04T16:00,0.381
2026-09-04T16:10,0.369
2026-09-04T16:20,0.35
2026-09-04T16:30,0.348
2026-09-04T16:40,0.327
2026-09-04T16:50,0.326
2026-09-04T17:00,0.302
2026-09-04T17:10,0.299
2026-09-04T17:20,0.3
2026-09-04T17:30,0.281
2026-09-04T17:40,0.275
2026-09-04T17:50,0.265
2026-09-04T18:00,0.25
2026-09-04T18:10,0.238
2026-09-04T18:20,0.227
2026-09-04T18:30,0.221
2026-09-04T18:40,0.198
2026-09-04T18:50,0.185
2026-09-04T19:00,0.172
2026-09-04T19:10,0.164
2026-09-04T19:20,0.146
2026-09-04T19:30,0.14
2026-09-04T19:40,0.126
2026-09-04T19:50,0.11
2026-09-04T20:00,0.102
2026-09-04T20:10,0.074
2026-09-04T20:20,0.064
2026-09-04T20:30,0.05
2026-09-04T20:40,0.03
2026-09-04T20:50,0.022
2026-09-04T21:00,0.014
2026-09-04T21:10,0.001
2026-09-04T21:20,-0.002
2026-09-04T21:30,-0.011
2026-09-04T21:40,-0.025
2026-09-04T21:50,-0.023
2026-09-04T22:00,-0.031
2026-09-04T22:10,-0.047
2026-09-04T22:20,-0.061
2026-09-04T22:30,-0.053
2026-09-04T22:40,-0.057
2026-09-04T22:50,-0.073
2026-09-04T23:00,-0.086
2026-09-04T23:10,-0.093
2026-09-04T23:20,-0.094
2026-09-04T23:30,-0.09
2026-09-04T23:40,-0.094
2026-09-04T23:50,-0.103
2026-09-05T00:00,-0.096
2026-09-05T00:10,-0.096
2026-09-05T00:20,-0.087
2026-09-05T00:30,-0.088
2026-09-05T00:40,-0.094
2026-09-05T00:50,-0.092
2026-09-05T01:00,-0.083
2026-09-05T01:10,-0.083
2026-09-05T01:20,-0.079
2026-09-05T01:30,-0.063
2026-09-05T01:40,-0.056
2026-09-05T01:50,-0.049
2026-09-05T02:00,-0.049
2026-09-05T02:10,-0.034
2026-09-05T02:20,-0.035
2026-09-05T02:30,-0.024
2026-09-05T02:40,-0.016
2026-09-05T02:50,-0.001
2026-09-05T03:00,-0.003
2026-09-05T03:10,0.016
2026-09-05T03:20,0.014
2026-09-05T03:30,0.028
2026-09-05T03:40,0.037
2026-09-05T03:50,0.048
2026-09-05T04:00,0.06
2026-09-05T04:10,0.059
2026-09-05T04:20,0.071
2026-09-05T04:30,0.089
2026-09-05T04:40,0.099
2026-09-05T04:50,0.106
2026-09-05T05:00,0.113
2026-09-05T05:10,0.132
2026-09-05T05:20,0.136
2026-09-05T05:30,0.15
2026-09-05T05:40,0.166
2026-09-05T05:50,0.172
2026-09-05T06:00,0.191
2026-09-05T06:10,0.195
2026-09-05T06:20,0.209
2026-09-05T06:30,0.213
2026-09-05T06:40,0.223
2026-09-05T06:50,0.235
2026-09-05T07:00,0.238
2026-09-05T07:10,0.245
2026-09-05T07:20,0.258
2026-09-05T07:30,0.266
2026-09-05T07:40,0.278
2026-09-05T07:50,0.276
2026-09-05T08:00,0.291
2026-09-05T08:10,0.306
2026-09-05T08:20,0.308
2026-09-05T08:30,0.316
2026-09-05T08:40,0.322
2026-09-05T08:50,0.322
2026-09-05T09:00,0.332
2026-09-05T09:10,0.337
2026-09-05T09:20,0.329
2026-09-05T09:30,0.333
2026-09-05T09:40,0.337
2026-09-05T09:50,0.331
2026-09-05T10:00,0.338
2026-09-05T10:10,0.344
2026-09-05T10:20,0.352
2026-09-05T10:30,0.347
2026-09-05T10:40,0.349
2026-09-05T10:50,0.357
2026-09-05T11:00,0.352
2026-09-05T11:10,0.355
2026-09-05T11:20,0.353
2026-09-05T11:30,0.352
2026-09-05T11:40,0.358
2026-09-05T11:50,0.36
2026-09-05T12:00,0.348
2026-09-05T12:10,0.356
2026-09-05T12:20,0.357
2026-09-05T12:30,0.352
2026-09-05T12:40,0.357
2026-09-05T12:50,0.359
2026-09-05T13:00,0.367
2026-09-05T13:10,0.354
2026-09-05T13:20,0.361
2026-09-05T13:30,0.351
2026-09-05T13:40,0.35
2026-09-05T13:50,0.349
2026-09-05T14:00,0.346
2026-09-05T14:10,0.339
2026-09-05T14:20,0.341
2026-09-05T14:30,0.329
2026-09-05T14:40,0.342
2026-09-05T14:50,0.336
2026-09-05T15:00,0.336
2026-09-05T15:10,0.336
2026-09-05T15:20,0.324
2026-09-05T15:30,0.34
2026-09-05T15:40,0.332
2026-09-05T15:50,0.329
2026-09-05T16:00,0.323
2026-09-05T16:10,0.343
2026-09-05T16:20,0.334
2026-09-05T16:30,0.333
2026-09-05T16:40,0.333
2026-09-05T16:50,0.338
2026-09-05T17:00,0.329
2026-09-05T17:10,0.33
2026-09-05T17:20,0.327
2026-09-05T17:30,0.312
2026-09-05T17:40,0.327
2026-09-05T17:50,0.313
2026-09-05T18:00,0.318
2026-09-05T18:10,0.3
2026-09-05T18:20,0.311
2026-09-05T18:30,0.301
2026-09-05T18:40,0.302
2026-09-05T18:50,0.291
2026-09-05T19:00,0.273
2026-09-05T19:10,0.272
2026-09-05T19:20,0.264
2026-09-05T19:30,0.271
2026-09-05T19:40,0.245
2026-09-05T19:50,0.243
2026-09-05T20:00,0.241
2026-09-05T20:10,0.225
2026-09-05T20:20,0.225
