datetime,PREC,TEMP,UMID
2026-08-06T22:00,0.0,27.2,
2026-08-06T22:15,0,27.2,
2026-08-06T22:30,0.0,26.9,
2026-08-06T22:45,0,26.9,
2026-08-06T23:00,0,25.8,
2026-08-06T23:30,0,25.6,
2026-08-07T00:00,0.0,24.6,
2026-08-07T00:30,0.0,24.1,
2026-08-07T01:00,0.0,24.6,
2026-08-07T01:30,0.0,23.5,
2026-08-07T02:00,0.0,24.2,
2026-08-07T02:30,0.0,24.4,
2026-08-07T03:00,0.0,23.4,
2026-08-07T03:30,0.0,23.0,
2026-08-07T04:00,0.0,22.6,
2026-08-07T04:30,0.0,22.0,
2026-08-07T05:00,0.0,22.2,
2026-08-07T05:15,0,22.2,
2026-08-07T05:30,0.0,21.1,
2026-08-07T05:45,0,21.1,
2026-08-07T06:00,0.0,21.1,
2026-08-07T06:30,0,21.3,
2026-08-07T06:45,0,21.3,
2026-08-07T07:00,0.0,21.7,
2026-08-07T07:15,0,21.7,
2026-08-07T07:30,0,23.9,
2026-08-07T08:00,0,24.6,
2026-08-07T08:30,0.0,25.9,
2026-08-07T08:45,0,25.9,
2026-08-07T09:00,0,26.5,
2026-08-07T09:30,0,27.3,
2026-08-07T10:00,0.0,28.6,
2026-08-07T10:15,0,28.6,
2026-08-07T10:30,0,28.9,
2026-08-07T11:00,0,30.0,
2026-08-07T11:30,0,30.2,
2026-08-07T12:00,0.0,31.1,
2026-08-07T12:15,0,31.1,
2026-08-07T12:30,0,31.7,
2026-08-07T13:00,0,32.0,
2026-08-07T13:30,0.0,32.4,
2026-08-07T13:45,0,32.4,
2026-08-07T14:00,0,31.4,
2026-08-07T14:30,0,31.7,
2026-08-07T15:00,0.0,31.2,
2026-08-07T15:15,0,31.2,
2026-08-07T15:30,0,30.6,
2026-08-07T16:00,0,30.1,
2026-08-07T16:30,0,29.9,
2026-08-07T17:00,0.0,31.0,
2026-08-07T17:15,0,31.0,
2026-08-07T17:30,0,31.0,
2026-08-07T18:00,0,30.6,
2026-08-07T18:30,0,29.6,
2026-08-07T19:00,0.0,28.9,
2026-08-07T19:15,0,28.9,
2026-08-07T19:30,0,28.1,
2026-08-07T20:00,0,28.3,
2026-08-07T20:30,0,27.9,
2026-08-07T21:00,0,26.3,
2026-08-07T21:30,0,25.5,
2026-08-07T22:00,0,25.2,
2026-08-07T22:30,0.0,24.7,
2026-08-07T22:45,0,24.7,
2026-08-07T23:00,0.0,24.8,
2026-08-07T23:15,0,24.8,
2026-08-07T23:30,0.0,24.4,
2026-08-07T23:45,0,24.4,
2026-08-08T00:00,0.0,23.9,
2026-08-08T00:30,0.0,23.3,
2026-08-08T01:00,0.0,23.1,
2026-08-08T01:30,0.0,22.7,
2026-08-08T02:00,0.0,22.4,
2026-08-08T02:30,0.0,21.9,
2026-08-08T03:00,0.0,21.4,
2026-08-08T03:30,0.0,21.6,
2026-08-08T04:00,0.0,21.3,
2026-08-08T04:30,0.0,21.2,
2026-08-08T05:00,0,20.6,
2026-08-08T05:30,0,21.0,
2026-08-08T05:45,0,21.0,
2026-08-08T06:00,0.0,21.4,
2026-08-08T06:15,0,21.4,
2026-08-08T06:30,0,21.3,
2026-08-08T07:00,0,21.0,
2026-08-08T07:15,0,21.0,
2026-08-08T07:30,0.0,22.4,
2026-08-08T07:45,0,22.4,
2026-08-08T08:00,0,21.7,
2026-08-08T08:30,0,22.9,
2026-08-08T09:00,0.0,24.2,
2026-08-08T09:15,0,24.2,
2026-08-08T09:30,0,24.4,
2026-08-08T10:00,0,25.6,
2026-08-08T10:30,0,25.8,
2026-08-08T11:00,0.0,26.5,
2026-08-08T11:15,0,26.5,
2026-08-08T11:30,0,27.7,
2026-08-08T12:00,0,28.2,
2026-08-08T12:30,0.0,29.1,
2026-08-08T12:45,0,29.1,
2026-08-08T13:00,0,29.2,
2026-08-08T13:30,0,29.9,
2026-08-08T14:00,0.0,30.5,
2026-08-08T14:15,0,30.5,
2026-08-08T14:30,0,30.2,
2026-08-08T15:00,0,30.3,
2026-08-08T15:30,0.0,29.6,
2026-08-08T15:45,0,29.6,
2026-08-08T16:00,0,29.1,
2026-08-08T16:30,0,28.8,
2026-08-08T17:00,0,28.7,
2026-08-08T17:30,0,28.7,
2026-08-08T18:00,0.0,26.3,
2026-08-08T18:15,0,26.3,
2026-08-08T18:30,0,26.4,
2026-08-08T19:00,0,27.0,
2026-08-08T19:30,0,26.8,
2026-08-08T20:00,0,26.0,
2026-08-08T20:30,0.0,24.5,
2026-08-08T20:45,0,24.5,
2026-08-08T21:00,0,23.4,
2026-08-08T21:30,0,22.9,
2026-08-08T22:00,0,22.8,
2026-08-08T22:30,0.0,22.4,
2026-08-08T22:45,0,22.4,
2026-08-08T23:00,0.0,22.2,
2026-08-08T23:15,0,22.2,
2026-08-08T23:30,0.0,21.8,
2026-08-08T23:45,0,21.8,
2026-08-09T00:00,0.0,21.6,
2026-08-09T00:30,0.0,21.1,
2026-08-09T01:00,0.0,21.0,
2026-08-09T01:30,0.0,21.1,
2026-08-09T02:00,0.0,20.9,
2026-08-09T02:30,0.0,20.8,
2026-08-09T03:00,0.0,20.7,
2026-08-09T03:30,0.0,20.6,
2026-08-09T04:00,0.0,20.6,
2026-08-09T04:30,0.0,20.3,
2026-08-09T05:00,0,19.8,
2026-08-09T05:30,0,19.9,
2026-08-09T05:45,0,19.9,
2026-08-09T06:00,0.0,19.9,
2026-08-09T06:15,0,19.9,
2026-08-09T06:30,0,20.0,
2026-08-09T07:00,0,19.7,
2026-08-09T07:15,0,19.7,
2026-08-09T07:30,0.0,21.5,
2026-08-09T07:45,0,21.5,
2026-08-09T08:00,0,22.7,
2026-08-09T08:30,0,23.7,
2026-08-09T08:45,0,23.7,
2026-08-09T09:00,0.0,23.6,
2026-08-09T09:15,0,23.6,
2026-08-09T09:30,0,24.9,
2026-08-09T10:00,0,26.1,
2026-08-09T10:30,0,28.0,
2026-08-09T11:00,0,27.9,
2026-08-09T11:30,0.0,28.2,
2026-08-09T11:45,0,28.2,
2026-08-09T12:00,0,29.4,
2026-08-09T12:30,0,30.5,
2026-08-09T13:00,0.0,30.6,
2026-08-09T13:15,0,30.6,
2026-08-09T13:30,0,30.8,
2026-08-09T14:00,0,31.3,
2026-08-09T14:30,0.0,31.4,
2026-08-09T14:45,0,31.4,
2026-08-09T15:00,0,32.1,
2026-08-09T15:30,0,31.2,
2026-08-09T16:00,0.0,30.6,
2026-08-09T16:15,0,30.6,
2026-08-09T16:30,0,29.7,
2026-08-09T17:00,0,28.8,
2026-08-09T17:30,0.0,30.7,
2026-08-09T17:45,0,30.7,
2026-08-09T18:00,0,30.5,
2026-08-09T18:30,0,30.3,
2026-08-09T19:00,0.0,29.1,
2026-08-09T19:15,0,29.1,
2026-08-09T19:30,0,28.2,
2026-08-09T20:00,0,27.1,
2026-08-09T20:30,0.0,26.4,
2026-08-09T20:45,0,26.4,
2026-08-09T21:00,0,26.2,
2026-08-09T21:30,0,26.3,
2026-08-09T22:00,0.0,25.4,
2026-08-09T22:15,0,25.4,
2026-08-09T22:30,0,25.0,
2026-08-09T23:00,0,24.4,
2026-08-09T23:30,0.0,24.2,
2026-08-09T23:45,0,24.2,
2026-08-10T00:00,0.0,23.6,
2026-08-10T00:30,0.0,23.0,
2026-08-10T01:00,0.0,23.1,
2026-08-10T01:30,0.0,22.5,
2026-08-10T02:00,0.0,22.7,
2026-08-10T02:30,0.0,22.3,
2026-08-10T03:00,0.0,21.9,
2026-08-10T03:30,0.0,21.8,
2026-08-10T04:00,0.0,21.9,
2026-08-10T04:30,0.0,21.6,
2026-08-10T05:00,0.0,20.9,
2026-08-10T05:15,0,20.9,
2026-08-10T05:30,0.0,20.9,
2026-08-10T05:45,0,20.9,
2026-08-10T06:00,0.0,20.8,
2026-08-10T06:30,0,20.3,
2026-08-10T06:45,0,20.3,
2026-08-10T07:00,0.0,19.6,
2026-08-10T07:15,0,19.6,
2026-08-10T07:30,0,21.9,
2026-08-10T08:00,0,23.5,
2026-08-10T08:15,0,23.5,
2026-08-10T08:30,0.0,23.5,
2026-08-10T08:45,0,23.5,
2026-08-10T09:00,0,25.6,
2026-08-10T09:30,0,25.9,
2026-08-10T10:00,0.0,27.0,
2026-08-10T10:15,0,27.0,
2026-08-10T10:30,0,28.0,
2026-08-10T11:00,0,29.7,
2026-08-10T11:30,0.0,30.3,
2026-08-10T11:45,0,30.3,
2026-08-10T12:00,0,31.4,
2026-08-10T12:30,0,31.5,
2026-08-10T13:00,0.0,32.3,
2026-08-10T13:15,0,32.3,
2026-08-10T13:30,0,33.8,
2026-08-10T14:00,0,32.8,
2026-08-10T14:30,0.0,34.2,
2026-08-10T14:45,0,34.2,
2026-08-10T15:00,0,33.2,
2026-08-10T15:30,0,32.1,
2026-08-10T16:00,0.0,31.7,
2026-08-10T16:15,0,31.7,
2026-08-10T16:30,0,31.7,
2026-08-10T17:00,0,31.2,
2026-08-10T17:30,2.8,24.2,
2026-08-10T17:45,2.8,24.2,
2026-08-10T18:00,0,22.8,
2026-08-10T18:30,0,23.5,
2026-08-10T19:00,0.0,23.5,
2026-08-10T19:15,0,23.5,
2026-08-10T19:30,0,24.9,
2026-08-10T20:00,0,25.0,
2026-08-10T20:15,0,25.0,
2026-08-10T20:30,0.0,24.0,
2026-08-10T20:45,0,24.0,
2026-08-10T21:00,0,23.8,
2026-08-10T21:30,0,23.3,
2026-08-10T22:00,0.0,23.0,
2026-08-10T22:15,0,23.0,
2026-08-10T22:30,0,22.9,
2026-08-10T23:00,0,22.5,
2026-08-10T23:30,0.0,22.5,
2026-08-10T23:45,0,22.5,
2026-08-11T00:00,0.0,22.2,
2026-08-11T00:30,0.0,22.0,
2026-08-11T01:00,0.0,22.2,
2026-08-11T01:30,0.0,21.8,
2026-08-11T02:00,0.0,21.8,
2026-08-11T02:30,0.0,21.4,
2026-08-11T03:00,0.0,21.9,
2026-08-11T03:30,0.0,21.6,
2026-08-11T04:00,0.0,21.4,
2026-08-11T04:30,0.0,21.1,
2026-08-11T05:00,0,21.4,
2026-08-11T05:30,0,21.3,
2026-08-11T05:45,0,21.3,
2026-08-11T06:00,0.0,21.0,
2026-08-11T06:15,0,21.0,
2026-08-11T06:30,0,20.9,
2026-08-11T07:00,0,21.4,
2026-08-11T07:15,0,21.4,
2026-08-11T07:30,0.0,22.5,
2026-08-11T07:45,0,22.5,
2026-08-11T08:00,0,23.8,
2026-08-11T08:30,0,24.9,
2026-08-11T08:45,0,24.9,
2026-08-11T09:00,0.0,25.8,
2026-08-11T09:15,0,25.8,
2026-08-11T09:30,0,26.4,
2026-08-11T10:00,0,27.7,
2026-08-11T10:30,0.0,28.9,
2026-08-11T10:45,0,28.9,
2026-08-11T11:00,0,29.2,
2026-08-11T11:30,0,30.9,
2026-08-11T12:00,0.0,30.9,
2026-08-11T12:15,0,30.9,
2026-08-11T12:30,0,31.7,
2026-08-11T13:00,0,32.4,
2026-08-11T13:30,0.0,33.4,
2026-08-11T13:45,0,33.4,
2026-08-11T14:00,0,33.6,
2026-08-11T14:30,0,33.6,
2026-08-11T15:00,0.0,30.2,
2026-08-11T15:15,0,30.2,
2026-08-11T15:30,2,25.2,
2026-08-11T16:00,4.6,20.9,
2026-08-11T16:30,0.8,21.0,
2026-08-11T16:45,0.8,21.0,
2026-08-11T17:00,0,21.2,
2026-08-11T17:30,0,22.4,
2026-08-11T18:00,0.0,21.6,
2026-08-11T18:15,0,21.6,
2026-08-11T18:30,0,21.9,
2026-08-11T19:00,0,22.5,
2026-08-11T19:15,0,22.5,
2026-08-11T19:30,0.0,22.5,
2026-08-11T19:45,0,22.5,
2026-08-11T20:00,0,22.7,
2026-08-11T20:30,0,22.0,
2026-08-11T21:00,0.0,22.4,
2026-08-11T21:15,0,22.4,
2026-08-11T21:30,0,22.4,
2026-08-11T22:00,0.0,22.0,
2026-08-11T22:15,0,22.0,
2026-08-11T22:30,0,21.7,
2026-08-11T23:00,0,22.0,
2026-08-11T23:30,0,21.9,
2026-08-12T00:00,0.0,21.5,
2026-08-12T00:30,0.0,21.5,
2026-08-12T01:00,0.0,21.9,
2026-08-12T01:30,0.0,21.8,
2026-08-12T02:00,0.0,21.8,
2026-08-12T02:30,0.0,21.8,
2026-08-12T03:00,0.0,21.6,
2026-08-12T03:30,0.0,21.8,
2026-08-12T04:00,0.0,21.3,
2026-08-12T04:30,0.0,21.4,
2026-08-12T05:00,0,20.9,
2026-08-12T05:30,0,21.1,
2026-08-12T05:45,0,21.1,
2026-08-12T06:00,0.0,21.2,
2026-08-12T06:15,0,21.2,
2026-08-12T06:30,0,21.5,
2026-08-12T07:00,0,21.4,
2026-08-12T07:15,0,21.4,
2026-08-12T07:30,0.0,22.0,
2026-08-12T07:45,0,22.0,
2026-08-12T08:00,0,23.5,
2026-08-12T08:30,0,24.4,
2026-08-12T08:45,0,24.4,
2026-08-12T09:00,0.0,25.5,
2026-08-12T09:15,0,25.5,
2026-08-12T09:30,0,26.9,
2026-08-12T10:00,0,26.5,
2026-08-12T10:15,0,26.5,
2026-08-12T10:30,0.0,28.1,
2026-08-12T10:45,0,28.1,
2026-08-12T11:00,0,29.1,
2026-08-12T11:30,0,29.4,
2026-08-12T12:00,0.0,30.0,
2026-08-12T12:15,0,30.0,
2026-08-12T12:30,0,30.8,
2026-08-12T13:00,0,30.6,
2026-08-12T13:30,0.0,30.9,
2026-08-12T13:45,0,30.9,
2026-08-12T14:00,0,31.1,
2026-08-12T14:30,0,31.4,
2026-08-12T15:00,0.0,31.6,
2026-08-12T15:15,0,31.6,
2026-08-12T15:30,0,31.7,
2026-08-12T16:00,0,28.8,
2026-08-12T16:30,2.2,22.5,
2026-08-12T16:45,2.2,22.5,
2026-08-12T17:00,1.6,20.0,
2026-08-12T17:30,0,21.9,
2026-08-12T18:00,0.0,24.3,
2026-08-12T18:15,0,24.3,
2026-08-12T18:30,0,25.1,
2026-08-12T19:00,0,25.4,
2026-08-12T19:30,0.0,24.0,
2026-08-12T19:45,0,24.0,
2026-08-12T20:00,0,23.2,
2026-08-12T20:30,0.0,22.8,
2026-08-12T20:45,0,22.8,
2026-08-12T21:00,0,22.5,
2026-08-12T21:30,0,22.2,
2026-08-12T22:00,0,22.5,
2026-08-12T22:30,0.0,22.5,
2026-08-12T22:45,0,22.5,
2026-08-12T23:00,0,22.2,
2026-08-12T23:30,0,22.3,
2026-08-13T00:00,0.0,22.1,
2026-08-13T00:30,0.0,21.9,
2026-08-13T01:00,0.0,21.7,
2026-08-13T01:30,0.0,21.6,
2026-08-13T02:00,0.0,21.3,
2026-08-13T02:30,0.0,21.5,
2026-08-13T03:00,0.0,21.1,
2026-08-13T03:30,0.0,20.9,
2026-08-13T04:00,0.0,20.9,
2026-08-13T04:30,0.0,21.1,
2026-08-13T05:00,0.0,20.9,
2026-08-13T05:15,0,20.9,
2026-08-13T05:30,0,20.6,
2026-08-13T06:00,0.0,20.5,
2026-08-13T06:15,0,20.5,
2026-08-13T06:30,0.0,20.9,
2026-08-13T06:45,0,20.9,
2026-08-13T07:00,0,21.0,
2026-08-13T07:30,0,22.3,
2026-08-13T08:00,0,23.5,
2026-08-13T08:30,0.0,24.2,
2026-08-13T08:45,0,24.2,
2026-08-13T09:00,0,25.2,
2026-08-13T09:30,0,25.9,
2026-08-13T10:00,0.0,26.1,
2026-08-13T10:15,0,26.1,
2026-08-13T10:30,0,27.2,
2026-08-13T11:00,0,29.0,
2026-08-13T11:30,0.0,29.8,
2026-08-13T11:45,0,29.8,
2026-08-13T12:00,0,30.1,
2026-08-13T12:30,0,31.0,
2026-08-13T13:00,0.0,31.6,
2026-08-13T13:15,0,31.6,
2026-08-13T13:30,0,31.6,
2026-08-13T14:00,0,32.0,
2026-08-13T14:30,0.0,32.0,
2026-08-13T14:45,0,32.0,
2026-08-13T15:00,0,32.3,
2026-08-13T15:30,0,32.4,
2026-08-13T16:00,0.0,32.3,
2026-08-13T16:15,0,32.3,
2026-08-13T16:30,0,32.5,
2026-08-13T17:00,0,32.5,
2026-08-13T17:30,0.0,32.1,
2026-08-13T17:45,0,32.1,
2026-08-13T18:00,0,31.6,
2026-08-13T18:30,0,30.9,
2026-08-13T19:00,0.0,30.1,
2026-08-13T19:15,0,30.1,
2026-08-13T19:30,0,28.9,
2026-08-13T20:00,0,27.7,
2026-08-13T20:30,0.0,26.5,
2026-08-13T20:45,0,26.5,
2026-08-13T21:00,0,25.7,
2026-08-13T21:30,0,25.3,
2026-08-13T22:00,0,25.0,
2026-08-13T22:30,0,25.0,
2026-08-13T23:00,0,24.4,
2026-08-13T23:30,0.0,23.9,
2026-08-13T23:45,0,23.9,
2026-08-14T00:00,0.0,23.7,
2026-08-14T00:30,0.0,23.1,
2026-08-14T01:00,0.0,23.2,
2026-08-14T01:30,0.0,22.5,
2026-08-14T02:00,0.0,22.4,
2026-08-14T02:30,0.0,22.0,
2026-08-14T03:00,0.0,21.8,
2026-08-14T03:30,0.0,21.7,
2026-08-14T04:00,0.0,21.4,
2026-08-14T04:30,0.0,21.6,
2026-08-14T05:00,0.0,21.1,
2026-08-14T05:15,0,21.1,
2026-08-14T05:30,0.0,20.9,
2026-08-14T05:45,0,20.9,
2026-08-14T06:00,0.0,20.8,
2026-08-14T06:30,0,20.6,
2026-08-14T06:45,0,20.6,
2026-08-14T07:00,0.0,20.3,
2026-08-14T07:15,0,20.3,
2026-08-14T07:30,0,21.9,
2026-08-14T08:00,0,23.2,
2026-08-14T08:30,0.0,24.1,
2026-08-14T08:45,0,24.1,
2026-08-14T09:00,0,24.4,
2026-08-14T09:30,0,24.8,
2026-08-14T10:00,0.0,25.4,
2026-08-14T10:15,0,25.4,
2026-08-14T10:30,0,27.0,
2026-08-14T11:00,0,28.3,
2026-08-14T11:15,0,28.3,
2026-08-14T11:30,0.0,28.8,
2026-08-14T11:45,0,28.8,
2026-08-14T12:00,0,29.5,
2026-08-14T12:30,0,30.0,
2026-08-14T13:00,0.0,30.5,
2026-08-14T13:15,0,30.5,
2026-08-14T13:30,0,30.5,
2026-08-14T14:00,0,31.0,
2026-08-14T14:30,0.0,30.8,
2026-08-14T14:45,0,30.8,
2026-08-14T15:00,0,31.3,
2026-08-14T15:30,0,31.4,
2026-08-14T16:00,0.0,31.7,
2026-08-14T16:15,0,31.7,
2026-08-14T16:30,0,31.8,
2026-08-14T17:00,0,31.6,
2026-08-14T17:30,0.0,31.5,
2026-08-14T17:45,0,31.5,
2026-08-14T18:00,0,30.9,
2026-08-14T18:30,0,30.7,
2026-08-14T19:00,0.0,30.3,
2026-08-14T19:15,0,30.3,
2026-08-14T19:30,0,29.7,
2026-08-14T20:00,0,28.3,
2026-08-14T20:30,0.0,26.8,
2026-08-14T20:45,0,26.8,
2026-08-14T21:00,0,25.6,
2026-08-14T21:30,0.0,25.0,
2026-08-14T21:45,0,25.0,
2026-08-14T22:00,0,25.0,
2026-08-14T22:30,0,24.5,
2026-08-14T23:00,0.0,23.5,
2026-08-14T23:15,0,23.5,
2026-08-14T23:30,0,23.2,
2026-08-15T00:00,0.0,22.5,
2026-08-15T00:30,0.0,22.5,
2026-08-15T01:00,0.0,22.3,
2026-08-15T01:30,0.0,22.0,
2026-08-15T02:00,0.0,21.8,
2026-08-15T02:30,0.0,21.7,
2026-08-15T03:00,0.0,21.3,
2026-08-15T03:30,0.0,20.9,
2026-08-15T04:00,0.0,20.7,
2026-08-15T04:30,0.0,20.3,
2026-08-15T05:00,0.0,20.7,
2026-08-15T05:15,0,20.7,
2026-08-15T05:30,0,20.7,
2026-08-15T06:00,0.0,20.5,
2026-08-15T06:15,0,20.5,
2026-08-15T06:30,0.0,20.1,
2026-08-15T06:45,0,20.1,
2026-08-15T07:00,0,20.2,
2026-08-15T07:30,0,21.2,
2026-08-15T08:00,0.0,22.8,
2026-08-15T08:15,0,22.8,
2026-08-15T08:30,0,23.7,
2026-08-15T09:00,0,24.6,
2026-08-15T09:30,0.0,25.3,
2026-08-15T09:45,0,25.3,
2026-08-15T10:00,0,26.7,
2026-08-15T10:30,0,27.5,
2026-08-15T11:00,0.0,28.3,
2026-08-15T11:15,0,28.3,
2026-08-15T11:30,0,29.3,
2026-08-15T12:00,0,29.4,
2026-08-15T12:30,0.0,30.0,
2026-08-15T12:45,0,30.0,
2026-08-15T13:00,0,30.4,
2026-08-15T13:30,0,30.6,
2026-08-15T14:00,0.0,31.2,
2026-08-15T14:15,0,31.2,
2026-08-15T14:30,0,31.5,
2026-08-15T15:00,0,30.8,
2026-08-15T15:15,0,30.8,
2026-08-15T15:30,0.0,31.3,
2026-08-15T15:45,0,31.3,
2026-08-15T16:00,0,30.0,
2026-08-15T16:30,0,28.4,
2026-08-15T17:00,0.0,30.4,
2026-08-15T17:15,0,30.4,
2026-08-15T17:30,0,28.9,
2026-08-15T18:00,0,29.2,
2026-08-15T18:30,0.0,29.1,
2026-08-15T18:45,0,29.1,
2026-08-15T19:00,0,28.2,
2026-08-15T19:30,0,26.7,
2026-08-15T20:00,0.0,25.6,
2026-08-15T20:15,0,25.6,
2026-08-15T20:30,0,24.9,
2026-08-15T21:00,0,24.5,
2026-08-15T21:30,0,23.9,
2026-08-15T22:00,0.0,23.6,
2026-08-15T22:15,0,23.6,
2026-08-15T22:30,0,22.9,
2026-08-15T23:00,0,22.8,
2026-08-15T23:30,0,22.5,
2026-08-16T00:00,0.0,22.3,
2026-08-16T00:30,0.0,22.5,
2026-08-16T01:00,0.0,22.4,
2026-08-16T01:30,0.0,22.4,
2026-08-16T02:00,0.0,22.2,
2026-08-16T02:30,0.0,21.9,
2026-08-16T03:00,0.0,21.9,
2026-08-16T03:30,0.0,22.0,
2026-08-16T04:00,0.0,21.6,
2026-08-16T04:30,0.0,21.2,
2026-08-16T05:00,0.0,21.0,
2026-08-16T05:15,0,21.0,
2026-08-16T05:30,0.0,20.9,
2026-08-16T05:45,0,20.9,
2026-08-16T06:00,0.0,20.7,
2026-08-16T06:30,0,20.6,
2026-08-16T06:45,0,20.6,
2026-08-16T07:00,0.0,20.9,
2026-08-16T07:15,0,20.9,
2026-08-16T07:30,0,21.5,
2026-08-16T08:00,0,23.7,
2026-08-16T08:15,0,23.7,
2026-08-16T08:30,0.0,24.4,
2026-08-16T08:45,0,24.4,
2026-08-16T09:00,0,25.7,
2026-08-16T09:30,0,25.2,
2026-08-16T10:00,0,26.5,
2026-08-16T10:30,0.0,28.0,
2026-08-16T10:45,0,28.0,
2026-08-16T11:00,0,30.8,
2026-08-16T11:30,0,31.3,
2026-08-16T12:00,0.0,31.8,
2026-08-16T12:15,0,31.8,
2026-08-16T12:30,0,32.1,
2026-08-16T13:00,0,31.9,
2026-08-16T13:30,0.0,28.6,
2026-08-16T13:45,0,28.6,
2026-08-16T14:00,2.3,21.0,
2026-08-16T14:30,0.4,20.9,
2026-08-16T15:00,0.0,20.8,
2026-08-16T15:15,0,20.8,
2026-08-16T15:30,0,22.5,
2026-08-16T16:00,0,22.7,
2026-08-16T16:30,0.0,24.3,
2026-08-16T16:45,0,24.3,
2026-08-16T17:00,0,24.2,
2026-08-16T17:30,0,26.2,
2026-08-16T18:00,0.0,27.8,
2026-08-16T18:15,0,27.8,
2026-08-16T18:30,0,27.2,
2026-08-16T19:00,0,27.4,
2026-08-16T19:30,0.0,26.6,
2026-08-16T19:45,0,26.6,
2026-08-16T20:00,0,25.8,
2026-08-16T20:30,0,24.6,
2026-08-16T21:00,0.0,23.6,
2026-08-16T21:15,0,23.6,
2026-08-16T21:30,0,23.6,
2026-08-16T22:00,0,22.9,
2026-08-16T22:30,0.0,23.1,
2026-08-16T22:45,0,23.1,
2026-08-16T23:00,0,22.2,
2026-08-16T23:30,0,22.3,
2026-08-17T00:00,0.0,21.9,
2026-08-17T00:30,0.0,22.0,
2026-08-17T01:00,0.0,20.8,69.0
2026-08-17T01:15,,,71.0
2026-08-17T01:30,0.0,20.1,73.0
2026-08-17T01:45,,,73.0
2026-08-17T02:00,0.0,19.7,75.0
2026-08-17T02:15,,,75.0
2026-08-17T02:30,0.0,19.1,76.0
2026-08-17T02:45,,,79.0
2026-08-17T03:00,0.0,18.4,81.0
2026-08-17T03:15,,,81.0
2026-08-17T03:30,0.0,18.7,78.0
2026-08-17T03:45,,,79.0
2026-08-17T04:00,0.0,18.4,80.0
2026-08-17T04:15,,,80.0
2026-08-17T04:30,0.0,18.9,77.0
2026-08-17T04:45,,,79.0
2026-08-17T05:00,0,18.3,82.0
2026-08-17T05:15,,,83.0
2026-08-17T05:30,0,18.1,82.0
2026-08-17T05:45,0,18.1,82.0
2026-08-17T06:00,0.0,18.0,82.0
2026-08-17T06:15,0,18.0,84.0
2026-08-17T06:30,0,17.9,84.0
2026-08-17T06:45,,,85.0
2026-08-17T07:00,0,18.3,83.0
2026-08-17T07:15,0,18.3,83.0
2026-08-17T07:30,0.0,18.9,83.0
2026-08-17T07:45,0,18.9,83.0
2026-08-17T08:00,0,19.0,79.0
2026-08-17T08:15,,,80.0
2026-08-17T08:30,0,20.6,75.0
2026-08-17T08:45,0,20.6,72.0
2026-08-17T09:00,0.0,22.0,68.0
2026-08-17T09:15,0,22.0,69.0
2026-08-17T09:30,0,23.0,66.0
2026-08-17T09:45,,,67.0
2026-08-17T10:00,0,23.3,69.0
2026-08-17T10:15,,,64.0
2026-08-17T10:30,0.0,24.6,63.0
2026-08-17T10:45,0,24.6,63.0
2026-08-17T11:00,0,25.5,61.0
2026-08-17T11:15,,,59.0
2026-08-17T11:30,0,25.6,60.0
2026-08-17T11:45,,,58.0
2026-08-17T12:00,0.0,27.6,57.0
2026-08-17T12:15,0,27.6,53.0
2026-08-17T12:30,0,27.0,56.0
2026-08-17T12:45,,,55.0
2026-08-17T13:00,0,27.3,55.0
2026-08-17T13:15,,,53.0
2026-08-17T13:30,0.0,27.2,53.0
2026-08-17T13:45,0,27.2,52.0
2026-08-17T14:00,0,28.4,49.0
2026-08-17T14:15,,,51.0
2026-08-17T14:30,0.4,25.2,71.0
2026-08-17T14:45,,,81.0
2026-08-17T15:00,1.4,22.2,86.0
2026-08-17T15:15,1.4,22.2,85.0
2026-08-17T15:30,5.2,20.7,86.0
2026-08-17T15:45,,,82.0
2026-08-17T16:00,0,21.1,79.0
2026-08-17T16:15,,,83.0
2026-08-17T16:30,0.0,20.2,85.0
2026-08-17T16:45,0,20.2,79.0
2026-08-17T17:00,0,20.5,86.0
2026-08-17T17:15,,,85.0
2026-08-17T17:30,0.4,19.5,88.0
2026-08-17T17:45,,,85.0
2026-08-17T18:00,0.0,20.3,83.0
2026-08-17T18:15,0,20.3,86.0
2026-08-17T18:30,0,20.1,89.0
2026-08-17T18:45,,,85.0
2026-08-17T19:00,0,21.5,77.0
2026-08-17T19:15,,,80.0
2026-08-17T19:30,0.0,21.6,78.0
2026-08-17T19:45,0,21.6,70.0
2026-08-17T20:00,0,20.7,78.0
2026-08-17T20:15,,,75.0
2026-08-17T20:30,0,21.2,77.0
2026-08-17T20:45,,,77.0
2026-08-17T21:00,0,20.7,80.0
2026-08-17T21:15,,,82.0
2026-08-17T21:30,0.0,20.2,81.0
2026-08-17T21:45,0,20.2,81.0
2026-08-17T22:00,0,20.8,79.0
2026-08-17T22:15,,,78.0
2026-08-17T22:30,0,19.8,81.0
2026-08-17T22:45,,,77.0
2026-08-17T23:00,0,20.9,75.0
2026-08-17T23:15,,,80.0
2026-08-17T23:30,0.0,18.5,85.0
2026-08-17T23:45,0,18.5,87.0
2026-08-18T00:00,0.0,18.8,86.0
2026-08-18T00:15,,,90.0
2026-08-18T00:30,0.0,18.3,88.0
2026-08-18T00:45,,,88.0
2026-08-18T01:00,0.0,18.8,84.0
2026-08-18T01:15,,,84.0
2026-08-18T01:30,0.0,18.4,82.0
2026-08-18T01:45,,,76.0
2026-08-18T02:00,0.0,18.3,80.0
2026-08-18T02:15,,,79.0
2026-08-18T02:30,0.0,18.2,77.0
2026-08-18T02:45,,,73.0
2026-08-18T03:00,0.0,17.8,75.0
2026-08-18T03:15,,,76.0
2026-08-18T03:30,0.0,17.4,78.0
2026-08-18T03:45,,,78.0
2026-08-18T04:00,0.0,17.5,78.0
2026-08-18T04:15,,,76.0
2026-08-18T04:30,0.0,18.1,72.0
2026-08-18T04:45,,,74.0
2026-08-18T05:00,0.0,17.4,72.0
2026-08-18T05:15,0,17.4,73.0
2026-08-18T05:30,0.0,17.5,74.0
2026-08-18T05:45,0,17.5,74.0
2026-08-18T06:00,0.0,17.1,72.0
2026-08-18T06:15,,,73.0
2026-08-18T06:30,0,17.2,74.0
2026-08-18T06:45,0,17.2,72.0
2026-08-18T07:00,0.0,17.6,72.0
2026-08-18T07:15,0,17.6,73.0
2026-08-18T07:30,0,18.7,71.0
2026-08-18T07:45,,,68.0
2026-08-18T08:00,0,21.1,65.0
2026-08-18T08:15,,,61.0
2026-08-18T08:30,0.0,21.8,58.0
2026-08-18T08:45,0,21.8,63.0
2026-08-18T09:00,0,22.9,57.0
2026-08-18T09:15,,,59.0
2026-08-18T09:30,0,23.7,50.0
2026-08-18T09:45,,,61.0
2026-08-18T10:00,0.0,23.9,57.0
2026-08-18T10:15,0,23.9,56.0
2026-08-18T10:30,0,25.0,53.0
2026-08-18T10:45,,,51.0
2026-08-18T11:00,0,26.2,48.0
2026-08-18T11:15,,,40.0
2026-08-18T11:30,0.0,27.5,41.0
2026-08-18T11:45,0,27.5,39.0
2026-08-18T12:00,0,28.3,33.0
2026-08-18T12:15,,,37.0
2026-08-18T12:30,0,28.5,33.0
2026-08-18T12:45,,,32.0
2026-08-18T13:00,0,28.8,32.0
2026-08-18T13:15,,,32.0
2026-08-18T13:30,0.0,29.6,31.0
2026-08-18T13:45,0,29.6,28.0
2026-08-18T14:00,0,30.1,32.0
2026-08-18T14:15,,,30.0
2026-08-18T14:30,0,29.7,32.0
2026-08-18T14:45,,,30.0
2026-08-18T15:00,0.0,30.0,32.0
2026-08-18T15:15,0,30.0,30.0
2026-08-18T15:30,0,30.4,32.0
2026-08-18T15:45,,,28.0
2026-08-18T16:00,0,30.6,28.0
2026-08-18T16:15,,,32.0
2026-08-18T16:30,0,30.7,34.0
2026-08-18T16:45,,,36.0
2026-08-18T17:00,0,30.4,35.0
2026-08-18T17:15,,,35.0
2026-08-18T17:30,0,30.3,36.0
2026-08-18T17:45,,,38.0
2026-08-18T18:00,0,29.4,39.0
2026-08-18T18:15,,,40.0
2026-08-18T18:30,0,28.8,41.0
2026-08-18T18:45,,,41.0
2026-08-18T19:00,0.0,28.2,41.0
2026-08-18T19:15,0,28.2,42.0
2026-08-18T19:30,0,27.7,41.0
2026-08-18T19:45,,,43.0
2026-08-18T20:00,0,26.6,45.0
2026-08-18T20:15,,,44.0
2026-08-18T20:30,0,26.2,42.0
2026-08-18T20:45,,,40.0
2026-08-18T21:00,0,25.8,38.0
2026-08-18T21:15,,,38.0
2026-08-18T21:30,0,25.5,40.0
2026-08-18T21:45,,,41.0
2026-08-18T22:00,0,25.2,40.0
2026-08-18T22:15,,,38.0
2026-08-18T22:30,0.0,25.4,36.0
2026-08-18T22:45,0,25.4,36.0
2026-08-18T23:00,0,24.9,35.0
2026-08-18T23:15,,,33.0
2026-08-18T23:30,0,24.8,36.0
2026-08-18T23:45,,,38.0
2026-08-19T00:00,0.0,24.5,38.0
2026-08-19T00:15,,,36.0
2026-08-19T00:30,0.0,24.8,38.0
2026-08-19T00:45,,,39.0
2026-08-19T01:00,0.0,24.4,39.0
2026-08-19T01:15,,,42.0
2026-08-19T01:30,0.0,23.1,46.0
2026-08-19T01:45,,,46.0
2026-08-19T02:00,0.0,22.4,44.0
2026-08-19T02:15,,,42.0
2026-08-19T02:30,0.0,23.1,43.0
2026-08-19T02:45,,,42.0
2026-08-19T03:00,0.0,23.2,41.0
2026-08-19T03:15,,,40.0
2026-08-19T03:30,0.0,23.6,40.0
2026-08-19T03:45,,,40.0
2026-08-19T04:00,0.0,23.4,40.0
2026-08-19T04:15,,,42.0
2026-08-19T04:30,0.0,22.2,43.0
2026-08-19T04:45,,,48.0
2026-08-19T05:00,0.0,21.9,47.0
2026-08-19T05:15,0,21.9,47.0
2026-08-19T05:30,0,21.5,47.0
2026-08-19T05:45,,,49.0
2026-08-19T06:00,0.0,21.4,46.0
2026-08-19T06:15,,,47.0
2026-08-19T06:30,0.0,21.7,46.0
2026-08-19T06:45,0,21.7,46.0
2026-08-19T07:00,0,22.3,44.0
2026-08-19T07:15,,,43.0
2026-08-19T07:30,0,23.7,41.0
2026-08-19T07:45,0,23.7,38.0
2026-08-19T08:00,0.0,25.7,39.0
2026-08-19T08:15,0,25.7,40.0
2026-08-19T08:30,0,26.4,41.0
2026-08-19T08:45,,,46.0
2026-08-19T09:00,0,27.4,45.0
2026-08-19T09:15,0,27.4,46.0
2026-08-19T09:30,0.0,27.0,47.0
2026-08-19T09:45,0,27.0,46.0
2026-08-19T10:00,0,27.5,47.0
2026-08-19T10:15,,,49.0
2026-08-19T10:30,0,28.0,49.0
2026-08-19T10:45,0,28.0,52.0
2026-08-19T11:00,0.0,28.4,52.0
2026-08-19T11:15,0,28.4,51.0
2026-08-19T11:30,0,28.4,50.0
2026-08-19T11:45,,,50.0
2026-08-19T12:00,0,28.4,52.0
2026-08-19T12:15,,,52.0
2026-08-19T12:30,0.0,29.2,51.0
2026-08-19T12:45,0,29.2,54.0
2026-08-19T13:00,0,29.3,50.0
2026-08-19T13:15,,,50.0
2026-08-19T13:30,0,29.6,51.0
2026-08-19T13:45,,,49.0
2026-08-19T14:00,0,29.0,52.0
2026-08-19T14:15,,,52.0
2026-08-19T14:30,0.0,30.0,51.0
2026-08-19T14:45,0,30.0,50.0
2026-08-19T15:00,0,30.3,51.0
2026-08-19T15:15,,,52.0
2026-08-19T15:30,0,30.0,50.0
2026-08-19T15:45,,,52.0
2026-08-19T16:00,0.0,28.6,53.0
2026-08-19T16:15,0,28.6,53.0
2026-08-19T16:30,0,28.6,54.0
2026-08-19T16:45,,,54.0
2026-08-19T17:00,0,27.9,55.0
2026-08-19T17:15,,,53.0
2026-08-19T17:30,0,27.6,53.0
2026-08-19T17:45,,,52.0
2026-08-19T18:00,0.0,27.8,51.0
2026-08-19T18:15,0,27.8,52.0
2026-08-19T18:30,0,27.2,52.0
2026-08-19T18:45,,,53.0
2026-08-19T19:00,0,26.7,53.0
2026-08-19T19:15,,,53.0
2026-08-19T19:30,0,26.1,52.0
2026-08-19T19:45,,,55.0
2026-08-19T20:00,0,25.3,55.0
2026-08-19T20:15,,,57.0
2026-08-19T20:30,0,25.0,56.0
2026-08-19T20:45,,,56.0
2026-08-19T21:00,0,24.7,61.0
2026-08-19T21:15,,,65.0
2026-08-19T21:30,0,24.7,63.0
2026-08-19T21:45,,,67.0
2026-08-19T22:00,0.0,24.4,67.0
2026-08-19T22:15,0,24.4,67.0
2026-08-19T22:30,0,23.9,70.0
2026-08-19T22:45,,,64.0
2026-08-19T23:00,0,24.1,70.0
2026-08-19T23:15,,,65.0
2026-08-19T23:30,0,24.3,66.0
2026-08-19T23:45,,,67.0
2026-08-20T00:00,0.0,24.0,68.0
2026-08-20T00:15,,,69.0
2026-08-20T00:30,0.0,23.6,72.0
2026-08-20T00:45,,,71.0
2026-08-20T01:00,0.0,23.8,70.0
2026-08-20T01:15,,,71.0
2026-08-20T01:30,0.0,23.8,69.0
2026-08-20T01:45,,,71.0
2026-08-20T02:00,0.0,23.2,72.0
2026-08-20T02:15,,,73.0
2026-08-20T02:30,0.0,23.6,73.0
2026-08-20T02:45,,,73.0
2026-08-20T03:00,0.0,23.3,73.0
2026-08-20T03:15,,,72.0
2026-08-20T03:30,0.0,23.6,70.0
2026-08-20T03:45,,,74.0
2026-08-20T04:00,0.0,23.3,73.0
2026-08-20T04:15,,,72.0
2026-08-20T04:30,0.0,23.2,73.0
2026-08-20T04:45,,,73.0
2026-08-20T05:00,0,23.4,72.0
2026-08-20T05:15,,,73.0
2026-08-20T05:30,0,23.6,71.0
2026-08-20T05:45,0,23.6,71.0
2026-08-20T06:00,0.0,23.6,72.0
2026-08-20T06:15,0,23.6,70.0
2026-08-20T06:30,0,23.8,71.0
2026-08-20T06:45,,,70.0
2026-08-20T07:00,0,23.9,72.0
2026-08-20T07:15,0,23.9,71.0
2026-08-20T07:30,0.0,23.7,72.0
2026-08-20T07:45,0,23.7,69.0
2026-08-20T08:00,0,23.8,64.0
2026-08-20T08:15,,,68.0
2026-08-20T08:30,0,23.5,67.0
2026-08-20T08:45,,,71.0
2026-08-20T09:00,0.0,23.3,71.0
2026-08-20T09:15,0,23.3,71.0
2026-08-20T09:30,0,22.8,76.0
2026-08-20T09:45,,,76.0
2026-08-20T10:00,0.8,20.7,76.0
2026-08-20T10:15,,,76.0
2026-08-20T10:30,0.0,23.3,69.0
2026-08-20T10:45,0,23.3,74.0
2026-08-20T11:00,0,24.3,67.0
2026-08-20T11:15,,,71.0
2026-08-20T11:30,0,23.4,71.0
2026-08-20T11:45,,,73.0
2026-08-20T12:00,0.0,23.5,74.0
2026-08-20T12:15,0,23.5,76.0
2026-08-20T12:30,0,23.0,77.0
2026-08-20T12:45,,,80.0
2026-08-20T13:00,0,22.6,78.0
2026-08-20T13:15,,,80.0
2026-08-20T13:30,0.2,21.1,87.0
2026-08-20T13:45,0.2,21.1,88.0
2026-08-20T14:00,0,21.7,79.0
2026-08-20T14:15,,,81.0
2026-08-20T14:30,0,22.0,79.0
2026-08-20T14:45,,,78.0
2026-08-20T15:00,0.0,22.1,77.0
2026-08-20T15:15,0,22.1,71.0
2026-08-20T15:30,0,23.6,63.0
2026-08-20T15:45,,,62.0
2026-08-20T16:00,0,24.2,60.0
2026-08-20T16:15,,,63.0
2026-08-20T16:30,0,24.0,69.0
2026-08-20T16:45,,,71.0
2026-08-20T17:00,0,23.5,72.0
2026-08-20T17:15,,,70.0
2026-08-20T17:30,0,23.5,71.0
2026-08-20T17:45,,,74.0
2026-08-20T18:00,0.2,22.4,72.0
2026-08-20T18:15,0.2,22.4,75.0
2026-08-20T18:30,0.4,20.1,88.0
2026-08-20T18:45,,,81.0
2026-08-20T19:00,0.2,19.6,85.0
2026-08-20T19:15,,,85.0
2026-08-20T19:30,0.6,18.8,86.0
2026-08-20T19:45,,,81.0
2026-08-20T20:00,0.8,18.5,88.0
2026-08-20T20:15,,,89.0
2026-08-20T20:30,0.8,18.2,91.0
2026-08-20T20:45,0.8,18.2,93.0
2026-08-20T21:00,0,18.0,93.0
2026-08-20T21:15,,,89.0
2026-08-20T21:30,0,18.7,85.0
2026-08-20T21:45,,,85.0
2026-08-20T22:00,0.0,18.7,85.0
2026-08-20T22:15,,,83.0
2026-08-20T22:30,0.0,18.4,87.0
2026-08-20T22:45,,,92.0
2026-08-20T23:00,0.0,17.3,92.0
2026-08-20T23:15,,,95.0
2026-08-20T23:30,0.0,17.2,92.0
2026-08-20T23:45,,,94.0
2026-08-21T00:00,0.0,17.4,91.0
2026-08-21T00:15,,,85.0
2026-08-21T00:30,0.0,17.9,88.0
2026-08-21T00:45,,,82.0
2026-08-21T01:00,0.0,18.6,84.0
2026-08-21T01:15,,,86.0
2026-08-21T01:30,0.0,18.6,85.0
2026-08-21T01:45,,,85.0
2026-08-21T02:00,0.0,19.2,82.0
2026-08-21T02:15,,,87.0
2026-08-21T02:30,0.0,18.5,87.0
2026-08-21T02:45,,,86.0
2026-08-21T03:00,0.0,18.6,86.0
2026-08-21T03:15,,,91.0
2026-08-21T03:30,0.0,17.7,93.0
2026-08-21T03:45,,,92.0
2026-08-21T04:00,0.0,18.5,90.0
2026-08-21T04:15,,,88.0
2026-08-21T04:30,0.0,18.6,89.0
2026-08-21T04:45,,,92.0
2026-08-21T05:00,0.0,19.5,85.0
2026-08-21T05:15,,,87.0
2026-08-21T05:30,0.0,19.2,89.0
2026-08-21T05:45,,,91.0
2026-08-21T06:00,0.0,17.6,94.0
2026-08-21T06:15,,,95.0
2026-08-21T06:30,0.0,17.2,95.0
2026-08-21T06:45,,,93.0
2026-08-21T07:00,0,17.7,93.0
2026-08-21T07:15,0,17.7,87.0
2026-08-21T07:30,0.0,18.2,90.0
2026-08-21T07:45,0,18.2,94.0
2026-08-21T08:00,8.6,17.3,95.0
2026-08-21T08:15,,,97.0
2026-08-21T08:30,5,17.7,97.0
2026-08-21T08:45,5,17.7,90.0
2026-08-21T09:00,4.4,17.6,94.0
2026-08-21T09:15,4.4,17.6,96.0
2026-08-21T09:30,0,17.1,98.0
2026-08-21T09:45,,,98.0
2026-08-21T10:00,0,17.3,98.0
2026-08-21T10:15,,,98.0
2026-08-21T10:30,0,17.7,95.0
2026-08-21T10:45,0,17.7,96.0
2026-08-21T11:00,1.2,17.8,96.0
2026-08-21T11:15,,,97.0
2026-08-21T11:30,3.3,17.3,88.0
2026-08-21T11:45,,,88.0
2026-08-21T12:00,2.2,16.7,93.0
2026-08-21T12:15,,,94.0
2026-08-21T12:30,0.4,17.0,90.0
2026-08-21T12:45,0.4,17.0,92.0
2026-08-21T13:00,0.2,16.9,91.0
2026-08-21T13:15,,,91.0
2026-08-21T13:30,0,18.5,89.0
2026-08-21T13:45,,,89.0
2026-08-21T14:00,1.8,17.9,89.0
2026-08-21T14:15,1.8,17.9,92.0
2026-08-21T14:30,2.2,18.2,91.0
2026-08-21T14:45,,,91.0
2026-08-21T15:00,0.6,21.2,86.0
2026-08-21T15:15,,,82.0
2026-08-21T15:30,0.0,21.9,81.0
2026-08-21T15:45,0,21.9,76.0
2026-08-21T16:00,0,22.7,77.0
2026-08-21T16:15,,,74.0
2026-08-21T16:30,0,22.8,72.0
2026-08-21T16:45,,,70.0
2026-08-21T17:00,0.0,23.3,69.0
2026-08-21T17:15,0,23.3,68.0
2026-08-21T17:30,0,22.9,68.0
2026-08-21T17:45,,,67.0
2026-08-21T18:00,0,22.9,67.0
2026-08-21T18:15,,,68.0
2026-08-21T18:30,0.0,22.7,69.0
2026-08-21T18:45,0,22.7,69.0
2026-08-21T19:00,0,22.4,69.0
2026-08-21T19:15,,,68.0
2026-08-21T19:30,0,22.0,70.0
2026-08-21T19:45,,,70.0
2026-08-21T20:00,0.0,21.5,74.0
2026-08-21T20:15,0,21.5,76.0
2026-08-21T20:30,0,20.8,79.0
2026-08-21T20:45,,,82.0
2026-08-21T21:00,0,21.3,74.0
2026-08-21T21:15,,,73.0
2026-08-21T21:30,0.0,21.4,72.0
2026-08-21T21:45,0,21.4,72.0
2026-08-21T22:00,0.0,19.6,79.0
2026-08-21T22:15,,,83.0
2026-08-21T22:30,0.0,18.6,85.0
2026-08-21T22:45,,,87.0
2026-08-21T23:00,0.0,18.4,87.0
2026-08-21T23:15,,,88.0
2026-08-21T23:30,0.0,18.0,91.0
2026-08-21T23:45,,,93.0
2026-08-22T00:00,0.0,17.7,93.0
2026-08-22T00:15,,,90.0
2026-08-22T00:30,0.0,18.3,91.0
2026-08-22T00:45,,,83.0
2026-08-22T01:00,0.0,20.2,83.0
2026-08-22T01:15,,,81.0
2026-08-22T01:30,0.0,19.8,85.0
2026-08-22T01:45,,,89.0
2026-08-22T02:00,0.0,18.8,90.0
2026-08-22T02:15,,,89.0
2026-08-22T02:30,0.0,18.7,90.0
2026-08-22T02:45,,,90.0
2026-08-22T03:00,0.0,18.5,91.0
2026-08-22T03:15,,,92.0
2026-08-22T03:30,0.0,17.7,95.0
2026-08-22T03:45,,,94.0
2026-08-22T04:00,0.0,17.4,95.0
2026-08-22T04:15,,,94.0
2026-08-22T04:30,0.0,17.4,95.0
2026-08-22T04:45,,,94.0
2026-08-22T05:00,0.0,17.4,95.0
2026-08-22T05:15,,,95.0
2026-08-22T05:30,0.0,17.8,95.0
2026-08-22T05:45,,,95.0
2026-08-22T06:00,0.0,18.3,93.0
2026-08-22T06:15,,,95.0
2026-08-22T06:30,0.0,17.7,96.0
2026-08-22T06:45,,,96.0
2026-08-22T07:00,0,18.1,95.0
2026-08-22T07:15,,,95.0
2026-08-22T07:30,0,18.4,94.0
2026-08-22T07:45,,,94.0
2026-08-22T08:00,0.0,18.9,92.0
2026-08-22T08:15,0,18.9,89.0
2026-08-22T08:30,0,19.9,87.0
2026-08-22T08:45,,,86.0
2026-08-22T09:00,0,19.9,87.0
2026-08-22T09:15,,,86.0
2026-08-22T09:30,0.0,20.6,86.0
2026-08-22T09:45,0,20.6,84.0
2026-08-22T10:00,0,21.1,82.0
2026-08-22T10:15,,,77.0
2026-08-22T10:30,0,21.8,77.0
2026-08-22T10:45,,,79.0
2026-08-22T11:00,0.0,22.8,75.0
2026-08-22T11:15,0,22.8,75.0
2026-08-22T11:30,0,23.3,70.0
2026-08-22T11:45,,,72.0
2026-08-22T12:00,0,23.8,70.0
2026-08-22T12:15,,,73.0
2026-08-22T12:30,0.0,23.9,72.0
2026-08-22T12:45,0,23.9,69.0
2026-08-22T13:00,0,23.4,71.0
2026-08-22T13:15,,,70.0
2026-08-22T13:30,0,23.9,71.0
2026-08-22T13:45,,,67.0
2026-08-22T14:00,0.0,25.0,65.0
2026-08-22T14:15,0,25.0,67.0
2026-08-22T14:30,0,23.1,72.0
2026-08-22T14:45,,,64.0
2026-08-22T15:00,0,25.8,49.0
2026-08-22T15:15,,,41.0
2026-08-22T15:30,0.0,26.4,42.0
2026-08-22T15:45,0,26.4,39.0
2026-08-22T16:00,0,25.9,38.0
2026-08-22T16:15,,,41.0
2026-08-22T16:30,0,26.5,38.0
2026-08-22T16:45,,,41.0
2026-08-22T17:00,0.0,25.8,42.0
2026-08-22T17:15,0,25.8,41.0
2026-08-22T17:30,0,25.5,38.0
2026-08-22T17:45,,,41.0
2026-08-22T18:00,0,25.1,44.0
2026-08-22T18:15,,,44.0
2026-08-22T18:30,0.0,24.9,44.0
2026-08-22T18:45,0,24.9,45.0
2026-08-22T19:00,0,24.1,46.0
2026-08-22T19:15,,,55.0
2026-08-22T19:30,0,22.0,62.0
2026-08-22T19:45,,,59.0
2026-08-22T20:00,0.0,20.1,64.0
2026-08-22T20:15,0,20.1,66.0
2026-08-22T20:30,0,19.6,66.0
2026-08-22T20:45,,,60.0
2026-08-22T21:00,0.0,19.6,61.0
2026-08-22T21:15,0,19.6,62.0
2026-08-22T21:30,0,18.5,67.0
2026-08-22T21:45,,,64.0
2026-08-22T22:00,0.0,18.2,63.0
2026-08-22T22:15,,,65.0
2026-08-22T22:30,0.0,17.6,64.0
2026-08-22T22:45,,,63.0
2026-08-22T23:00,0.0,17.3,58.0
2026-08-22T23:15,,,59.0
2026-08-22T23:30,0.0,16.9,62.0
2026-08-22T23:45,,,64.0
2026-08-23T00:00,0.0,16.8,69.0
2026-08-23T00:15,,,66.0
2026-08-23T00:30,0.0,16.7,67.0
2026-08-23T00:45,,,69.0
2026-08-23T01:00,0.0,16.8,73.0
2026-08-23T01:15,,,69.0
2026-08-23T01:30,0.0,16.6,71.0
2026-08-23T01:45,,,68.0
2026-08-23T02:00,0.0,16.3,70.0
2026-08-23T02:15,,,71.0
2026-08-23T02:30,0.0,16.5,71.0
2026-08-23T02:45,,,69.0
2026-08-23T03:00,0.0,16.7,70.0
2026-08-23T03:15,,,72.0
2026-08-23T03:30,0.0,16.4,75.0
2026-08-23T03:45,,,75.0
2026-08-23T04:00,0.0,16.3,75.0
2026-08-23T04:15,,,72.0
2026-08-23T04:30,0.0,15.7,79.0
2026-08-23T04:45,,,80.0
2026-08-23T05:00,0.0,15.7,81.0
2026-08-23T05:15,,,81.0
2026-08-23T05:30,0.0,15.7,79.0
2026-08-23T05:45,,,80.0
2026-08-23T06:00,0.0,15.8,82.0
2026-08-23T06:15,,,87.0
2026-08-23T06:30,0.0,16.6,81.0
2026-08-23T06:45,,,82.0
2026-08-23T07:00,0.0,16.3,81.0
2026-08-23T07:15,0,16.3,84.0
2026-08-23T07:30,0,16.7,84.0
2026-08-23T07:45,,,86.0
2026-08-23T08:00,0,16.8,87.0
2026-08-23T08:15,,,87.0
2026-08-23T08:30,0.0,17.5,86.0
2026-08-23T08:45,0,17.5,88.0
2026-08-23T09:00,0,17.9,84.0
2026-08-23T09:15,,,84.0
2026-08-23T09:30,0,19.5,81.0
2026-08-23T09:45,,,82.0
2026-08-23T10:00,0.0,20.3,79.0
2026-08-23T10:15,0,20.3,80.0
2026-08-23T10:30,0,21.1,78.0
2026-08-23T10:45,,,75.0
2026-08-23T11:00,0,22.1,73.0
2026-08-23T11:15,,,71.0
2026-08-23T11:30,0,22.4,74.0
2026-08-23T11:45,,,73.0
2026-08-23T12:00,0.0,23.3,70.0
2026-08-23T12:15,0,23.3,69.0
2026-08-23T12:30,0.0,23.2,68.0
2026-08-23T12:45,,,67.0
2026-08-23T13:00,0,23.2,68.0
2026-08-23T13:15,,,66.0
2026-08-23T13:30,0.0,24.3,64.0
2026-08-23T13:45,0,24.3,67.0
2026-08-23T14:00,0,24.5,66.0
2026-08-23T14:15,,,64.0
2026-08-23T14:30,0,24.7,62.0
2026-08-23T14:45,,,60.0
2026-08-23T15:00,0.0,25.1,60.0
2026-08-23T15:15,0,25.1,61.0
2026-08-23T15:30,0,25.3,57.0
2026-08-23T15:45,,,59.0
2026-08-23T16:00,0,25.4,58.0
2026-08-23T16:15,,,59.0
2026-08-23T16:30,0.0,25.4,60.0
2026-08-23T16:45,0,25.4,58.0
2026-08-23T17:00,0,25.4,57.0
2026-08-23T17:15,,,57.0
2026-08-23T17:30,0,25.2,57.0
2026-08-23T17:45,,,58.0
2026-08-23T18:00,0.0,24.7,59.0
2026-08-23T18:15,0,24.7,57.0
2026-08-23T18:30,0,24.8,58.0
2026-08-23T18:45,,,59.0
2026-08-23T19:00,0,24.7,59.0
2026-08-23T19:15,,,60.0
2026-08-23T19:30,0.0,23.9,62.0
2026-08-23T19:45,0,23.9,68.0
2026-08-23T20:00,0,22.3,71.0
2026-08-23T20:15,,,73.0
2026-08-23T20:30,0,21.3,73.0
2026-08-23T20:45,,,76.0
2026-08-23T21:00,0.0,20.6,76.0
2026-08-23T21:15,0,20.6,77.0
2026-08-23T21:30,0,20.1,78.0
2026-08-23T21:45,,,77.0
2026-08-23T22:00,0,20.1,76.0
2026-08-23T22:15,,,77.0
2026-08-23T22:30,0.0,20.4,75.0
2026-08-23T22:45,0,20.4,77.0
2026-08-23T23:00,0.0,20.0,78.0
2026-08-23T23:15,,,80.0
2026-08-23T23:30,0.0,19.5,81.0
2026-08-23T23:45,,,81.0
2026-08-24T00:00,0.0,19.2,83.0
2026-08-24T00:15,,,84.0
2026-08-24T00:30,0.0,18.9,86.0
2026-08-24T00:45,,,86.0
2026-08-24T01:00,0.0,18.6,87.0
2026-08-24T01:15,,,87.0
2026-08-24T01:30,0.0,18.4,88.0
2026-08-24T01:45,,,88.0
2026-08-24T02:00,0.0,18.0,89.0
2026-08-24T02:15,,,89.0
2026-08-24T02:30,0.0,17.8,90.0
2026-08-24T02:45,,,90.0
2026-08-24T03:00,0.0,17.6,90.0
2026-08-24T03:15,,,91.0
2026-08-24T03:30,0.0,17.8,90.0
2026-08-24T03:45,,,90.0
2026-08-24T04:00,0.0,17.6,91.0
2026-08-24T04:15,,,90.0
2026-08-24T04:30,0.0,17.6,91.0
2026-08-24T04:45,,,92.0
2026-08-24T05:00,0.0,17.4,92.0
2026-08-24T05:15,,,93.0
2026-08-24T05:30,0.0,17.3,93.0
2026-08-24T05:45,,,93.0
2026-08-24T06:00,0,17.3,94.0
2026-08-24T06:15,,,94.0
2026-08-24T06:30,0,17.3,94.0
2026-08-24T06:45,,,94.0
2026-08-24T07:00,0.0,17.5,93.0
2026-08-24T07:15,0,17.5,94.0
2026-08-24T07:30,0,17.8,94.0
2026-08-24T07:45,,,91.0
2026-08-24T08:00,0,19.8,85.0
2026-08-24T08:15,,,86.0
2026-08-24T08:30,0.0,20.6,85.0
2026-08-24T08:45,,,86.0
2026-08-24T09:00,0.0,20.2,82.0
2026-08-24T09:15,,,83.0
2026-08-24T09:30,0.0,21.3,80.0
2026-08-24T09:45,,,79.0
2026-08-24T10:00,0.0,23.1,72.0
2026-08-24T10:15,,,70.0
2026-08-24T10:30,0.0,23.4,72.0
2026-08-24T10:45,,,69.0
2026-08-24T11:00,0.0,23.9,68.0
2026-08-24T11:15,,,67.0
2026-08-24T11:30,0.0,24.6,67.0
2026-08-24T11:45,,,65.0
2026-08-24T12:00,0,24.7,66.0
2026-08-24T12:15,,,64.0
2026-08-24T12:30,0.0,25.2,63.0
2026-08-24T13:15,0,25.4,
2026-08-24T13:30,0,25.9,
2026-08-24T14:00,0,26.0,
2026-08-24T14:45,0,26.3,
2026-08-24T15:00,0,26.4,
2026-08-24T15:30,0,27.3,
2026-08-24T16:15,0,26.8,
2026-08-24T16:45,0,27.2,
2026-08-24T17:00,0,27.1,
2026-08-24T17:30,0,26.8,
2026-08-24T18:00,0,26.3,
2026-08-24T18:30,0,26.0,
2026-08-24T19:00,0,25.7,
2026-08-24T19:30,0,25.7,
2026-08-24T20:00,0,22.8,
2026-08-24T20:45,0,22.1,
2026-08-24T21:00,0,22.5,
2026-08-24T21:30,0,22.1,
2026-08-24T22:15,0,20.8,
2026-08-24T22:30,0,20.9,
2026-08-24T23:00,0,20.8,
2026-08-26T00:00,0.0,19.8,75.0
2026-08-26T00:15,,19.9,73.0
2026-08-26T00:30,0.0,19.4,77.0
2026-08-26T00:45,,20.2,73.0
2026-08-26T01:00,0.0,19.7,77.0
2026-08-26T01:15,,19.2,80.0
2026-08-26T01:30,0.0,19.1,81.0
2026-08-26T01:45,,19.1,82.0
2026-08-26T02:00,0.0,18.8,83.0
2026-08-26T02:15,,18.7,85.0
2026-08-26T02:30,0.0,18.8,85.0
2026-08-26T02:45,,18.7,86.0
2026-08-26T03:00,0.0,18.9,85.0
2026-08-26T03:15,,18.8,86.0
2026-08-26T03:30,0.0,18.6,87.0
2026-08-26T03:45,,18.6,88.0
2026-08-26T04:00,0.0,18.9,87.0
2026-08-26T04:15,,19.2,86.0
2026-08-26T04:30,0.0,19.5,84.0
2026-08-26T04:45,,19.8,82.0
2026-08-26T05:00,0.0,20.1,81.0
2026-08-26T05:15,,20.3,80.0
2026-08-26T05:30,0.0,20.0,81.0
2026-08-26T05:45,,19.3,84.0
2026-08-26T06:00,0.0,19.2,85.0
2026-08-26T06:15,,18.9,86.0
2026-08-26T06:30,0.0,18.8,87.0
2026-08-26T06:45,,18.8,87.0
2026-08-26T07:00,0.0,18.8,87.0
2026-08-26T07:15,,18.9,88.0
2026-08-26T07:30,0.0,19.2,88.0
2026-08-26T07:45,,19.7,84.0
2026-08-26T08:00,0.0,20.6,83.0
2026-08-26T08:15,,21.9,75.0
2026-08-26T08:30,0.0,21.8,77.0
2026-08-26T08:45,,21.6,79.0
2026-08-26T09:00,0.0,22.3,78.0
2026-08-26T09:15,,23.8,72.0
2026-08-26T09:30,0.0,24.4,67.0
2026-08-26T09:45,,24.6,65.0
2026-08-26T10:00,0.0,25.1,63.0
2026-08-26T10:15,,25.3,62.0
2026-08-26T10:30,0.0,25.8,61.0
2026-08-26T10:45,,27.0,56.0
2026-08-26T11:00,0.0,26.7,55.0
2026-08-26T11:15,,27.6,52.0
2026-08-26T11:30,0.0,27.4,48.0
2026-08-26T11:45,,28.0,49.0
2026-08-26T12:00,0.0,28.0,45.0
2026-08-26T12:15,,28.1,41.0
2026-08-26T12:30,0.0,28.2,44.0
2026-08-26T12:45,,27.6,50.0
2026-08-26T13:00,0.0,27.9,47.0
2026-08-26T13:15,,28.0,52.0
2026-08-26T13:30,0.0,28.7,45.0
2026-08-26T13:45,,28.3,44.0
2026-08-26T14:00,0.0,29.3,45.0
2026-08-26T14:15,,28.9,49.0
2026-08-26T14:30,0.0,29.0,48.0
2026-08-26T14:45,,28.7,50.0
2026-08-26T15:00,0.0,29.5,46.0
2026-08-26T15:15,,28.5,47.0
2026-08-26T15:30,0.0,29.3,46.0
2026-08-26T15:45,,29.5,45.0
2026-08-26T16:00,0.0,29.1,48.0
2026-08-26T16:15,,28.9,46.0
2026-08-26T16:30,0.0,28.5,48.0
2026-08-26T16:45,,28.3,50.0
2026-08-26T17:00,0.0,28.1,50.0
2026-08-26T17:15,,27.7,47.0
2026-08-26T17:30,0.0,27.0,52.0
2026-08-26T17:45,,26.7,53.0
2026-08-26T18:00,0.0,26.2,57.0
2026-08-26T18:15,,25.9,59.0
2026-08-26T18:30,0.0,25.8,59.0
2026-08-26T18:45,,25.7,64.0
2026-08-26T19:00,0.0,25.1,67.0
2026-08-26T19:15,,24.4,65.0
2026-08-26T19:30,0.0,24.6,60.0
2026-08-26T19:45,,24.2,62.0
2026-08-26T20:00,0.0,24.5,49.0
2026-08-26T20:15,,24.4,50.0
2026-08-26T20:30,0.0,24.4,54.0
2026-08-26T20:45,,23.2,62.0
2026-08-26T21:00,0.0,22.7,67.0
2026-08-26T21:15,,22.1,70.0
2026-08-26T21:30,0.0,21.4,74.0
2026-08-26T21:45,,20.9,76.0
2026-08-26T22:00,0.0,21.4,72.0
2026-08-26T22:15,,22.3,71.0
2026-08-26T22:30,0.0,22.2,71.0
2026-08-26T22:45,,21.7,68.0
2026-08-26T23:00,0.0,20.5,74.0
2026-08-26T23:15,,19.9,76.0
2026-08-26T23:30,0.0,20.0,74.0
2026-08-26T23:45,,19.8,74.0
2026-08-27T00:00,0.0,19.6,76.0
2026-08-27T00:15,,19.9,76.0
2026-08-27T00:30,0.0,19.3,76.0
2026-08-27T00:45,,19.7,76.0
2026-08-27T01:00,0.0,19.4,77.0
2026-08-27T01:15,,19.1,74.0
2026-08-27T01:30,0.0,19.3,73.0
2026-08-27T01:45,,19.2,75.0
2026-08-27T02:00,0.0,19.2,76.0
2026-08-27T02:15,,19.2,76.0
2026-08-27T02:30,0.0,18.8,79.0
2026-08-27T02:45,,18.6,78.0
2026-08-27T03:00,0.0,18.8,77.0
2026-08-27T03:15,,18.7,76.0
2026-08-27T03:30,0.0,18.8,76.0
2026-08-27T03:45,,18.7,75.0
2026-08-27T04:00,0.0,19.0,73.0
2026-08-27T04:15,,18.9,72.0
2026-08-27T04:30,0.0,18.9,73.0
2026-08-27T04:45,,19.0,71.0
2026-08-27T05:00,0.0,19.1,71.0
2026-08-27T05:15,,18.9,73.0
2026-08-27T05:30,0.0,18.7,74.0
2026-08-27T05:45,,18.8,74.0
2026-08-27T06:00,0.0,18.6,75.0
2026-08-27T06:15,,18.5,76.0
2026-08-27T06:30,0.0,18.4,77.0
2026-08-27T06:45,,18.5,76.0
2026-08-27T07:00,0.0,18.6,76.0
2026-08-27T07:15,,18.8,77.0
2026-08-27T07:30,0.0,19.3,77.0
2026-08-27T07:45,,19.7,78.0
2026-08-27T08:00,0.0,20.6,74.0
2026-08-27T08:15,,21.1,78.0
2026-08-27T08:30,0.0,21.5,72.0
2026-08-27T08:45,,21.4,73.0
2026-08-27T09:00,0.0,23.5,69.0
2026-08-27T09:15,,22.3,72.0
2026-08-27T09:30,0.0,22.2,73.0
2026-08-27T09:45,,22.5,70.0
2026-08-27T10:00,0.0,22.7,71.0
2026-08-27T10:15,,22.5,69.0
2026-08-27T10:30,0.0,22.4,72.0
2026-08-27T10:45,,23.2,64.0
2026-08-27T11:00,0.0,23.9,63.0
2026-08-27T11:15,,24.3,62.0
2026-08-27T11:30,0.0,24.5,66.0
2026-08-27T11:45,,24.6,63.0
2026-08-27T12:00,0.0,25.7,60.0
2026-08-27T12:15,,26.4,56.0
2026-08-27T12:30,0.0,26.5,57.0
2026-08-27T12:45,,27.2,56.0
2026-08-27T13:00,0.0,27.1,54.0
2026-08-27T13:15,,27.2,56.0
2026-08-27T13:30,0.0,27.6,53.0
2026-08-27T13:45,,27.6,53.0
2026-08-27T14:00,0.0,28.1,53.0
2026-08-27T14:15,,28.8,50.0
2026-08-27T14:30,0.0,28.5,55.0
2026-08-27T14:45,,29.2,56.0
2026-08-27T15:00,0.0,29.4,55.0
2026-08-27T15:15,,29.7,52.0
2026-08-27T15:30,0.0,29.7,50.0
2026-08-27T15:45,,28.9,50.0
2026-08-27T16:00,0.0,29.1,51.0
2026-08-27T16:15,,28.9,52.0
2026-08-27T16:30,0.0,28.8,54.0
2026-08-27T16:45,,28.6,57.0
2026-08-27T17:00,0.0,28.7,55.0
2026-08-27T17:15,,28.4,60.0
2026-08-27T17:30,0.0,28.4,60.0
2026-08-27T17:45,,28.1,62.0
2026-08-27T18:00,0.0,28.0,62.0
2026-08-27T18:15,,28.0,62.0
2026-08-27T18:30,0.0,27.8,64.0
2026-08-27T18:45,,27.7,66.0
2026-08-27T19:00,0.0,27.5,63.0
2026-08-27T19:15,,26.9,68.0
2026-08-27T19:30,0.0,26.1,72.0
2026-08-27T19:45,,25.5,73.0
2026-08-27T20:00,0.0,25.2,72.0
2026-08-27T20:15,,24.9,74.0
2026-08-27T20:30,0.0,24.6,75.0
2026-08-27T20:45,,24.5,76.0
2026-08-27T21:00,0.0,24.3,77.0
2026-08-27T21:15,,24.2,76.0
2026-08-27T21:30,0.0,25.1,72.0
2026-08-27T21:45,,24.4,76.0
2026-08-27T22:00,0.0,23.5,80.0
2026-08-27T22:15,,23.3,81.0
2026-08-27T22:30,0.0,23.7,80.0
2026-08-27T22:45,,24.0,80.0
2026-08-27T23:00,0.0,24.3,79.0
2026-08-27T23:15,,24.8,76.0
2026-08-27T23:30,0.0,24.9,74.0
2026-08-27T23:45,,24.5,76.0
2026-08-28T00:00,0.0,25.3,73.0
2026-08-28T00:15,,25.3,73.0
2026-08-28T00:30,0.0,25.3,72.0
2026-08-28T00:45,,25.2,73.0
2026-08-28T01:00,0.0,25.2,73.0
2026-08-28T01:15,,25.0,75.0
2026-08-28T01:30,0.0,24.6,76.0
2026-08-28T01:45,,23.9,80.0
2026-08-28T02:00,0.0,24.5,76.0
2026-08-28T02:15,,25.3,72.0
2026-08-28T02:30,0.0,25.1,72.0
2026-08-28T02:45,,25.0,73.0
2026-08-28T03:00,0.0,24.8,74.0
2026-08-28T03:15,,25.0,74.0
2026-08-28T03:30,0.0,24.8,76.0
2026-08-28T03:45,,24.5,75.0
2026-08-28T04:00,0.0,24.7,72.0
2026-08-28T04:15,,24.5,79.0
2026-08-28T04:30,0.0,24.7,75.0
2026-08-28T04:45,,25.2,70.0
2026-08-28T05:00,0.0,25.3,69.0
2026-08-28T05:15,,25.2,70.0
2026-08-28T05:30,0.0,24.5,74.0
2026-08-28T05:45,,24.1,76.0
2026-08-28T06:00,0.0,23.9,77.0
2026-08-28T06:15,,24.4,76.0
2026-08-28T06:30,0.0,23.8,78.0
2026-08-28T06:45,,24.5,75.0
2026-08-28T07:00,0.0,24.7,75.0
2026-08-28T07:15,,24.8,74.0
2026-08-28T07:30,0.0,25.0,72.0
2026-08-28T07:45,,25.2,72.0
2026-08-28T08:00,0.0,24.8,75.0
2026-08-28T08:15,,25.1,77.0
2026-08-28T08:30,0.0,24.7,77.0
2026-08-28T08:45,,25.2,75.0
2026-08-28T09:00,0.0,26.0,72.0
2026-08-28T09:15,,26.9,71.0
2026-08-28T09:30,0.0,26.4,72.0
2026-08-28T09:45,,27.0,68.0
2026-08-28T10:00,0.0,27.7,64.0
2026-08-28T10:15,0,27.9,67.0
2026-08-28T10:30,0,27.7,64.0
2026-08-28T10:45,,28.3,62.0
2026-08-28T11:00,0,28.6,62.0
2026-08-28T11:15,,28.6,65.0
2026-08-28T11:30,0.0,29.6,56.0
2026-08-28T11:45,0,29.7,52.0
2026-08-28T12:00,0,30.0,52.0
2026-08-28T12:15,,30.4,48.0
2026-08-28T12:30,0,30.7,46.0
2026-08-28T12:45,,31.0,48.0
2026-08-28T13:00,0.0,31.0,47.0
2026-08-28T13:15,0,30.6,50.0
2026-08-28T13:30,0,30.4,51.0
2026-08-28T13:45,,31.5,46.0
2026-08-28T14:00,0,30.9,48.0
2026-08-28T14:15,,31.3,48.0
2026-08-28T14:30,0.0,31.8,45.0
2026-08-28T14:45,0,32.0,45.0
2026-08-28T15:00,0,31.7,46.0
2026-08-28T15:15,,32.2,43.0
2026-08-28T15:30,0,31.9,47.0
2026-08-28T15:45,,31.7,44.0
2026-08-28T16:00,0.0,31.9,41.0
2026-08-28T16:15,0,31.6,44.0
2026-08-28T16:30,0,31.8,44.0
2026-08-28T16:45,,31.4,42.0
2026-08-28T17:00,0,31.3,44.0
2026-08-28T17:15,,31.0,46.0
2026-08-28T17:30,0.0,30.9,47.0
2026-08-28T17:45,0,29.9,52.0
2026-08-28T18:00,0,29.8,55.0
2026-08-28T18:15,,29.6,57.0
2026-08-28T18:30,0,28.9,61.0
2026-08-28T18:45,,28.3,64.0
2026-08-28T19:00,0.0,28.1,63.0
2026-08-28T19:15,0,27.7,65.0
2026-08-28T19:30,0,27.4,68.0
2026-08-28T19:45,,26.8,69.0
2026-08-28T20:00,0,26.8,68.0
2026-08-28T20:15,,26.2,70.0
2026-08-28T20:30,0,25.5,73.0
2026-08-28T20:45,,25.7,70.0
2026-08-28T21:00,0.0,25.6,72.0
2026-08-28T21:15,0,25.8,71.0
2026-08-28T21:30,0,25.7,70.0
2026-08-28T21:45,,25.9,68.0
2026-08-28T22:00,0,25.4,69.0
2026-08-28T22:15,,25.5,67.0
2026-08-28T22:30,0,25.2,69.0
2026-08-28T22:45,,25.0,70.0
2026-08-28T23:00,0,24.9,71.0
2026-08-28T23:15,,25.1,64.0
2026-08-28T23:30,0,24.9,64.0
2026-08-28T23:45,,25.0,65.0
2026-08-29T00:00,0,24.8,63.0
2026-08-29T00:15,,24.7,64.0
2026-08-29T00:30,0.0,24.7,65.0
2026-08-29T00:45,,24.4,62.0
2026-08-29T01:00,0,24.3,58.0
2026-08-29T01:15,,24.6,55.0
2026-08-29T01:30,0,24.1,56.0
2026-08-29T01:45,,23.9,58.0
2026-08-29T02:00,0,23.5,58.0
2026-08-29T02:15,,23.6,55.0
2026-08-29T02:30,0,23.2,57.0
2026-08-29T02:45,,22.7,60.0
2026-08-29T03:00,0.0,22.6,57.0
2026-08-29T03:15,0,22.9,57.0
2026-08-29T03:30,0,22.8,53.0
2026-08-29T03:45,,22.4,55.0
2026-08-29T04:00,0,22.4,57.0
2026-08-29T04:15,,22.0,62.0
2026-08-29T04:30,0.0,22.1,62.0
2026-08-29T04:45,0,21.6,65.0
2026-08-29T05:00,0,21.6,66.0
2026-08-29T05:15,,21.5,66.0
2026-08-29T05:30,0,21.2,67.0
2026-08-29T05:45,,21.4,66.0
2026-08-29T06:00,0.0,21.2,67.0
2026-08-29T06:15,,21.0,66.0
2026-08-29T06:30,0.0,20.9,65.0
2026-08-29T06:45,0,20.7,69.0
2026-08-29T07:00,0,20.6,67.0
2026-08-29T07:15,,20.6,68.0
2026-08-29T07:30,0,20.2,72.0
2026-08-29T07:45,,21.2,68.0
2026-08-29T08:00,0.0,22.2,67.0
2026-08-29T08:15,0,22.4,66.0
2026-08-29T08:30,0,22.7,64.0
2026-08-29T08:45,,22.8,65.0
2026-08-29T09:00,0,23.1,61.0
2026-08-29T09:15,,23.5,58.0
2026-08-29T09:30,0.0,23.8,58.0
2026-08-29T09:45,0,24.0,58.0
2026-08-29T10:00,0,25.4,51.0
2026-08-29T10:15,,24.7,56.0
2026-08-29T10:30,0,24.9,56.0
2026-08-29T10:45,,25.4,52.0
2026-08-29T11:00,0.0,25.8,51.0
2026-08-29T11:15,0,25.6,49.0
2026-08-29T11:30,0,25.8,50.0
2026-08-29T11:45,,26.2,50.0
2026-08-29T12:00,0,26.7,52.0
2026-08-29T12:15,,26.4,47.0
2026-08-29T12:30,0.0,26.9,47.0
2026-08-29T12:45,0,26.9,
2026-08-29T13:00,0,,
2026-08-29T13:30,0,27.5,
2026-08-29T14:15,0,27.6,
2026-08-29T14:30,0,,
2026-08-29T15:00,0,27.5,
2026-08-29T15:45,0,26.9,
2026-08-29T16:00,0,,
2026-08-29T16:30,0,26.5,
2026-08-29T17:15,0,26.0,
2026-08-29T17:30,0,,
2026-08-29T18:00,0,,
2026-08-29T18:30,0,24.4,
2026-08-29T19:15,0,23.2,
2026-08-29T19:30,0,,
2026-08-29T20:00,0,,
2026-08-29T20:30,0,20.9,
2026-08-29T21:15,0,20.3,
2026-08-29T21:30,0,,
2026-08-29T22:00,0,,
2026-08-29T22:30,0,,
2026-08-29T23:00,0,,
2026-08-29T23:45,0,19.8,
2026-08-30T00:15,0,18.7,
2026-08-30T01:00,0,,
2026-08-30T01:45,0,19.2,
2026-08-30T02:00,0,,
2026-08-30T02:30,0,17.9,
2026-08-30T03:15,0,16.9,
2026-08-30T03:30,0,,
2026-08-30T04:00,0,17.2,
2026-08-30T04:45,0,16.7,
2026-08-30T05:00,0,,
2026-08-30T05:30,0,16.5,
2026-08-30T06:15,0,16.5,
2026-08-30T06:30,0,,
2026-08-30T07:00,0,16.1,
2026-08-30T07:45,0,17.0,
2026-08-30T08:00,0,,
2026-08-30T08:30,0,20.0,
2026-08-30T09:15,0,21.0,
2026-08-30T09:30,0,,
2026-08-30T10:00,0,22.5,
2026-08-30T10:45,0,24.2,
2026-08-30T11:00,0,,
2026-08-30T11:30,0,25.4,
2026-08-30T12:15,0,26.2,
2026-08-30T12:30,0,,
2026-08-30T13:00,0,27.0,
2026-08-30T13:45,0,27.4,
2026-08-30T14:00,0,,
2026-08-30T14:30,0,27.6,
2026-08-30T15:15,0,28.5,
2026-08-30T15:30,0,,
2026-08-30T16:00,0,28.4,
2026-08-30T16:30,0,,
2026-08-30T17:00,0,28.4,
2026-08-30T17:45,0,27.9,
2026-08-30T18:15,0,27.5,
2026-08-30T18:30,0,,
2026-08-30T19:00,0,26.9,
2026-08-30T19:45,0,23.9,
2026-08-30T20:00,0,,
2026-08-30T20:30,0,,
2026-08-30T21:00,0,,
2026-08-30T21:30,0,,
2026-08-30T22:00,0,,
2026-08-30T22:45,0,20.8,
2026-08-30T23:00,0,,
2026-08-30T23:45,0,20.2,
2026-08-31T00:00,0,,
2026-08-31T00:30,0,20.1,
2026-08-31T01:00,0,,
2026-08-31T01:30,0,,
2026-08-31T02:15,0,19.3,
2026-08-31T02:30,0,,
2026-08-31T03:00,0,19.5,
2026-08-31T03:45,0,19.0,
2026-08-31T04:00,0,,
2026-08-31T04:30,0,18.8,
2026-08-31T05:15,0,18.6,
2026-08-31T05:30,0,,
2026-08-31T06:00,0,19.0,
2026-08-31T06:45,0,18.0,
2026-08-31T07:00,0,,
2026-08-31T07:30,0,18.2,
2026-08-31T08:15,0,22.0,
2026-08-31T08:30,0,,
2026-08-31T09:00,0,22.7,
2026-08-31T09:45,0,23.6,
2026-08-31T10:00,0,,
2026-08-31T10:30,0,,
2026-08-31T11:15,0,26.9,
2026-08-31T11:30,0,,
2026-08-31T12:00,0,,
2026-08-31T12:30,0,,
2026-08-31T13:00,0,,
2026-08-31T13:30,0,,
2026-08-31T14:00,0,,
2026-08-31T14:30,0,,
2026-08-31T15:15,0,29.2,
2026-08-31T15:45,0,28.9,
2026-08-31T16:00,0,28.8,
2026-08-31T16:30,0,28.6,
2026-08-31T17:15,0,28.5,
2026-08-31T17:30,0,28.5,
2026-08-31T18:00,0,28.5,
2026-08-31T18:45,0,25.7,
2026-08-31T19:00,0,,
2026-08-31T19:30,0,24.6,
2026-08-31T20:15,0,23.3,
2026-08-31T20:30,0,,
2026-08-31T21:00,0,,
2026-08-31T21:30,0,22.6,
2026-08-31T22:15,0,21.6,
2026-08-31T22:30,0,,
2026-08-31T23:00,0,,
2026-08-31T23:45,0,20.7,
2026-09-01T00:15,0,20.6,
2026-09-01T01:00,0,,
2026-09-01T01:30,0,20.3,
2026-09-01T02:15,0,19.1,
2026-09-01T02:30,0,,
2026-09-01T03:00,0,19.0,
2026-09-01T03:45,0,18.9,
2026-09-01T04:00,0,,
2026-09-01T04:30,0,18.7,
2026-09-01T05:15,0,18.3,
2026-09-01T05:30,0,,
2026-09-01T06:00,0,18.2,
2026-09-01T06:45,0,18.5,
2026-09-01T07:00,0,,
2026-09-01T07:30,0,,
2026-09-01T08:00,0,19.5,
2026-09-01T08:45,0,22.2,
2026-09-01T09:00,0,,
2026-09-01T09:30,0,23.2,
2026-09-01T10:15,0,24.6,
2026-09-01T10:30,0,,
2026-09-01T11:00,0,25.4,
2026-09-01T11:15,0,26.1,
2026-09-01T11:45,0,26.3,
2026-09-01T12:00,0,26.2,
2026-09-01T12:30,0,25.6,
2026-09-01T13:15,0,25.7,
2026-09-01T13:45,0,25.8,
2026-09-01T14:00,0,26.2,
2026-09-01T14:30,0,27.0,
2026-09-01T15:15,0,26.9,
2026-09-01T15:30,0,,
2026-09-01T16:00,0,,
2026-09-01T16:15,0,26.7,
2026-09-01T16:45,0,26.7,
2026-09-01T17:00,0,26.7,
2026-09-01T17:30,0,26.7,
2026-09-01T18:15,0,27.0,
2026-09-01T18:30,0,,
2026-09-01T19:00,0,25.8,
2026-09-01T19:45,0,24.5,
2026-09-01T20:00,0,,
2026-09-01T20:30,0,23.7,
2026-09-01T21:15,0,21.8,
2026-09-01T21:30,0,,
2026-09-01T22:00,0,,
2026-09-01T22:30,0,,
2026-09-01T23:00,0,,
2026-09-01T23:30,0,20.0,
2026-09-02T00:15,0,19.5,
2026-09-02T01:00,0,19.2,
2026-09-02T01:30,0,,
2026-09-02T02:15,0,18.9,
2026-09-02T02:30,0,,
2026-09-02T03:00,0,18.5,
2026-09-02T03:30,0,,
2026-09-02T04:15,0,18.5,
2026-09-02T04:30,0,,
2026-09-02T05:00,0,18.0,
2026-09-02T05:45,0,18.0,
2026-09-02T06:00,0,,
2026-09-02T06:30,0,17.9,
2026-09-02T06:45,,18.0,
2026-09-02T07:15,0,18.1,
2026-09-02T07:30,0,,
2026-09-02T08:00,0,19.4,
2026-09-02T08:45,0,22.0,
2026-09-02T09:00,0,,
2026-09-02T09:30,0,21.9,
2026-09-02T10:15,0,24.0,
2026-09-02T10:30,0,,
2026-09-02T11:00,0,25.2,
2026-09-02T11:45,0,26.7,
2026-09-02T12:00,0,26.8,
2026-09-02T12:30,0,26.1,
2026-09-02T13:15,0,26.8,
2026-09-02T13:30,0,,
2026-09-02T14:00,0,27.3,
2026-09-02T14:45,0,28.1,
2026-09-02T15:00,0,28.0,
2026-09-02T15:30,0.4,24.3,
2026-09-02T16:15,0.6,22.0,
2026-09-02T16:30,0,,
2026-09-02T17:00,0,21.4,
2026-09-02T17:30,0,,
2026-09-02T18:00,0,,
2026-09-02T18:30,0,,
2026-09-02T19:00,0,21.2,
2026-09-02T19:45,0,20.0,
2026-09-02T20:00,0,,
2026-09-02T20:30,0,19.5,
2026-09-02T21:00,0,19.8,
2026-09-02T21:45,0,19.4,
2026-09-02T22:15,0,19.3,
2026-09-02T22:45,0,19.2,
2026-09-02T23:00,0,,
2026-09-02T23:30,0,,
2026-09-03T00:00,0,,
2026-09-03T01:00,0,,
2026-09-03T01:30,0,,
2026-09-03T02:00,0,18.7,
2026-09-03T02:45,0,18.4,
2026-09-03T03:00,0,,
2026-09-03T03:30,0,18.4,
2026-09-03T04:15,0,18.5,
2026-09-03T04:30,0,,
2026-09-03T05:00,0,18.2,
2026-09-03T05:45,0,18.0,
2026-09-03T06:00,0,,
2026-09-03T06:30,0,17.9,
2026-09-03T07:15,0,18.0,
2026-09-03T07:30,0,,
2026-09-03T08:00,0,19.3,
2026-09-03T08:45,0,21.8,
2026-09-03T09:00,0,,
2026-09-03T09:30,0,22.5,
2026-09-03T10:15,0,23.5,
2026-09-03T10:30,0,,
2026-09-03T11:00,0,25.1,
2026-09-03T11:45,0,26.1,
2026-09-03T12:00,0,,
2026-09-03T12:30,0,27.6,
2026-09-03T13:15,0,28.2,
2026-09-03T13:30,0,,
2026-09-03T14:00,0,27.6,
2026-09-03T14:45,0,28.6,
2026-09-03T15:00,0,,
2026-09-03T15:30,0,29.2,
2026-09-03T16:15,0,29.2,
2026-09-03T16:30,0,,
2026-09-03T17:00,0,29.0,
2026-09-03T17:30,0,,
2026-09-03T18:00,0,28.4,
2026-09-03T18:45,0,27.1,
2026-09-03T19:00,0,,
2026-09-03T19:30,0,,
2026-09-03T20:00,0,,
2026-09-03T20:30,0,,
2026-09-03T21:00,0,,
2026-09-03T21:30,0,,
2026-09-03T22:15,0,22.1,
2026-09-03T22:30,0,,
2026-09-03T23:00,0,21.5,
2026-09-03T23:30,0,21.5,
2026-09-04T00:15,0,20.8,
2026-09-04T01:00,0,20.8,
2026-09-04T01:45,0,20.3,
2026-09-04T02:00,0,,
2026-09-04T02:30,0,20.0,
2026-09-04T03:15,0,20.1,
2026-09-04T03:30,0,,
2026-09-04T04:00,0,19.6,
2026-09-04T04:45,0,19.4,
2026-09-04T05:00,0,,
2026-09-04T05:30,0,19.3,
2026-09-04T06:15,0,19.1,
2026-09-04T06:30,0,,
2026-09-04T07:00,0,18.9,
2026-09-04T07:45,0,19.5,
2026-09-04T08:00,0,,
2026-09-04T08:30,0,23.0,
2026-09-04T09:15,0,25.1,
2026-09-04T09:30,0,,
2026-09-04T10:00,0,25.2,
2026-09-04T10:45,0,26.7,
2026-09-04T11:00,0,,
2026-09-04T11:30,0,29.6,
2026-09-04T12:15,0,30.6,
2026-09-04T12:30,0,,
2026-09-04T13:00,0,31.1,
2026-09-04T13:45,0,31.1,
2026-09-04T14:00,0,,
2026-09-04T14:30,0,31.0,
2026-09-04T15:15,0,31.0,
2026-09-04T15:30,0,,
2026-09-04T16:00,0,30.9,
2026-09-04T16:45,0,30.3,
2026-09-04T17:00,0,,
2026-09-04T17:30,0,29.2,
2026-09-04T18:15,0,28.1,
2026-09-04T18:30,0,,
2026-09-04T19:00,0,26.9,
2026-09-04T19:45,0,24.3,
2026-09-04T20:00,0,,
2026-09-04T20:30,0,23.0,
2026-09-04T21:15,0,22.6,
2026-09-04T21:45,0,22.4,
2026-09-04T22:00,0,,
2026-09-04T22:30,0,,
2026-09-04T23:00,0,,
2026-09-04T23:45,0,21.8,
2026-09-05T00:00,0,,
2026-09-05T01:00,0,,
2026-09-05T01:45,0,22.3,
2026-09-05T02:00,0,22.4,
2026-09-05T02:30,0,22.7,
2026-09-05T02:45,0,22.0,
2026-09-05T03:15,0,22.3,
2026-09-05T03:30,0,,
2026-09-05T04:00,0,21.6,
2026-09-05T04:15,0,21.7,
2026-09-05T04:45,0,21.9,
2026-09-05T05:00,0,,
2026-09-05T05:30,0,23.2,
2026-09-05T06:15,0,22.4,
2026-09-05T06:30,0,,
2026-09-05T07:00,0,21.7,
2026-09-05T07:15,0,22.4,
2026-09-05T07:45,0,23.4,
2026-09-05T08:00,0,23.7,
2026-09-05T08:30,0,26.0,
2026-09-05T08:45,0,24.9,
2026-09-05T09:15,0,26.5,
2026-09-05T09:30,0,27.1,
2026-09-05T10:00,0,27.9,
2026-09-05T10:45,0,28.3,
2026-09-05T11:00,0,28.3,
2026-09-05T11:30,0,28.5,
2026-09-05T12:15,0,29.4,
2026-09-05T12:30,0,29.7,
2026-09-05T13:00,0,29.4,
2026-09-05T13:15,0,29.6,
2026-09-05T13:45,0,29.4,
2026-09-05T14:00,0,,
2026-09-05T14:30,0,30.0,
2026-09-05T14:45,0,29.9,
2026-09-05T15:15,0,30.1,
2026-09-05T15:30,0,30.3,
2026-09-05T16:15,0,30.5,
2026-09-05T16:30,0,,
2026-09-05T17:00,0,,
2026-09-05T17:30,0,29.2,
2026-09-05T18:15,0,28.2,
2026-09-05T18:30,0,27.8,
2026-09-05T19:00,0,27.3,
2026-09-05T19:15,0,27.0,
2026-09-05T19:45,0,26.2,
2026-09-05T20:00,0,,
2026-09-05T20:30,0,24.4,
