datetime,LIVIDRO,TEMPACQUA
2026-08-06T21:50,27.0,8.7
2026-08-06T22:00,27.0,8.9
2026-08-06T22:10,29.0,9.8
2026-08-06T22:20,27.0,10.1
2026-08-06T22:30,26.0,9.8
2026-08-06T22:40,26.0,9.6
2026-08-06T22:50,27.0,9.6
2026-08-06T23:00,27.0,9.7
2026-08-06T23:10,28.0,9.9
2026-08-06T23:20,27.0,10.0
2026-08-06T23:30,26.0,9.8
2026-08-06T23:40,26.0,9.6
2026-08-06T23:50,26.0,9.5
2026-08-07T00:00,26.0,9.5
2026-08-07T00:10,26.0,9.5
2026-08-07T00:20,24.0,9.4
2026-08-07T00:30,25.0,9.3
2026-08-07T00:40,26.0,9.2
2026-08-07T00:50,26.0,9.2
2026-08-07T01:00,26.0,9.1
2026-08-07T01:10,26.0,9.1
2026-08-07T01:20,25.0,9.0
2026-08-07T01:30,25.0,9.0
2026-08-07T01:40,25.0,8.9
2026-08-07T01:50,25.0,8.9
2026-08-07T02:00,25.0,8.8
2026-08-07T02:10,25.0,8.8
2026-08-07T02:20,25.0,8.7
2026-08-07T02:30,25.0,8.7
2026-08-07T02:40,25.0,8.7
2026-08-07T02:50,25.0,8.6
2026-08-07T03:00,25.0,8.6
2026-08-07T03:10,25.0,8.6
2026-08-07T03:20,25.0,8.6
2026-08-07T03:30,25.0,8.6
2026-08-07T03:40,25.0,8.5
2026-08-07T03:50,25.0,8.5
2026-08-07T04:00,25.0,8.5
2026-08-07T04:10,25.0,8.5
2026-08-07T04:20,25.0,8.5
2026-08-07T04:30,25.0,8.5
2026-08-07T04:40,25.0,8.4
2026-08-07T04:50,25.0,8.4
2026-08-07T05:00,25.0,8.4
2026-08-07T05:10,25.0,8.4
2026-08-07T05:20,25.0,8.4
2026-08-07T05:30,25.0,8.4
2026-08-07T05:40,25.0,8.4
2026-08-07T05:50,25.0,8.4
2026-08-07T06:00,25.0,8.4
2026-08-07T06:10,24.0,8.4
2026-08-07T06:20,24.0,8.4
2026-08-07T06:30,25.0,8.4
2026-08-07T06:40,24.0,8.4
2026-08-07T06:50,25.0,8.4
2026-08-07T07:00,25.0,8.4
2026-08-07T07:10,23.0,8.4
2026-08-07T07:20,24.0,8.4
2026-08-07T07:30,25.0,8.4
2026-08-07T07:40,24.0,8.4
2026-08-07T07:50,26.0,8.6
2026-08-07T08:00,25.0,8.5
2026-08-07T08:10,24.0,8.4
2026-08-07T08:20,25.0,8.4
2026-08-07T08:30,25.0,8.5
2026-08-07T08:40,25.0,8.5
2026-08-07T08:50,25.0,8.5
2026-08-07T09:00,25.0,8.6
2026-08-07T09:10,25.0,8.6
2026-08-07T09:20,25.0,8.7
2026-08-07T09:30,25.0,8.9
2026-08-07T09:40,25.0,8.9
2026-08-07T09:50,25.0,9.0
2026-08-07T10:00,25.0,9.0
2026-08-07T10:10,25.0,9.1
2026-08-07T10:20,24.0,9.1
2026-08-07T10:30,18.0,9.4
2026-08-07T10:40,16.0,10.1
2026-08-07T10:50,17.0,11.1
2026-08-07T11:00,26.0,11.3
2026-08-07T11:10,25.0,10.8
2026-08-07T11:20,29.0,10.4
2026-08-07T11:30,28.0,10.3
2026-08-07T11:40,26.0,10.3
2026-08-07T11:50,26.0,10.3
2026-08-07T12:00,32.0,10.3
2026-08-07T12:10,31.0,9.6
2026-08-07T12:20,29.0,9.4
2026-08-07T12:30,26.0,9.5
2026-08-07T12:40,26.0,9.6
2026-08-07T12:50,25.0,10.0
2026-08-07T13:00,24.0,10.0
2026-08-07T13:10,24.0,10.1
2026-08-07T13:20,24.0,10.2
2026-08-07T13:30,24.0,10.3
2026-08-07T13:40,25.0,10.4
2026-08-07T13:50,24.0,10.5
2026-08-07T14:00,24.0,10.4
2026-08-07T14:10,25.0,10.4
2026-08-07T14:20,24.0,10.3
2026-08-07T14:30,25.0,10.3
2026-08-07T14:40,24.0,10.3
2026-08-07T14:50,25.0,10.4
2026-08-07T15:00,24.0,10.3
2026-08-07T15:10,24.0,10.3
2026-08-07T15:20,25.0,10.3
2026-08-07T15:30,25.0,10.5
2026-08-07T15:40,25.0,10.5
2026-08-07T15:50,25.0,10.3
2026-08-07T16:00,25.0,10.2
2026-08-07T16:10,24.0,10.2
2026-08-07T16:20,24.0,10.2
2026-08-07T16:30,24.0,10.2
2026-08-07T16:40,25.0,10.2
2026-08-07T16:50,24.0,10.2
2026-08-07T17:00,26.0,10.2
2026-08-07T17:10,26.0,10.4
2026-08-07T17:20,25.0,10.2
2026-08-07T17:30,25.0,9.9
2026-08-07T17:40,24.0,10.0
2026-08-07T17:50,25.0,10.0
2026-08-07T18:00,25.0,9.9
2026-08-07T18:10,24.0,9.9
2026-08-07T18:20,24.0,9.9
2026-08-07T18:30,24.0,9.8
2026-08-07T18:40,24.0,9.8
2026-08-07T18:50,24.0,9.8
2026-08-07T19:00,25.0,9.7
2026-08-07T19:10,25.0,9.6
2026-08-07T19:20,24.0,9.5
2026-08-07T19:30,26.0,9.5
2026-08-07T19:40,24.0,9.7
2026-08-07T19:50,23.0,9.3
2026-08-07T20:00,24.0,9.3
2026-08-07T20:10,24.0,9.5
2026-08-07T20:20,24.0,9.6
2026-08-07T20:30,25.0,9.4
2026-08-07T20:40,24.0,9.2
2026-08-07T20:50,24.0,9.1
2026-08-07T21:00,25.0,9.0
2026-08-07T21:10,24.0,9.0
2026-08-07T21:20,24.0,8.9
2026-08-07T21:30,24.0,8.9
2026-08-07T21:40,24.0,8.8
2026-08-07T21:50,25.0,8.8
2026-08-07T22:00,24.0,8.7
2026-08-07T22:10,24.0,8.7
2026-08-07T22:20,25.0,8.7
2026-08-07T22:30,24.0,8.7
2026-08-07T22:40,24.0,8.6
2026-08-07T22:50,24.0,8.6
2026-08-07T23:00,24.0,8.6
2026-08-07T23:10,24.0,8.6
2026-08-07T23:20,24.0,8.6
2026-08-07T23:30,24.0,8.5
2026-08-07T23:40,24.0,8.5
2026-08-07T23:50,24.0,8.5
2026-08-08T00:00,24.0,8.5
2026-08-08T00:10,24.0,8.5
2026-08-08T00:20,25.0,8.5
2026-08-08T00:30,24.0,8.5
2026-08-08T00:40,24.0,8.5
2026-08-08T00:50,24.0,8.5
2026-08-08T01:00,24.0,8.4
2026-08-08T01:10,24.0,8.4
2026-08-08T01:20,25.0,8.4
2026-08-08T01:30,24.0,8.4
2026-08-08T01:40,26.0,8.4
2026-08-08T01:50,26.0,8.5
2026-08-08T02:00,24.0,8.3
2026-08-08T02:10,24.0,8.3
2026-08-08T02:20,25.0,8.3
2026-08-08T02:30,25.0,8.3
2026-08-08T02:40,24.0,8.3
2026-08-08T02:50,25.0,8.3
2026-08-08T03:00,25.0,8.3
2026-08-08T03:10,25.0,8.3
2026-08-08T03:20,25.0,8.3
2026-08-08T03:30,25.0,8.2
2026-08-08T03:40,24.0,8.2
2026-08-08T03:50,26.0,8.2
2026-08-08T04:00,25.0,8.2
2026-08-08T04:10,25.0,8.2
2026-08-08T04:20,25.0,8.2
2026-08-08T04:30,24.0,8.2
2026-08-08T04:40,24.0,8.1
2026-08-08T04:50,24.0,8.1
2026-08-08T05:00,25.0,8.1
2026-08-08T05:10,25.0,8.1
2026-08-08T05:20,25.0,8.1
2026-08-08T05:30,24.0,8.1
2026-08-08T05:40,25.0,8.0
2026-08-08T05:50,25.0,8.0
2026-08-08T06:00,25.0,8.0
2026-08-08T06:10,24.0,8.0
2026-08-08T06:20,25.0,8.0
2026-08-08T06:30,25.0,8.0
2026-08-08T06:40,24.0,7.9
2026-08-08T06:50,25.0,8.0
2026-08-08T07:00,25.0,8.0
2026-08-08T07:10,24.0,7.9
2026-08-08T07:20,24.0,7.9
2026-08-08T07:30,24.0,7.9
2026-08-08T07:40,24.0,8.0
2026-08-08T07:50,24.0,8.0
2026-08-08T08:00,24.0,8.0
2026-08-08T08:10,23.0,8.0
2026-08-08T08:20,25.0,8.0
2026-08-08T08:30,25.0,8.1
2026-08-08T08:40,24.0,8.1
2026-08-08T08:50,24.0,8.1
2026-08-08T09:00,24.0,8.2
2026-08-08T09:10,25.0,8.3
2026-08-08T09:20,20.0,8.4
2026-08-08T09:30,20.0,9.0
2026-08-08T09:40,23.0,9.5
2026-08-08T09:50,22.0,9.6
2026-08-08T10:00,23.0,9.8
2026-08-08T10:10,24.0,9.9
2026-08-08T10:20,35.0,9.4
2026-08-08T10:30,23.0,9.2
2026-08-08T10:40,16.0,9.5
2026-08-08T10:50,24.0,9.9
2026-08-08T11:00,23.0,10.2
2026-08-08T11:10,24.0,10.2
2026-08-08T11:20,23.0,10.2
2026-08-08T11:30,24.0,10.3
2026-08-08T11:40,24.0,10.5
2026-08-08T11:50,24.0,10.6
2026-08-08T12:00,24.0,10.7
2026-08-08T12:10,24.0,10.8
2026-08-08T12:20,24.0,10.9
2026-08-08T12:30,24.0,11.0
2026-08-08T12:40,24.0,11.2
2026-08-08T12:50,24.0,11.3
2026-08-08T13:00,24.0,11.4
2026-08-08T13:10,24.0,11.4
2026-08-08T13:20,23.0,11.4
2026-08-08T13:30,24.0,11.5
2026-08-08T13:40,24.0,11.5
2026-08-08T13:50,22.0,11.6
2026-08-08T14:00,24.0,11.6
2026-08-08T14:10,23.0,11.6
2026-08-08T14:20,23.0,11.5
2026-08-08T14:30,23.0,11.5
2026-08-08T14:40,23.0,11.5
2026-08-08T14:50,24.0,11.4
2026-08-08T15:00,24.0,11.4
2026-08-08T15:10,23.0,11.4
2026-08-08T15:20,24.0,11.3
2026-08-08T15:30,24.0,11.2
2026-08-08T15:40,23.0,11.1
2026-08-08T15:50,23.0,11.1
2026-08-08T16:00,24.0,11.0
2026-08-08T16:10,23.0,11.0
2026-08-08T16:20,23.0,11.0
2026-08-08T16:30,24.0,11.0
2026-08-08T16:40,22.0,10.9
2026-08-08T16:50,24.0,10.8
2026-08-08T17:00,24.0,10.7
2026-08-08T17:10,24.0,10.6
2026-08-08T17:20,24.0,10.5
2026-08-08T17:30,24.0,10.4
2026-08-08T17:40,24.0,10.4
2026-08-08T17:50,23.0,10.3
2026-08-08T18:00,24.0,10.2
2026-08-08T18:10,24.0,10.2
2026-08-08T18:20,23.0,10.1
2026-08-08T18:30,24.0,10.0
2026-08-08T18:40,23.0,9.9
2026-08-08T18:50,23.0,9.8
2026-08-08T19:00,23.0,9.7
2026-08-08T19:10,24.0,9.6
2026-08-08T19:20,24.0,9.6
2026-08-08T19:30,24.0,9.6
2026-08-08T19:40,24.0,9.6
2026-08-08T19:50,23.0,9.5
2026-08-08T20:00,23.0,9.5
2026-08-08T20:10,24.0,9.5
2026-08-08T20:20,25.0,9.5
2026-08-08T20:30,24.0,9.4
2026-08-08T20:40,23.0,9.3
2026-08-08T20:50,24.0,9.3
2026-08-08T21:00,23.0,9.2
2026-08-08T21:10,24.0,9.1
2026-08-08T21:20,24.0,9.1
2026-08-08T21:30,25.0,9.1
2026-08-08T21:40,24.0,9.0
2026-08-08T21:50,24.0,9.0
2026-08-08T22:00,24.0,9.0
2026-08-08T22:10,23.0,8.9
2026-08-08T22:20,24.0,8.9
2026-08-08T22:30,24.0,8.9
2026-08-08T22:40,24.0,8.9
2026-08-08T22:50,24.0,8.9
2026-08-08T23:00,24.0,8.9
2026-08-08T23:10,24.0,8.9
2026-08-08T23:20,24.0,8.9
2026-08-08T23:30,24.0,8.8
2026-08-08T23:40,24.0,8.8
2026-08-08T23:50,25.0,8.8
2026-08-09T00:00,25.0,8.8
2026-08-09T00:10,24.0,8.8
2026-08-09T00:20,24.0,8.8
2026-08-09T00:30,23.0,8.8
2026-08-09T00:40,23.0,8.8
2026-08-09T00:50,23.0,8.8
2026-08-09T01:00,23.0,8.8
2026-08-09T01:10,23.0,8.8
2026-08-09T01:20,23.0,8.7
2026-08-09T01:30,23.0,8.7
2026-08-09T01:40,23.0,8.7
2026-08-09T01:50,23.0,8.7
2026-08-09T02:00,23.0,8.6
2026-08-09T02:10,23.0,8.6
2026-08-09T02:20,24.0,8.6
2026-08-09T02:30,25.0,8.6
2026-08-09T02:40,25.0,8.6
2026-08-09T02:50,25.0,8.6
2026-08-09T03:00,25.0,8.6
2026-08-09T03:10,24.0,8.6
2026-08-09T03:20,24.0,8.6
2026-08-09T03:30,24.0,8.6
2026-08-09T03:40,24.0,8.6
2026-08-09T03:50,24.0,8.5
2026-08-09T04:00,24.0,8.5
2026-08-09T04:10,24.0,8.5
2026-08-09T04:20,24.0,8.5
2026-08-09T04:30,24.0,8.5
2026-08-09T04:40,24.0,8.5
2026-08-09T04:50,24.0,8.5
2026-08-09T05:00,24.0,8.5
2026-08-09T05:10,24.0,8.4
2026-08-09T05:20,24.0,8.4
2026-08-09T05:30,25.0,8.4
2026-08-09T05:40,25.0,8.4
2026-08-09T05:50,24.0,8.3
2026-08-09T06:00,24.0,8.3
2026-08-09T06:10,24.0,8.3
2026-08-09T06:20,24.0,8.3
2026-08-09T06:30,24.0,8.3
2026-08-09T06:40,25.0,8.3
2026-08-09T06:50,25.0,8.3
2026-08-09T07:00,25.0,8.2
2026-08-09T07:10,25.0,8.3
2026-08-09T07:20,25.0,8.2
2026-08-09T07:30,24.0,8.2
2026-08-09T07:40,24.0,8.2
2026-08-09T07:50,25.0,8.3
2026-08-09T08:00,24.0,8.2
2026-08-09T08:10,24.0,8.3
2026-08-09T08:20,24.0,8.3
2026-08-09T08:30,24.0,8.3
2026-08-09T08:40,25.0,8.3
2026-08-09T08:50,25.0,8.4
2026-08-09T09:00,25.0,8.5
2026-08-09T09:10,24.0,8.6
2026-08-09T09:20,24.0,8.7
2026-08-09T09:30,24.0,8.8
2026-08-09T09:40,22.0,9.0
2026-08-09T09:50,19.0,9.4
2026-08-09T10:00,17.0,9.7
2026-08-09T10:10,25.0,10.0
2026-08-09T10:20,25.0,10.0
2026-08-09T10:30,25.0,10.0
2026-08-09T10:40,27.0,9.9
2026-08-09T10:50,24.0,9.9
2026-08-09T11:00,24.0,10.0
2026-08-09T11:10,24.0,10.2
2026-08-09T11:20,24.0,10.3
2026-08-09T11:30,24.0,10.4
2026-08-09T11:40,24.0,10.6
2026-08-09T11:50,24.0,10.7
2026-08-09T12:00,24.0,10.8
2026-08-09T12:10,24.0,10.9
2026-08-09T12:20,24.0,11.1
2026-08-09T12:30,24.0,11.2
2026-08-09T12:40,25.0,11.3
2026-08-09T12:50,25.0,11.4
2026-08-09T13:00,24.0,11.5
2026-08-09T13:10,24.0,11.5
2026-08-09T13:20,24.0,11.6
2026-08-09T13:30,24.0,11.7
2026-08-09T13:40,24.0,11.7
2026-08-09T13:50,24.0,11.7
2026-08-09T14:00,25.0,11.4
2026-08-09T14:10,24.0,11.4
2026-08-09T14:20,24.0,11.5
2026-08-09T14:30,24.0,11.6
2026-08-09T14:40,25.0,11.6
2026-08-09T14:50,25.0,11.6
2026-08-09T15:00,25.0,11.5
2026-08-09T15:10,25.0,11.5
2026-08-09T15:20,25.0,11.5
2026-08-09T15:30,25.0,11.4
2026-08-09T15:40,25.0,11.3
2026-08-09T15:50,26.0,11.3
2026-08-09T16:00,26.0,11.2
2026-08-09T16:10,26.0,11.1
2026-08-09T16:20,26.0,11.1
2026-08-09T16:30,26.0,10.9
2026-08-09T16:40,26.0,10.8
2026-08-09T16:50,25.0,10.8
2026-08-09T17:00,25.0,10.7
2026-08-09T17:10,26.0,10.6
2026-08-09T17:20,25.0,10.5
2026-08-09T17:30,26.0,10.4
2026-08-09T17:40,25.0,10.4
2026-08-09T17:50,26.0,10.3
2026-08-09T18:00,26.0,10.2
2026-08-09T18:10,26.0,10.2
2026-08-09T18:20,25.0,10.1
2026-08-09T18:30,26.0,10.0
2026-08-09T18:40,26.0,9.9
2026-08-09T18:50,26.0,9.8
2026-08-09T19:00,26.0,9.7
2026-08-09T19:10,26.0,9.6
2026-08-09T19:20,26.0,9.5
2026-08-09T19:30,26.0,9.5
2026-08-09T19:40,26.0,9.4
2026-08-09T19:50,26.0,9.3
2026-08-09T20:00,25.0,9.3
2026-08-09T20:10,25.0,9.2
2026-08-09T20:20,25.0,9.1
2026-08-09T20:30,25.0,9.1
2026-08-09T20:40,26.0,9.1
2026-08-09T20:50,25.0,9.0
2026-08-09T21:00,26.0,9.0
2026-08-09T21:10,26.0,9.0
2026-08-09T21:20,26.0,8.9
2026-08-09T21:30,26.0,8.9
2026-08-09T21:40,26.0,8.9
2026-08-09T21:50,25.0,8.9
2026-08-09T22:00,25.0,8.9
2026-08-09T22:10,26.0,8.9
2026-08-09T22:20,26.0,8.9
2026-08-09T22:30,26.0,9.0
2026-08-09T22:40,26.0,9.0
2026-08-09T22:50,26.0,9.0
2026-08-09T23:00,26.0,9.0
2026-08-09T23:10,26.0,9.1
2026-08-09T23:20,26.0,9.1
2026-08-09T23:30,26.0,9.2
2026-08-09T23:40,26.0,9.2
2026-08-09T23:50,26.0,9.2
2026-08-10T00:00,26.0,9.2
2026-08-10T00:10,26.0,9.1
2026-08-10T00:20,26.0,9.2
2026-08-10T00:30,26.0,9.2
2026-08-10T00:40,25.0,9.3
2026-08-10T00:50,26.0,9.4
2026-08-10T01:00,27.0,9.5
2026-08-10T01:10,27.0,9.6
2026-08-10T01:20,26.0,9.8
2026-08-10T01:30,28.0,9.9
2026-08-10T01:40,31.0,9.7
2026-08-10T01:50,29.0,9.6
2026-08-10T02:00,29.0,9.5
2026-08-10T02:10,27.0,9.4
2026-08-10T02:20,29.0,9.6
2026-08-10T02:30,26.0,9.9
2026-08-10T02:40,27.0,10.1
2026-08-10T02:50,27.0,10.2
2026-08-10T03:00,27.0,10.2
2026-08-10T03:10,25.0,10.1
2026-08-10T03:20,26.0,10.1
2026-08-10T03:30,25.0,10.0
2026-08-10T03:40,25.0,9.9
2026-08-10T03:50,24.0,9.8
2026-08-10T04:00,24.0,9.7
2026-08-10T04:10,24.0,9.7
2026-08-10T04:20,27.0,9.6
2026-08-10T04:30,25.0,9.4
2026-08-10T04:40,24.0,9.3
2026-08-10T04:50,24.0,9.2
2026-08-10T05:00,24.0,9.2
2026-08-10T05:10,24.0,9.1
2026-08-10T05:20,24.0,9.0
2026-08-10T05:30,24.0,9.0
2026-08-10T05:40,24.0,8.9
2026-08-10T05:50,24.0,8.8
2026-08-10T06:00,24.0,8.8
2026-08-10T06:10,24.0,8.8
2026-08-10T06:20,24.0,8.7
2026-08-10T06:30,23.0,8.7
2026-08-10T06:40,26.0,8.7
2026-08-10T06:50,25.0,8.7
2026-08-10T07:00,24.0,8.6
2026-08-10T07:10,24.0,8.6
2026-08-10T07:20,24.0,8.6
2026-08-10T07:30,24.0,8.6
2026-08-10T07:40,24.0,8.6
2026-08-10T07:50,24.0,8.6
2026-08-10T08:00,24.0,8.6
2026-08-10T08:10,23.0,8.6
2026-08-10T08:20,24.0,8.6
2026-08-10T08:30,24.0,8.7
2026-08-10T08:40,26.0,8.7
2026-08-10T08:50,25.0,8.7
2026-08-10T09:00,24.0,8.8
2026-08-10T09:10,23.0,8.9
2026-08-10T09:20,22.0,9.1
2026-08-10T09:30,24.0,9.3
2026-08-10T09:40,23.0,9.4
2026-08-10T09:50,26.0,9.4
2026-08-10T10:00,27.0,9.5
2026-08-10T10:10,24.0,9.5
2026-08-10T10:20,24.0,9.6
2026-08-10T10:30,24.0,9.7
2026-08-10T10:40,25.0,9.8
2026-08-10T10:50,24.0,9.9
2026-08-10T11:00,24.0,10.1
2026-08-10T11:10,24.0,10.2
2026-08-10T11:20,24.0,10.3
2026-08-10T11:30,24.0,10.4
2026-08-10T11:40,24.0,10.5
2026-08-10T11:50,24.0,10.6
2026-08-10T12:00,24.0,10.7
2026-08-10T12:10,24.0,10.8
2026-08-10T12:20,24.0,11.0
2026-08-10T12:30,24.0,11.1
2026-08-10T12:40,24.0,11.2
2026-08-10T12:50,24.0,11.4
2026-08-10T13:00,25.0,11.5
2026-08-10T13:10,24.0,11.5
2026-08-10T13:20,24.0,11.5
2026-08-10T13:30,24.0,11.5
2026-08-10T13:40,24.0,11.5
2026-08-10T13:50,24.0,11.6
2026-08-10T14:00,23.0,11.7
2026-08-10T14:10,24.0,11.7
2026-08-10T14:20,23.0,11.8
2026-08-10T14:30,24.0,11.8
2026-08-10T14:40,25.0,11.7
2026-08-10T14:50,24.0,11.6
2026-08-10T15:00,25.0,11.6
2026-08-10T15:10,24.0,11.6
2026-08-10T15:20,24.0,11.5
2026-08-10T15:30,26.0,11.4
2026-08-10T15:40,23.0,11.2
2026-08-10T15:50,24.0,11.1
2026-08-10T16:00,24.0,11.1
2026-08-10T16:10,24.0,11.0
2026-08-10T16:20,24.0,10.9
2026-08-10T16:30,24.0,10.8
2026-08-10T16:40,24.0,10.8
2026-08-10T16:50,26.0,10.9
2026-08-10T17:00,24.0,10.8
2026-08-10T17:10,24.0,10.7
2026-08-10T17:20,23.0,10.6
2026-08-10T17:30,23.0,10.5
2026-08-10T17:40,23.0,10.4
2026-08-10T17:50,23.0,10.4
2026-08-10T18:00,23.0,10.3
2026-08-10T18:10,23.0,10.2
2026-08-10T18:20,23.0,10.2
2026-08-10T18:30,23.0,10.1
2026-08-10T18:40,24.0,10.0
2026-08-10T18:50,26.0,9.9
2026-08-10T19:00,24.0,9.8
2026-08-10T19:10,23.0,9.7
2026-08-10T19:20,24.0,9.7
2026-08-10T19:30,23.0,9.6
2026-08-10T19:40,23.0,9.7
2026-08-10T19:50,23.0,9.6
2026-08-10T20:00,22.0,9.5
2026-08-10T20:10,20.0,9.6
2026-08-10T20:20,26.0,9.6
2026-08-10T20:30,24.0,9.6
2026-08-10T20:40,23.0,9.5
2026-08-10T20:50,25.0,9.4
2026-08-10T21:00,26.0,9.3
2026-08-10T21:10,28.0,9.1
2026-08-10T21:20,24.0,9.1
2026-08-10T21:30,23.0,9.1
2026-08-10T21:40,23.0,9.0
2026-08-10T21:50,25.0,9.0
2026-08-10T22:00,24.0,8.9
2026-08-10T22:10,23.0,8.8
2026-08-10T22:20,23.0,8.8
2026-08-10T22:30,23.0,8.7
2026-08-10T22:40,23.0,8.7
2026-08-10T22:50,23.0,8.6
2026-08-10T23:00,23.0,8.6
2026-08-10T23:10,22.0,8.6
2026-08-10T23:20,23.0,8.6
2026-08-10T23:30,26.0,8.5
2026-08-10T23:40,23.0,8.4
2026-08-10T23:50,23.0,8.4
2026-08-11T00:00,23.0,8.4
2026-08-11T00:10,23.0,8.4
2026-08-11T00:20,23.0,8.4
2026-08-11T00:30,23.0,8.3
2026-08-11T00:40,23.0,8.3
2026-08-11T00:50,23.0,8.3
2026-08-11T01:00,23.0,8.3
2026-08-11T01:10,23.0,8.3
2026-08-11T01:20,23.0,8.3
2026-08-11T01:30,23.0,8.3
2026-08-11T01:40,23.0,8.3
2026-08-11T01:50,23.0,8.3
2026-08-11T02:00,23.0,8.3
2026-08-11T02:10,23.0,8.3
2026-08-11T02:20,23.0,8.3
2026-08-11T02:30,23.0,8.3
2026-08-11T02:40,23.0,8.3
2026-08-11T02:50,23.0,8.3
2026-08-11T03:00,23.0,8.3
2026-08-11T03:10,23.0,8.3
2026-08-11T03:20,23.0,8.3
2026-08-11T03:30,25.0,8.3
2026-08-11T03:40,25.0,8.3
2026-08-11T03:50,23.0,8.3
2026-08-11T04:00,23.0,8.3
2026-08-11T04:10,23.0,8.3
2026-08-11T04:20,23.0,8.2
2026-08-11T04:30,24.0,8.2
2026-08-11T04:40,23.0,8.2
2026-08-11T04:50,23.0,8.2
2026-08-11T05:00,23.0,8.2
2026-08-11T05:10,23.0,8.2
2026-08-11T05:20,23.0,8.2
2026-08-11T05:30,24.0,8.2
2026-08-11T05:40,23.0,8.2
2026-08-11T05:50,23.0,8.2
2026-08-11T06:00,23.0,8.2
2026-08-11T06:10,23.0,8.2
2026-08-11T06:20,24.0,8.2
2026-08-11T06:30,23.0,8.2
2026-08-11T06:40,23.0,8.2
2026-08-11T06:50,24.0,8.2
2026-08-11T07:00,24.0,8.2
2026-08-11T07:10,24.0,8.2
2026-08-11T07:20,24.0,8.2
2026-08-11T07:30,24.0,8.1
2026-08-11T07:40,24.0,8.1
2026-08-11T07:50,24.0,8.1
2026-08-11T08:00,24.0,8.1
2026-08-11T08:10,23.0,8.1
2026-08-11T08:20,23.0,8.1
2026-08-11T08:30,24.0,8.2
2026-08-11T08:40,24.0,8.2
2026-08-11T08:50,23.0,8.3
2026-08-11T09:00,19.0,8.4
2026-08-11T09:10,23.0,8.5
2026-08-11T09:20,24.0,8.7
2026-08-11T09:30,24.0,8.9
2026-08-11T09:40,29.0,8.9
2026-08-11T09:50,24.0,8.9
2026-08-11T10:00,23.0,9.0
2026-08-11T10:10,23.0,9.2
2026-08-11T10:20,23.0,9.4
2026-08-11T10:30,23.0,9.5
2026-08-11T10:40,27.0,9.8
2026-08-11T10:50,25.0,10.0
2026-08-11T11:00,26.0,10.1
2026-08-11T11:10,23.0,9.6
2026-08-11T11:20,25.0,9.7
2026-08-11T11:30,25.0,10.0
2026-08-11T11:40,27.0,10.0
2026-08-11T11:50,24.0,10.0
2026-08-11T12:00,26.0,10.1
2026-08-11T12:10,25.0,10.6
2026-08-11T12:20,24.0,10.4
2026-08-11T12:30,24.0,10.4
2026-08-11T12:40,24.0,10.6
2026-08-11T12:50,24.0,10.7
2026-08-11T13:00,23.0,10.8
2026-08-11T13:10,24.0,10.9
2026-08-11T13:20,24.0,11.0
2026-08-11T13:30,24.0,11.1
2026-08-11T13:40,24.0,11.1
2026-08-11T13:50,23.0,11.2
2026-08-11T14:00,24.0,11.3
2026-08-11T14:10,23.0,11.3
2026-08-11T14:20,23.0,11.3
2026-08-11T14:30,24.0,11.4
2026-08-11T14:40,25.0,11.5
2026-08-11T14:50,24.0,11.2
2026-08-11T15:00,24.0,11.3
2026-08-11T15:10,24.0,11.5
2026-08-11T15:20,25.0,11.5
2026-08-11T15:30,24.0,11.0
2026-08-11T15:40,24.0,11.0
2026-08-11T15:50,24.0,11.1
2026-08-11T16:00,23.0,11.0
2026-08-11T16:10,24.0,10.7
2026-08-11T16:20,23.0,10.6
2026-08-11T16:30,25.0,10.6
2026-08-11T16:40,23.0,10.4
2026-08-11T16:50,25.0,10.4
2026-08-11T17:00,24.0,10.6
2026-08-11T17:10,24.0,10.2
2026-08-11T17:20,23.0,10.1
2026-08-11T17:30,24.0,10.1
2026-08-11T17:40,24.0,10.1
2026-08-11T17:50,24.0,10.0
2026-08-11T18:00,24.0,9.9
2026-08-11T18:10,23.0,9.9
2026-08-11T18:20,23.0,9.8
2026-08-11T18:30,23.0,9.8
2026-08-11T18:40,23.0,9.7
2026-08-11T18:50,23.0,9.6
2026-08-11T19:00,23.0,9.6
2026-08-11T19:10,23.0,9.5
2026-08-11T19:20,23.0,9.4
2026-08-11T19:30,23.0,9.4
2026-08-11T19:40,23.0,9.3
2026-08-11T19:50,23.0,9.3
2026-08-11T20:00,23.0,9.2
2026-08-11T20:10,23.0,9.2
2026-08-11T20:20,23.0,9.1
2026-08-11T20:30,23.0,9.1
2026-08-11T20:40,23.0,9.0
2026-08-11T20:50,23.0,8.9
2026-08-11T21:00,22.0,8.9
2026-08-11T21:10,23.0,8.9
2026-08-11T21:20,23.0,8.9
2026-08-11T21:30,23.0,8.8
2026-08-11T21:40,24.0,8.8
2026-08-11T21:50,23.0,8.7
2026-08-11T22:00,25.0,8.7
2026-08-11T22:10,23.0,8.8
2026-08-11T22:20,23.0,8.7
2026-08-11T22:30,23.0,8.6
2026-08-11T22:40,23.0,8.6
2026-08-11T22:50,23.0,8.6
2026-08-11T23:00,24.0,8.6
2026-08-11T23:10,23.0,8.5
2026-08-11T23:20,23.0,8.5
2026-08-11T23:30,23.0,8.5
2026-08-11T23:40,23.0,8.5
2026-08-11T23:50,23.0,8.6
2026-08-12T00:00,23.0,8.5
2026-08-12T00:10,24.0,8.5
2026-08-12T00:20,25.0,8.5
2026-08-12T00:30,24.0,8.5
2026-08-12T00:40,24.0,8.5
2026-08-12T00:50,25.0,8.6
2026-08-12T01:00,24.0,8.6
2026-08-12T01:10,24.0,8.5
2026-08-12T01:20,24.0,8.4
2026-08-12T01:30,24.0,8.4
2026-08-12T01:40,24.0,8.4
2026-08-12T01:50,24.0,8.4
2026-08-12T02:00,24.0,8.4
2026-08-12T02:10,24.0,8.3
2026-08-12T02:20,24.0,8.3
2026-08-12T02:30,24.0,8.3
2026-08-12T02:40,24.0,8.3
2026-08-12T02:50,23.0,8.3
2026-08-12T03:00,23.0,8.3
2026-08-12T03:10,23.0,8.2
2026-08-12T03:20,24.0,8.2
2026-08-12T03:30,24.0,8.2
2026-08-12T03:40,23.0,8.2
2026-08-12T03:50,24.0,8.1
2026-08-12T04:00,23.0,8.1
2026-08-12T04:10,24.0,8.1
2026-08-12T04:20,24.0,8.1
2026-08-12T04:30,23.0,8.1
2026-08-12T04:40,24.0,8.0
2026-08-12T04:50,23.0,8.0
2026-08-12T05:00,24.0,8.0
2026-08-12T05:10,24.0,8.0
2026-08-12T05:20,23.0,8.0
2026-08-12T05:30,24.0,8.0
2026-08-12T05:40,24.0,7.9
2026-08-12T05:50,24.0,7.9
2026-08-12T06:00,23.0,7.9
2026-08-12T06:10,23.0,7.9
2026-08-12T06:20,23.0,7.9
2026-08-12T06:30,24.0,7.9
2026-08-12T06:40,23.0,7.9
2026-08-12T06:50,23.0,7.9
2026-08-12T07:00,24.0,7.9
2026-08-12T07:10,23.0,7.9
2026-08-12T07:20,23.0,7.8
2026-08-12T07:30,24.0,7.8
2026-08-12T07:40,23.0,7.9
2026-08-12T07:50,23.0,7.9
2026-08-12T08:00,23.0,7.9
2026-08-12T08:10,23.0,7.9
2026-08-12T08:20,23.0,7.9
2026-08-12T08:30,22.0,8.0
2026-08-12T08:40,22.0,8.1
2026-08-12T08:50,23.0,8.2
2026-08-12T09:00,24.0,8.2
2026-08-12T09:10,23.0,8.2
2026-08-12T09:20,24.0,8.4
2026-08-12T09:30,24.0,8.4
2026-08-12T09:40,23.0,8.5
2026-08-12T09:50,24.0,8.8
2026-08-12T10:00,17.0,8.9
2026-08-12T10:10,17.0,9.4
2026-08-12T10:20,16.0,9.7
2026-08-12T10:30,24.0,10.5
2026-08-12T10:40,24.0,10.2
2026-08-12T10:50,24.0,10.0
2026-08-12T11:00,24.0,10.0
2026-08-12T11:10,31.0,10.1
2026-08-12T11:20,28.0,9.6
2026-08-12T11:30,26.0,9.5
2026-08-12T11:40,24.0,9.5
2026-08-12T11:50,25.0,9.7
2026-08-12T12:00,24.0,10.1
2026-08-12T12:10,25.0,10.3
2026-08-12T12:20,24.0,10.3
2026-08-12T12:30,24.0,10.5
2026-08-12T12:40,25.0,10.7
2026-08-12T12:50,25.0,10.8
2026-08-12T13:00,24.0,10.8
2026-08-12T13:10,24.0,10.9
2026-08-12T13:20,24.0,10.9
2026-08-12T13:30,24.0,11.0
2026-08-12T13:40,24.0,11.1
2026-08-12T13:50,24.0,11.2
2026-08-12T14:00,25.0,11.3
2026-08-12T14:10,25.0,11.2
2026-08-12T14:20,24.0,11.1
2026-08-12T14:30,24.0,11.2
2026-08-12T14:40,24.0,11.4
2026-08-12T14:50,24.0,11.3
2026-08-12T15:00,26.0,11.1
2026-08-12T15:10,25.0,10.9
2026-08-12T15:20,24.0,10.9
2026-08-12T15:30,25.0,11.1
2026-08-12T15:40,24.0,10.9
2026-08-12T15:50,24.0,10.8
2026-08-12T16:00,25.0,10.7
2026-08-12T16:10,24.0,10.7
2026-08-12T16:20,24.0,10.6
2026-08-12T16:30,25.0,10.5
2026-08-12T16:40,24.0,10.5
2026-08-12T16:50,24.0,10.4
2026-08-12T17:00,25.0,10.5
2026-08-12T17:10,25.0,10.3
2026-08-12T17:20,24.0,10.2
2026-08-12T17:30,26.0,10.3
2026-08-12T17:40,25.0,10.2
2026-08-12T17:50,24.0,10.0
2026-08-12T18:00,25.0,10.1
2026-08-12T18:10,24.0,10.0
2026-08-12T18:20,24.0,9.8
2026-08-12T18:30,25.0,9.8
2026-08-12T18:40,25.0,9.7
2026-08-12T18:50,26.0,9.6
2026-08-12T19:00,25.0,9.5
2026-08-12T19:10,24.0,9.5
2026-08-12T19:20,25.0,9.5
2026-08-12T19:30,24.0,9.4
2026-08-12T19:40,24.0,9.2
2026-08-12T19:50,24.0,9.1
2026-08-12T20:00,24.0,9.0
2026-08-12T20:10,24.0,9.0
2026-08-12T20:20,25.0,8.9
2026-08-12T20:30,24.0,8.9
2026-08-12T20:40,25.0,8.8
2026-08-12T20:50,24.0,8.8
2026-08-12T21:00,24.0,8.7
2026-08-12T21:10,24.0,8.7
2026-08-12T21:20,24.0,8.6
2026-08-12T21:30,24.0,8.6
2026-08-12T21:40,25.0,8.6
2026-08-12T21:50,25.0,8.5
2026-08-12T22:00,24.0,8.5
2026-08-12T22:10,25.0,8.5
2026-08-12T22:20,24.0,8.5
2026-08-12T22:30,24.0,8.5
2026-08-12T22:40,25.0,8.5
2026-08-12T22:50,24.0,8.4
2026-08-12T23:00,25.0,8.4
2026-08-12T23:10,25.0,8.4
2026-08-12T23:20,25.0,8.4
2026-08-12T23:30,26.0,8.3
2026-08-12T23:40,25.0,8.3
2026-08-12T23:50,25.0,8.3
2026-08-13T00:00,25.0,8.3
2026-08-13T00:10,25.0,8.3
2026-08-13T00:20,25.0,8.2
2026-08-13T00:30,25.0,8.2
2026-08-13T00:40,25.0,8.2
2026-08-13T00:50,25.0,8.2
2026-08-13T01:00,25.0,8.2
2026-08-13T01:10,25.0,8.2
2026-08-13T01:20,25.0,8.2
2026-08-13T01:30,25.0,8.2
2026-08-13T01:40,25.0,8.1
2026-08-13T01:50,25.0,8.1
2026-08-13T02:00,25.0,8.1
2026-08-13T02:10,25.0,8.1
2026-08-13T02:20,25.0,8.1
2026-08-13T02:30,25.0,8.1
2026-08-13T02:40,25.0,8.1
2026-08-13T02:50,25.0,8.1
2026-08-13T03:00,25.0,8.1
2026-08-13T03:10,25.0,8.1
2026-08-13T03:20,25.0,8.1
2026-08-13T03:30,25.0,8.1
2026-08-13T03:40,25.0,8.0
2026-08-13T03:50,25.0,8.0
2026-08-13T04:00,25.0,8.0
2026-08-13T04:10,25.0,8.0
2026-08-13T04:20,25.0,8.0
2026-08-13T04:30,25.0,8.0
2026-08-13T04:40,25.0,8.0
2026-08-13T04:50,26.0,8.0
2026-08-13T05:00,26.0,8.0
2026-08-13T05:10,26.0,8.0
2026-08-13T05:20,26.0,8.0
2026-08-13T05:30,26.0,8.0
2026-08-13T05:40,25.0,7.9
2026-08-13T05:50,25.0,7.9
2026-08-13T06:00,25.0,7.9
2026-08-13T06:10,25.0,7.9
2026-08-13T06:20,26.0,8.0
2026-08-13T06:30,26.0,7.9
2026-08-13T06:40,25.0,7.9
2026-08-13T06:50,26.0,7.9
2026-08-13T07:00,27.0,7.9
2026-08-13T07:10,25.0,7.9
2026-08-13T07:20,25.0,7.9
2026-08-13T07:30,25.0,7.9
2026-08-13T07:40,25.0,7.9
2026-08-13T07:50,26.0,7.9
2026-08-13T08:00,26.0,7.9
2026-08-13T08:10,26.0,7.9
2026-08-13T08:20,26.0,7.9
2026-08-13T08:30,25.0,8.0
2026-08-13T08:40,25.0,8.1
2026-08-13T08:50,25.0,8.2
2026-08-13T09:00,26.0,8.2
2026-08-13T09:10,26.0,8.3
2026-08-13T09:20,26.0,8.3
2026-08-13T09:30,27.0,8.5
2026-08-13T09:40,25.0,8.5
2026-08-13T09:50,26.0,8.8
2026-08-13T10:00,25.0,9.3
2026-08-13T10:10,25.0,9.1
2026-08-13T10:20,18.0,9.0
2026-08-13T10:30,16.0,9.5
2026-08-13T10:40,13.0,11.3
2026-08-13T10:50,25.0,11.3
2026-08-13T11:00,26.0,10.5
2026-08-13T11:10,32.0,9.9
2026-08-13T11:20,29.0,9.6
2026-08-13T11:30,27.0,9.6
2026-08-13T11:40,26.0,9.7
2026-08-13T11:50,25.0,9.8
2026-08-13T12:00,24.0,10.0
2026-08-13T12:10,25.0,10.1
2026-08-13T12:20,24.0,10.3
2026-08-13T12:30,25.0,10.4
2026-08-13T12:40,24.0,10.6
2026-08-13T12:50,25.0,10.7
2026-08-13T13:00,25.0,10.8
2026-08-13T13:10,25.0,10.9
2026-08-13T13:20,25.0,10.9
2026-08-13T13:30,25.0,11.0
2026-08-13T13:40,26.0,11.0
2026-08-13T13:50,25.0,11.0
2026-08-13T14:00,24.0,11.1
2026-08-13T14:10,25.0,11.1
2026-08-13T14:20,25.0,11.2
2026-08-13T14:30,25.0,11.1
2026-08-13T14:40,25.0,11.0
2026-08-13T14:50,25.0,11.0
2026-08-13T15:00,25.0,11.0
2026-08-13T15:10,25.0,11.0
2026-08-13T15:20,25.0,11.0
2026-08-13T15:30,24.0,10.9
2026-08-13T15:40,24.0,11.0
2026-08-13T15:50,25.0,11.0
2026-08-13T16:00,26.0,10.7
2026-08-13T16:10,25.0,10.7
2026-08-13T16:20,25.0,10.8
2026-08-13T16:30,26.0,11.0
2026-08-13T16:40,25.0,10.6
2026-08-13T16:50,25.0,10.4
2026-08-13T17:00,26.0,10.3
2026-08-13T17:10,25.0,10.5
2026-08-13T17:20,25.0,10.4
2026-08-13T17:30,26.0,10.1
2026-08-13T17:40,26.0,10.0
2026-08-13T17:50,24.0,9.9
2026-08-13T18:00,26.0,9.9
2026-08-13T18:10,25.0,10.1
2026-08-13T18:20,25.0,9.9
2026-08-13T18:30,25.0,9.6
2026-08-13T18:40,26.0,9.5
2026-08-13T18:50,25.0,9.5
2026-08-13T19:00,25.0,9.4
2026-08-13T19:10,25.0,9.4
2026-08-13T19:20,25.0,9.3
2026-08-13T19:30,25.0,9.2
2026-08-13T19:40,25.0,9.2
2026-08-13T19:50,25.0,9.1
2026-08-13T20:00,25.0,9.1
2026-08-13T20:10,25.0,9.0
2026-08-13T20:20,25.0,8.9
2026-08-13T20:30,25.0,8.9
2026-08-13T20:40,25.0,8.8
2026-08-13T20:50,25.0,8.8
2026-08-13T21:00,25.0,8.7
2026-08-13T21:10,25.0,8.7
2026-08-13T21:20,25.0,8.6
2026-08-13T21:30,25.0,8.6
2026-08-13T21:40,25.0,8.6
2026-08-13T21:50,26.0,8.5
2026-08-13T22:00,26.0,8.5
2026-08-13T22:10,24.0,8.4
2026-08-13T22:20,25.0,8.4
2026-08-13T22:30,25.0,8.5
2026-08-13T22:40,24.0,8.5
2026-08-13T22:50,24.0,8.3
2026-08-13T23:00,24.0,8.3
2026-08-13T23:10,24.0,8.3
2026-08-13T23:20,24.0,8.3
2026-08-13T23:30,24.0,8.3
2026-08-13T23:40,25.0,8.3
2026-08-13T23:50,25.0,8.2
2026-08-14T00:00,25.0,8.2
2026-08-14T00:10,25.0,8.2
2026-08-14T00:20,24.0,8.2
2026-08-14T00:30,25.0,8.2
2026-08-14T00:40,25.0,8.2
2026-08-14T00:50,25.0,8.2
2026-08-14T01:00,25.0,8.2
2026-08-14T01:10,25.0,8.1
2026-08-14T01:20,25.0,8.1
2026-08-14T01:30,24.0,8.1
2026-08-14T01:40,24.0,8.1
2026-08-14T01:50,25.0,8.1
2026-08-14T02:00,25.0,8.1
2026-08-14T02:10,25.0,8.1
2026-08-14T02:20,25.0,8.1
2026-08-14T02:30,24.0,8.1
2026-08-14T02:40,24.0,8.1
2026-08-14T02:50,25.0,8.1
2026-08-14T03:00,25.0,8.0
2026-08-14T03:10,25.0,8.0
2026-08-14T03:20,24.0,8.0
2026-08-14T03:30,25.0,8.0
2026-08-14T03:40,25.0,8.0
2026-08-14T03:50,24.0,8.0
2026-08-14T04:00,24.0,8.0
2026-08-14T04:10,24.0,8.0
2026-08-14T04:20,24.0,8.0
2026-08-14T04:30,24.0,8.0
2026-08-14T04:40,24.0,8.0
2026-08-14T04:50,25.0,8.0
2026-08-14T05:00,24.0,8.0
2026-08-14T05:10,24.0,8.0
2026-08-14T05:20,24.0,7.9
2026-08-14T05:30,24.0,7.9
2026-08-14T05:40,24.0,7.9
2026-08-14T05:50,24.0,7.9
2026-08-14T06:00,24.0,7.9
2026-08-14T06:10,24.0,7.9
2026-08-14T06:20,25.0,7.9
2026-08-14T06:30,26.0,7.9
2026-08-14T06:40,24.0,7.8
2026-08-14T06:50,24.0,8.0
2026-08-14T07:00,25.0,7.9
2026-08-14T07:10,25.0,7.9
2026-08-14T07:20,24.0,7.8
2026-08-14T07:30,24.0,7.8
2026-08-14T07:40,24.0,7.8
2026-08-14T07:50,24.0,7.8
2026-08-14T08:00,24.0,7.8
2026-08-14T08:10,24.0,7.8
2026-08-14T08:20,25.0,7.9
2026-08-14T08:30,24.0,7.9
2026-08-14T08:40,24.0,8.0
2026-08-14T08:50,25.0,8.0
2026-08-14T09:00,24.0,8.1
2026-08-14T09:10,24.0,8.1
2026-08-14T09:20,24.0,8.2
2026-08-14T09:30,24.0,8.3
2026-08-14T09:40,24.0,8.5
2026-08-14T09:50,24.0,8.6
2026-08-14T10:00,24.0,8.7
2026-08-14T10:10,24.0,8.9
2026-08-14T10:20,25.0,9.0
2026-08-14T10:30,24.0,9.1
2026-08-14T10:40,24.0,9.3
2026-08-14T10:50,25.0,9.4
2026-08-14T11:00,24.0,9.7
2026-08-14T11:10,25.0,9.9
2026-08-14T11:20,25.0,9.8
2026-08-14T11:30,25.0,9.9
2026-08-14T11:40,24.0,10.3
2026-08-14T11:50,24.0,10.4
2026-08-14T12:00,25.0,10.3
2026-08-14T12:10,25.0,10.4
2026-08-14T12:20,25.0,10.6
2026-08-14T12:30,25.0,10.7
2026-08-14T12:40,25.0,10.8
2026-08-14T12:50,25.0,10.9
2026-08-14T13:00,25.0,10.9
2026-08-14T13:10,25.0,11.0
2026-08-14T13:20,25.0,11.1
2026-08-14T13:30,24.0,11.1
2026-08-14T13:40,23.0,11.3
2026-08-14T13:50,24.0,11.6
2026-08-14T14:00,24.0,11.5
2026-08-14T14:10,25.0,11.3
2026-08-14T14:20,24.0,11.3
2026-08-14T14:30,25.0,11.4
2026-08-14T14:40,25.0,11.3
2026-08-14T14:50,25.0,11.4
2026-08-14T15:00,25.0,11.3
2026-08-14T15:10,12.0,11.4
2026-08-14T15:20,18.0,11.8
2026-08-14T15:30,16.0,12.5
2026-08-14T15:40,35.0,13.6
2026-08-14T15:50,31.0,11.5
2026-08-14T16:00,27.0,10.8
2026-08-14T16:10,26.0,10.5
2026-08-14T16:20,24.0,10.3
2026-08-14T16:30,25.0,10.2
2026-08-14T16:40,25.0,10.2
2026-08-14T16:50,24.0,10.2
2026-08-14T17:00,25.0,10.1
2026-08-14T17:10,25.0,10.1
2026-08-14T17:20,25.0,10.0
2026-08-14T17:30,25.0,10.0
2026-08-14T17:40,25.0,9.9
2026-08-14T17:50,24.0,9.9
2026-08-14T18:00,25.0,9.8
2026-08-14T18:10,25.0,9.7
2026-08-14T18:20,24.0,9.6
2026-08-14T18:30,24.0,9.5
2026-08-14T18:40,24.0,9.5
2026-08-14T18:50,24.0,9.4
2026-08-14T19:00,25.0,9.3
2026-08-14T19:10,25.0,9.3
2026-08-14T19:20,24.0,9.2
2026-08-14T19:30,24.0,9.1
2026-08-14T19:40,24.0,9.0
2026-08-14T19:50,25.0,9.0
2026-08-14T20:00,25.0,8.9
2026-08-14T20:10,25.0,8.9
2026-08-14T20:20,25.0,8.8
2026-08-14T20:30,25.0,8.8
2026-08-14T20:40,24.0,8.7
2026-08-14T20:50,25.0,8.7
2026-08-14T21:00,25.0,8.6
2026-08-14T21:10,24.0,8.6
2026-08-14T21:20,25.0,8.6
2026-08-14T21:30,25.0,8.5
2026-08-14T21:40,25.0,8.5
2026-08-14T21:50,25.0,8.5
2026-08-14T22:00,25.0,8.5
2026-08-14T22:10,25.0,8.4
2026-08-14T22:20,25.0,8.4
2026-08-14T22:30,25.0,8.4
2026-08-14T22:40,25.0,8.4
2026-08-14T22:50,25.0,8.3
2026-08-14T23:00,25.0,8.3
2026-08-14T23:10,25.0,8.3
2026-08-14T23:20,25.0,8.3
2026-08-14T23:30,24.0,8.3
2026-08-14T23:40,25.0,8.2
2026-08-14T23:50,24.0,8.2
2026-08-15T00:00,25.0,8.2
2026-08-15T00:10,25.0,8.2
2026-08-15T00:20,25.0,8.2
2026-08-15T00:30,24.0,8.2
2026-08-15T00:40,24.0,8.1
2026-08-15T00:50,25.0,8.1
2026-08-15T01:00,25.0,8.1
2026-08-15T01:10,25.0,8.1
2026-08-15T01:20,25.0,8.1
2026-08-15T01:30,25.0,8.1
2026-08-15T01:40,24.0,8.1
2026-08-15T01:50,24.0,8.1
2026-08-15T02:00,24.0,8.0
2026-08-15T02:10,25.0,8.0
2026-08-15T02:20,25.0,8.0
2026-08-15T02:30,24.0,8.0
2026-08-15T02:40,25.0,8.0
2026-08-15T02:50,25.0,8.0
2026-08-15T03:00,25.0,8.0
2026-08-15T03:10,25.0,8.0
2026-08-15T03:20,25.0,7.9
2026-08-15T03:30,24.0,7.9
2026-08-15T03:40,24.0,7.9
2026-08-15T03:50,25.0,7.9
2026-08-15T04:00,24.0,7.9
2026-08-15T04:10,25.0,7.9
2026-08-15T04:20,24.0,7.9
2026-08-15T04:30,24.0,7.9
2026-08-15T04:40,24.0,7.9
2026-08-15T04:50,25.0,7.9
2026-08-15T05:00,24.0,7.8
2026-08-15T05:10,24.0,7.8
2026-08-15T05:20,24.0,7.8
2026-08-15T05:30,24.0,7.8
2026-08-15T05:40,24.0,7.8
2026-08-15T05:50,24.0,7.8
2026-08-15T06:00,25.0,7.8
2026-08-15T06:10,24.0,7.8
2026-08-15T06:20,24.0,7.8
2026-08-15T06:30,26.0,7.8
2026-08-15T06:40,25.0,7.7
2026-08-15T06:50,25.0,7.8
2026-08-15T07:00,25.0,7.8
2026-08-15T07:10,24.0,7.8
2026-08-15T07:20,25.0,7.7
2026-08-15T07:30,25.0,7.7
2026-08-15T07:40,24.0,7.7
2026-08-15T07:50,25.0,7.7
2026-08-15T08:00,24.0,7.7
2026-08-15T08:10,24.0,7.8
2026-08-15T08:20,25.0,7.8
2026-08-15T08:30,25.0,7.8
2026-08-15T08:40,24.0,7.8
2026-08-15T08:50,24.0,7.9
2026-08-15T09:00,25.0,8.0
2026-08-15T09:10,24.0,8.0
2026-08-15T09:20,24.0,8.1
2026-08-15T09:30,24.0,8.2
2026-08-15T09:40,24.0,8.4
2026-08-15T09:50,24.0,8.5
2026-08-15T10:00,24.0,8.6
2026-08-15T10:10,24.0,8.7
2026-08-15T10:20,24.0,8.9
2026-08-15T10:30,25.0,9.0
2026-08-15T10:40,24.0,9.1
2026-08-15T10:50,25.0,9.3
2026-08-15T11:00,24.0,9.4
2026-08-15T11:10,24.0,9.6
2026-08-15T11:20,24.0,9.7
2026-08-15T11:30,24.0,9.9
2026-08-15T11:40,24.0,10.0
2026-08-15T11:50,25.0,10.1
2026-08-15T12:00,24.0,10.3
2026-08-15T12:10,24.0,10.4
2026-08-15T12:20,24.0,10.5
2026-08-15T12:30,24.0,10.6
2026-08-15T12:40,25.0,10.7
2026-08-15T12:50,24.0,10.8
2026-08-15T13:00,25.0,10.8
2026-08-15T13:10,25.0,10.9
2026-08-15T13:20,25.0,11.0
2026-08-15T13:30,25.0,11.0
2026-08-15T13:40,24.0,11.1
2026-08-15T13:50,25.0,11.1
2026-08-15T14:00,25.0,11.1
2026-08-15T14:10,24.0,11.1
2026-08-15T14:20,25.0,11.1
2026-08-15T14:30,25.0,11.1
2026-08-15T14:40,25.0,11.1
2026-08-15T14:50,25.0,11.1
2026-08-15T15:00,24.0,11.0
2026-08-15T15:10,24.0,11.0
2026-08-15T15:20,25.0,10.9
2026-08-15T15:30,25.0,10.9
2026-08-15T15:40,25.0,10.8
2026-08-15T15:50,25.0,10.7
2026-08-15T16:00,25.0,10.6
2026-08-15T16:10,25.0,10.5
2026-08-15T16:20,25.0,10.4
2026-08-15T16:30,25.0,10.3
2026-08-15T16:40,25.0,10.2
2026-08-15T16:50,25.0,10.1
2026-08-15T17:00,25.0,10.0
2026-08-15T17:10,25.0,10.0
2026-08-15T17:20,25.0,9.9
2026-08-15T17:30,25.0,9.8
2026-08-15T17:40,25.0,9.8
2026-08-15T17:50,25.0,9.7
2026-08-15T18:00,25.0,9.6
2026-08-15T18:10,25.0,9.5
2026-08-15T18:20,25.0,9.4
2026-08-15T18:30,25.0,9.3
2026-08-15T18:40,25.0,9.2
2026-08-15T18:50,25.0,9.2
2026-08-15T19:00,25.0,9.2
2026-08-15T19:10,25.0,9.1
2026-08-15T19:20,25.0,9.1
2026-08-15T19:30,25.0,9.1
2026-08-15T19:40,24.0,9.1
2026-08-15T19:50,25.0,9.0
2026-08-15T20:00,25.0,9.0
2026-08-15T20:10,25.0,9.0
2026-08-15T20:20,25.0,8.9
2026-08-15T20:30,25.0,8.8
2026-08-15T20:40,25.0,8.8
2026-08-15T20:50,25.0,8.7
2026-08-15T21:00,24.0,8.7
2026-08-15T21:10,24.0,8.6
2026-08-15T21:20,24.0,8.6
2026-08-15T21:30,25.0,8.6
2026-08-15T21:40,25.0,8.5
2026-08-15T21:50,25.0,8.5
2026-08-15T22:00,25.0,8.5
2026-08-15T22:10,25.0,8.4
2026-08-15T22:20,25.0,8.4
2026-08-15T22:30,24.0,8.4
2026-08-15T22:40,24.0,8.4
2026-08-15T22:50,25.0,8.3
2026-08-15T23:00,25.0,8.3
2026-08-15T23:10,25.0,8.3
2026-08-15T23:20,24.0,8.3
2026-08-15T23:30,25.0,8.2
2026-08-15T23:40,25.0,8.2
2026-08-15T23:50,24.0,8.2
2026-08-16T00:00,24.0,8.2
2026-08-16T00:10,25.0,8.1
2026-08-16T00:20,25.0,8.1
2026-08-16T00:30,24.0,8.1
2026-08-16T00:40,25.0,8.1
2026-08-16T00:50,25.0,8.1
2026-08-16T01:00,24.0,8.1
2026-08-16T01:10,25.0,8.0
2026-08-16T01:20,24.0,8.0
2026-08-16T01:30,25.0,8.0
2026-08-16T01:40,24.0,8.0
2026-08-16T01:50,24.0,8.0
2026-08-16T02:00,25.0,8.0
2026-08-16T02:10,24.0,8.0
2026-08-16T02:20,24.0,7.9
2026-08-16T02:30,24.0,7.9
2026-08-16T02:40,24.0,7.9
2026-08-16T02:50,24.0,7.9
2026-08-16T03:00,24.0,7.9
2026-08-16T03:10,24.0,7.9
2026-08-16T03:20,24.0,7.9
2026-08-16T03:30,25.0,7.9
2026-08-16T03:40,24.0,7.9
2026-08-16T03:50,24.0,7.8
2026-08-16T04:00,24.0,7.8
2026-08-16T04:10,24.0,7.8
2026-08-16T04:20,24.0,7.8
2026-08-16T04:30,25.0,7.8
2026-08-16T04:40,25.0,7.8
2026-08-16T04:50,25.0,7.8
2026-08-16T05:00,25.0,7.8
2026-08-16T05:10,25.0,7.8
2026-08-16T05:20,24.0,7.8
2026-08-16T05:30,24.0,7.7
2026-08-16T05:40,25.0,7.7
2026-08-16T05:50,25.0,7.7
2026-08-16T06:00,25.0,7.7
2026-08-16T06:10,24.0,7.7
2026-08-16T06:20,25.0,7.8
2026-08-16T06:30,25.0,7.7
2026-08-16T06:40,25.0,7.7
2026-08-16T06:50,25.0,7.8
2026-08-16T07:00,25.0,7.7
2026-08-16T07:10,24.0,7.7
2026-08-16T07:20,24.0,7.7
2026-08-16T07:30,25.0,7.7
2026-08-16T07:40,25.0,7.7
2026-08-16T07:50,24.0,7.7
2026-08-16T08:00,25.0,7.7
2026-08-16T08:10,25.0,7.7
2026-08-16T08:20,25.0,7.7
2026-08-16T08:30,25.0,7.8
2026-08-16T08:40,24.0,7.8
2026-08-16T08:50,24.0,7.9
2026-08-16T09:00,25.0,7.9
2026-08-16T09:10,24.0,8.0
2026-08-16T09:20,25.0,8.1
2026-08-16T09:30,25.0,8.2
2026-08-16T09:40,25.0,8.3
2026-08-16T09:50,24.0,8.4
2026-08-16T10:00,24.0,8.5
2026-08-16T10:10,25.0,8.7
2026-08-16T10:20,25.0,8.8
2026-08-16T10:30,24.0,8.9
2026-08-16T10:40,24.0,9.0
2026-08-16T10:50,24.0,9.2
2026-08-16T11:00,24.0,9.3
2026-08-16T11:10,25.0,9.5
2026-08-16T11:20,25.0,9.6
2026-08-16T11:30,25.0,9.7
2026-08-16T11:40,25.0,9.8
2026-08-16T11:50,25.0,10.0
2026-08-16T12:00,25.0,10.1
2026-08-16T12:10,25.0,10.3
2026-08-16T12:20,25.0,10.4
2026-08-16T12:30,25.0,10.5
2026-08-16T12:40,25.0,10.5
2026-08-16T12:50,25.0,10.6
2026-08-16T13:00,25.0,10.6
2026-08-16T13:10,25.0,10.7
2026-08-16T13:20,24.0,10.6
2026-08-16T13:30,25.0,10.5
2026-08-16T13:40,25.0,10.4
2026-08-16T13:50,25.0,10.3
2026-08-16T14:00,25.0,10.4
2026-08-16T14:10,25.0,10.3
2026-08-16T14:20,25.0,10.2
2026-08-16T14:30,25.0,10.1
2026-08-16T14:40,25.0,10.1
2026-08-16T14:50,25.0,10.1
2026-08-16T15:00,25.0,10.2
2026-08-16T15:10,25.0,10.2
2026-08-16T15:20,25.0,10.2
2026-08-16T15:30,25.0,10.1
2026-08-16T15:40,25.0,10.1
2026-08-16T15:50,25.0,10.1
2026-08-16T16:00,25.0,10.1
2026-08-16T16:10,25.0,10.0
2026-08-16T16:20,25.0,10.0
2026-08-16T16:30,25.0,9.9
2026-08-16T16:40,25.0,9.8
2026-08-16T16:50,25.0,9.7
2026-08-16T17:00,25.0,9.6
2026-08-16T17:10,25.0,9.6
2026-08-16T17:20,25.0,9.4
2026-08-16T17:30,25.0,9.4
2026-08-16T17:40,25.0,9.3
2026-08-16T17:50,25.0,9.2
2026-08-16T18:00,25.0,9.2
2026-08-16T18:10,25.0,9.1
2026-08-16T18:20,25.0,9.0
2026-08-16T18:30,25.0,9.0
2026-08-16T18:40,24.0,9.0
2026-08-16T18:50,24.0,9.0
2026-08-16T19:00,24.0,9.0
2026-08-16T19:10,25.0,9.0
2026-08-16T19:20,25.0,8.9
2026-08-16T19:30,25.0,8.9
2026-08-16T19:40,25.0,8.8
2026-08-16T19:50,25.0,8.8
2026-08-16T20:00,25.0,8.7
2026-08-16T20:10,25.0,8.7
2026-08-16T20:20,25.0,8.7
2026-08-16T20:30,25.0,8.6
2026-08-16T20:40,24.0,8.6
2026-08-16T20:50,25.0,8.6
2026-08-16T21:00,25.0,8.5
2026-08-16T21:10,25.0,8.5
2026-08-16T21:20,25.0,8.5
2026-08-16T21:30,25.0,8.5
2026-08-16T21:40,25.0,8.5
2026-08-16T21:50,26.0,8.4
2026-08-16T22:00,26.0,8.5
2026-08-16T22:10,26.0,8.6
2026-08-16T22:20,26.0,8.9
2026-08-16T22:30,26.0,9.1
2026-08-16T22:40,25.0,9.1
2026-08-16T22:50,25.0,9.1
2026-08-16T23:00,25.0,9.0
2026-08-16T23:10,25.0,9.0
2026-08-16T23:20,25.0,9.0
2026-08-16T23:30,25.0,8.9
2026-08-16T23:40,25.0,8.8
2026-08-16T23:50,25.0,8.7
2026-08-17T00:00,25.0,8.7
2026-08-17T00:10,25.0,8.6
2026-08-17T00:20,25.0,8.5
2026-08-17T00:30,24.0,8.5
2026-08-17T00:40,25.0,8.4
2026-08-17T00:50,24.0,8.4
2026-08-17T01:00,25.0,8.4
2026-08-17T01:10,24.0,8.3
2026-08-17T01:20,24.0,8.3
2026-08-17T01:30,25.0,8.3
2026-08-17T01:40,25.0,8.3
2026-08-17T01:50,24.0,8.3
2026-08-17T02:00,25.0,8.2
2026-08-17T02:10,25.0,8.2
2026-08-17T02:20,24.0,8.2
2026-08-17T02:30,24.0,8.2
2026-08-17T02:40,24.0,8.2
2026-08-17T02:50,25.0,8.1
2026-08-17T03:00,25.0,8.1
2026-08-17T03:10,25.0,8.1
2026-08-17T03:20,25.0,8.1
2026-08-17T03:30,25.0,8.1
2026-08-17T03:40,25.0,8.1
2026-08-17T03:50,25.0,8.1
2026-08-17T04:00,24.0,8.1
2026-08-17T04:10,24.0,8.0
2026-08-17T04:20,25.0,8.0
2026-08-17T04:30,25.0,8.0
2026-08-17T04:40,25.0,8.0
2026-08-17T04:50,24.0,8.0
2026-08-17T05:00,25.0,8.0
2026-08-17T05:10,25.0,8.0
2026-08-17T05:20,25.0,8.0
2026-08-17T05:30,24.0,8.0
2026-08-17T05:40,25.0,8.0
2026-08-17T05:50,24.0,8.0
2026-08-17T06:00,25.0,8.0
2026-08-17T06:10,25.0,8.0
2026-08-17T06:20,25.0,8.0
2026-08-17T06:30,25.0,8.0
2026-08-17T06:40,25.0,8.0
2026-08-17T06:50,25.0,8.1
2026-08-17T07:00,25.0,8.0
2026-08-17T07:10,25.0,8.0
2026-08-17T07:20,24.0,8.0
2026-08-17T07:30,24.0,8.0
2026-08-17T07:40,24.0,8.0
2026-08-17T07:50,24.0,8.0
2026-08-17T08:00,25.0,8.0
2026-08-17T08:10,24.0,8.0
2026-08-17T08:20,24.0,8.0
2026-08-17T08:30,16.0,8.1
2026-08-17T08:40,24.0,8.3
2026-08-17T08:50,24.0,8.3
2026-08-17T09:00,24.0,8.3
2026-08-17T09:10,14.0,8.4
2026-08-17T09:20,25.0,8.7
2026-08-17T09:30,24.0,8.6
2026-08-17T09:40,16.0,8.7
2026-08-17T09:50,15.0,9.1
2026-08-17T10:00,26.0,9.9
2026-08-17T10:10,27.0,9.4
2026-08-17T10:20,32.0,9.0
2026-08-17T10:30,29.0,8.6
2026-08-17T10:40,26.0,8.6
2026-08-17T10:50,25.0,8.7
2026-08-17T11:00,24.0,8.8
2026-08-17T11:10,24.0,8.9
2026-08-17T11:20,24.0,9.0
2026-08-17T11:30,24.0,9.2
2026-08-17T11:40,24.0,9.4
2026-08-17T11:50,24.0,9.5
2026-08-17T12:00,24.0,9.6
2026-08-17T12:10,24.0,9.8
2026-08-17T12:20,24.0,9.9
2026-08-17T12:30,24.0,10.1
2026-08-17T12:40,24.0,10.2
2026-08-17T12:50,24.0,10.4
2026-08-17T13:00,24.0,10.5
2026-08-17T13:10,24.0,10.5
2026-08-17T13:20,24.0,10.5
2026-08-17T13:30,24.0,10.5
2026-08-17T13:40,24.0,10.5
2026-08-17T13:50,24.0,10.5
2026-08-17T14:00,24.0,10.4
2026-08-17T14:10,24.0,10.4
2026-08-17T14:20,24.0,10.3
2026-08-17T14:30,24.0,10.2
2026-08-17T14:40,24.0,10.1
2026-08-17T14:50,24.0,10.0
2026-08-17T15:00,24.0,9.8
2026-08-17T15:10,24.0,9.7
2026-08-17T15:20,24.0,9.5
2026-08-17T15:30,24.0,9.5
2026-08-17T15:40,24.0,9.4
2026-08-17T15:50,24.0,9.3
2026-08-17T16:00,24.0,9.3
2026-08-17T16:10,24.0,9.3
2026-08-17T16:20,24.0,9.3
2026-08-17T16:30,24.0,9.2
2026-08-17T16:40,24.0,9.2
2026-08-17T16:50,24.0,9.1
2026-08-17T17:00,24.0,9.1
2026-08-17T17:10,24.0,9.1
2026-08-17T17:20,24.0,9.1
2026-08-17T17:30,24.0,9.1
2026-08-17T17:40,24.0,9.1
2026-08-17T17:50,24.0,9.1
2026-08-17T18:00,24.0,9.1
2026-08-17T18:10,24.0,9.0
2026-08-17T18:20,24.0,9.0
2026-08-17T18:30,24.0,9.0
2026-08-17T18:40,24.0,8.9
2026-08-17T18:50,24.0,8.9
2026-08-17T19:00,24.0,8.8
2026-08-17T19:10,24.0,8.8
2026-08-17T19:20,24.0,8.8
2026-08-17T19:30,24.0,8.7
2026-08-17T19:40,24.0,8.7
2026-08-17T19:50,24.0,8.6
2026-08-17T20:00,24.0,8.6
2026-08-17T20:10,24.0,8.6
2026-08-17T20:20,24.0,8.5
2026-08-17T20:30,24.0,8.5
2026-08-17T20:40,24.0,8.5
2026-08-17T20:50,24.0,8.4
2026-08-17T21:00,24.0,8.4
2026-08-17T21:10,24.0,8.4
2026-08-17T21:20,24.0,8.3
2026-08-17T21:30,24.0,8.3
2026-08-17T21:40,24.0,8.3
2026-08-17T21:50,24.0,8.2
2026-08-17T22:00,24.0,8.2
2026-08-17T22:10,24.0,8.2
2026-08-17T22:20,24.0,8.1
2026-08-17T22:30,24.0,8.1
2026-08-17T22:40,24.0,8.1
2026-08-17T22:50,24.0,8.1
2026-08-17T23:00,24.0,8.0
2026-08-17T23:10,24.0,8.0
2026-08-17T23:20,25.0,8.0
2026-08-17T23:30,24.0,8.0
2026-08-17T23:40,25.0,8.0
2026-08-17T23:50,24.0,8.0
2026-08-18T00:00,24.0,7.9
2026-08-18T00:10,24.0,7.9
2026-08-18T00:20,24.0,7.9
2026-08-18T00:30,24.0,7.9
2026-08-18T00:40,24.0,7.9
2026-08-18T00:50,24.0,7.9
2026-08-18T01:00,24.0,7.9
2026-08-18T01:10,24.0,7.8
2026-08-18T01:20,24.0,7.8
2026-08-18T01:30,24.0,7.8
2026-08-18T01:40,24.0,7.8
2026-08-18T01:50,25.0,7.8
2026-08-18T02:00,24.0,7.7
2026-08-18T02:10,24.0,7.7
2026-08-18T02:20,24.0,7.7
2026-08-18T02:30,24.0,7.7
2026-08-18T02:40,24.0,7.7
2026-08-18T02:50,24.0,7.7
2026-08-18T03:00,24.0,7.6
2026-08-18T03:10,24.0,7.6
2026-08-18T03:20,24.0,7.6
2026-08-18T03:30,24.0,7.6
2026-08-18T03:40,24.0,7.6
2026-08-18T03:50,24.0,7.6
2026-08-18T04:00,24.0,7.6
2026-08-18T04:10,24.0,7.6
2026-08-18T04:20,24.0,7.6
2026-08-18T04:30,24.0,7.6
2026-08-18T04:40,25.0,7.6
2026-08-18T04:50,24.0,7.6
2026-08-18T05:00,24.0,7.6
2026-08-18T05:10,24.0,7.6
2026-08-18T05:20,24.0,7.6
2026-08-18T05:30,24.0,7.6
2026-08-18T05:40,24.0,7.6
2026-08-18T05:50,24.0,7.6
2026-08-18T06:00,24.0,7.7
2026-08-18T06:10,24.0,7.7
2026-08-18T06:20,24.0,7.7
2026-08-18T06:30,25.0,7.7
2026-08-18T06:40,25.0,7.7
2026-08-18T06:50,24.0,7.8
2026-08-18T07:00,24.0,7.7
2026-08-18T07:10,24.0,7.7
2026-08-18T07:20,25.0,7.7
2026-08-18T07:30,24.0,7.7
2026-08-18T07:40,24.0,7.7
2026-08-18T07:50,24.0,7.7
2026-08-18T08:00,24.0,7.7
2026-08-18T08:10,24.0,7.7
2026-08-18T08:20,24.0,7.8
2026-08-18T08:30,24.0,7.8
2026-08-18T08:40,24.0,7.8
2026-08-18T08:50,24.0,7.8
2026-08-18T09:00,24.0,7.9
2026-08-18T09:10,24.0,7.9
2026-08-18T09:20,23.0,7.9
2026-08-18T09:30,23.0,8.0
2026-08-18T09:40,24.0,8.1
2026-08-18T09:50,24.0,8.1
2026-08-18T10:00,24.0,8.2
2026-08-18T10:10,24.0,8.3
2026-08-18T10:20,24.0,8.3
2026-08-18T10:30,24.0,8.4
2026-08-18T10:40,24.0,8.5
2026-08-18T10:50,24.0,8.5
2026-08-18T11:00,24.0,8.5
2026-08-18T11:10,24.0,8.6
2026-08-18T11:20,24.0,8.5
2026-08-18T11:30,24.0,8.6
2026-08-18T11:40,23.0,8.7
2026-08-18T11:50,24.0,8.7
2026-08-18T12:00,24.0,8.7
2026-08-18T12:10,24.0,8.7
2026-08-18T12:20,24.0,8.8
2026-08-18T12:30,24.0,8.8
2026-08-18T12:40,23.0,8.9
2026-08-18T12:50,24.0,8.9
2026-08-18T13:00,24.0,9.0
2026-08-18T13:10,24.0,9.0
2026-08-18T13:20,24.0,9.1
2026-08-18T13:30,25.0,9.1
2026-08-18T13:40,15.0,9.3
2026-08-18T13:50,14.0,9.7
2026-08-18T14:00,25.0,10.4
2026-08-18T14:10,18.0,11.5
2026-08-18T14:20,26.0,11.9
2026-08-18T14:30,24.0,11.1
2026-08-18T14:40,26.0,10.6
2026-08-18T14:50,28.0,10.3
2026-08-18T15:00,33.0,9.9
2026-08-18T15:10,30.0,9.5
2026-08-18T15:20,26.0,9.4
2026-08-18T15:30,24.0,9.4
2026-08-18T15:40,24.0,9.4
2026-08-18T15:50,24.0,9.5
2026-08-18T16:00,24.0,9.6
2026-08-18T16:10,24.0,9.7
2026-08-18T16:20,24.0,9.7
2026-08-18T16:30,24.0,9.7
2026-08-18T16:40,24.0,9.7
2026-08-18T16:50,24.0,9.7
2026-08-18T17:00,24.0,9.6
2026-08-18T17:10,24.0,9.6
2026-08-18T17:20,23.0,9.6
2026-08-18T17:30,24.0,9.6
2026-08-18T17:40,23.0,9.5
2026-08-18T17:50,24.0,9.5
2026-08-18T18:00,24.0,9.4
2026-08-18T18:10,24.0,9.3
2026-08-18T18:20,24.0,9.2
2026-08-18T18:30,24.0,9.1
2026-08-18T18:40,24.0,9.1
2026-08-18T18:50,24.0,9.0
2026-08-18T19:00,24.0,8.9
2026-08-18T19:10,24.0,8.9
2026-08-18T19:20,24.0,8.8
2026-08-18T19:30,24.0,8.7
2026-08-18T19:40,24.0,8.7
2026-08-18T19:50,24.0,8.6
2026-08-18T20:00,24.0,8.6
2026-08-18T20:10,24.0,8.5
2026-08-18T20:20,24.0,8.5
2026-08-18T20:30,24.0,8.4
2026-08-18T20:40,24.0,8.4
2026-08-18T20:50,24.0,8.4
2026-08-18T21:00,23.0,8.3
2026-08-18T21:10,23.0,8.3
2026-08-18T21:20,24.0,8.3
2026-08-18T21:30,23.0,8.2
2026-08-18T21:40,24.0,8.2
2026-08-18T21:50,24.0,8.2
2026-08-18T22:00,24.0,8.2
2026-08-18T22:10,24.0,8.2
2026-08-18T22:20,24.0,8.1
2026-08-18T22:30,24.0,8.1
2026-08-18T22:40,24.0,8.1
2026-08-18T22:50,24.0,8.1
2026-08-18T23:00,24.0,8.1
2026-08-18T23:10,24.0,8.1
2026-08-18T23:20,24.0,8.1
2026-08-18T23:30,24.0,8.1
2026-08-18T23:40,23.0,8.1
2026-08-18T23:50,24.0,8.1
2026-08-19T00:00,24.0,8.1
2026-08-19T00:10,24.0,8.1
2026-08-19T00:20,24.0,8.0
2026-08-19T00:30,23.0,8.0
2026-08-19T00:40,24.0,8.0
2026-08-19T00:50,24.0,8.0
2026-08-19T01:00,24.0,8.0
2026-08-19T01:10,24.0,8.0
2026-08-19T01:20,24.0,7.9
2026-08-19T01:30,24.0,7.9
2026-08-19T01:40,24.0,7.9
2026-08-19T01:50,24.0,7.9
2026-08-19T02:00,24.0,7.9
2026-08-19T02:10,24.0,7.9
2026-08-19T02:20,24.0,7.9
2026-08-19T02:30,24.0,7.9
2026-08-19T02:40,24.0,7.9
2026-08-19T02:50,24.0,7.9
2026-08-19T03:00,24.0,7.9
2026-08-19T03:10,24.0,7.9
2026-08-19T03:20,24.0,7.8
2026-08-19T03:30,24.0,7.8
2026-08-19T03:40,24.0,7.8
2026-08-19T03:50,24.0,7.8
2026-08-19T04:00,24.0,7.8
2026-08-19T04:10,24.0,7.8
2026-08-19T04:20,24.0,7.8
2026-08-19T04:30,24.0,7.8
2026-08-19T04:40,24.0,7.7
2026-08-19T04:50,24.0,7.7
2026-08-19T05:00,24.0,7.7
2026-08-19T05:10,24.0,7.7
2026-08-19T05:20,24.0,7.7
2026-08-19T05:30,24.0,7.7
2026-08-19T05:40,24.0,7.7
2026-08-19T05:50,24.0,7.7
2026-08-19T06:00,24.0,7.6
2026-08-19T06:10,24.0,7.6
2026-08-19T06:20,24.0,7.6
2026-08-19T06:30,25.0,7.6
2026-08-19T06:40,25.0,7.6
2026-08-19T06:50,24.0,7.7
2026-08-19T07:00,25.0,7.6
2026-08-19T07:10,24.0,7.6
2026-08-19T07:20,24.0,7.6
2026-08-19T07:30,24.0,7.6
2026-08-19T07:40,24.0,7.6
2026-08-19T07:50,24.0,7.6
2026-08-19T08:00,24.0,7.6
2026-08-19T08:10,24.0,7.6
2026-08-19T08:20,24.0,7.6
2026-08-19T08:30,24.0,7.6
2026-08-19T08:40,24.0,7.7
2026-08-19T08:50,24.0,7.7
2026-08-19T09:00,24.0,7.8
2026-08-19T09:10,24.0,7.9
2026-08-19T09:20,24.0,7.9
2026-08-19T09:30,24.0,8.1
2026-08-19T09:40,24.0,8.2
2026-08-19T09:50,24.0,8.3
2026-08-19T10:00,24.0,8.4
2026-08-19T10:10,24.0,8.6
2026-08-19T10:20,24.0,8.7
2026-08-19T10:30,24.0,8.8
2026-08-19T10:40,24.0,9.0
2026-08-19T10:50,24.0,9.1
2026-08-19T11:00,24.0,9.2
2026-08-19T11:10,24.0,9.4
2026-08-19T11:20,24.0,9.5
2026-08-19T11:30,24.0,9.7
2026-08-19T11:40,24.0,9.8
2026-08-19T11:50,24.0,9.9
2026-08-19T12:00,24.0,10.1
2026-08-19T12:10,24.0,10.2
2026-08-19T12:20,24.0,10.3
2026-08-19T12:30,24.0,10.4
2026-08-19T12:40,24.0,10.5
2026-08-19T12:50,24.0,10.6
2026-08-19T13:00,24.0,10.7
2026-08-19T13:10,24.0,10.8
2026-08-19T13:20,24.0,10.8
2026-08-19T13:30,24.0,10.9
2026-08-19T13:40,24.0,10.9
2026-08-19T13:50,24.0,11.0
2026-08-19T14:00,24.0,11.0
2026-08-19T14:10,24.0,11.0
2026-08-19T14:20,24.0,11.0
2026-08-19T14:30,24.0,11.0
2026-08-19T14:40,24.0,11.0
2026-08-19T14:50,24.0,10.9
2026-08-19T15:00,24.0,10.9
2026-08-19T15:10,24.0,10.8
2026-08-19T15:20,24.0,10.8
2026-08-19T15:30,24.0,10.8
2026-08-19T15:40,24.0,10.7
2026-08-19T15:50,24.0,10.7
2026-08-19T16:00,24.0,10.6
2026-08-19T16:10,24.0,10.5
2026-08-19T16:20,24.0,10.3
2026-08-19T16:30,24.0,10.3
2026-08-19T16:40,24.0,10.2
2026-08-19T16:50,24.0,10.1
2026-08-19T17:00,24.0,10.0
2026-08-19T17:10,24.0,10.0
2026-08-19T17:20,24.0,10.0
2026-08-19T17:30,24.0,9.9
2026-08-19T17:40,24.0,9.9
2026-08-19T17:50,24.0,9.8
2026-08-19T18:00,24.0,9.7
2026-08-19T18:10,24.0,9.6
2026-08-19T18:20,24.0,9.5
2026-08-19T18:30,24.0,9.5
2026-08-19T18:40,24.0,9.4
2026-08-19T18:50,24.0,9.4
2026-08-19T19:00,24.0,9.3
2026-08-19T19:10,24.0,9.3
2026-08-19T19:20,24.0,9.2
2026-08-19T19:30,24.0,9.2
2026-08-19T19:40,24.0,9.1
2026-08-19T19:50,24.0,9.1
2026-08-19T20:00,24.0,9.0
2026-08-19T20:10,24.0,9.0
2026-08-19T20:20,24.0,9.0
2026-08-19T20:30,24.0,8.9
2026-08-19T20:40,24.0,8.9
2026-08-19T20:50,24.0,8.8
2026-08-19T21:00,24.0,8.8
2026-08-19T21:10,24.0,8.8
2026-08-19T21:20,24.0,8.7
2026-08-19T21:30,24.0,8.7
2026-08-19T21:40,24.0,8.6
2026-08-19T21:50,24.0,8.6
2026-08-19T22:00,24.0,8.5
2026-08-19T22:10,24.0,8.5
2026-08-19T22:20,24.0,8.5
2026-08-19T22:30,24.0,8.4
2026-08-19T22:40,24.0,8.4
2026-08-19T22:50,24.0,8.4
2026-08-19T23:00,24.0,8.3
2026-08-19T23:10,24.0,8.3
2026-08-19T23:20,24.0,8.3
2026-08-19T23:30,24.0,8.3
2026-08-19T23:40,24.0,8.3
2026-08-19T23:50,24.0,8.3
2026-08-20T00:00,24.0,8.2
2026-08-20T00:10,24.0,8.2
2026-08-20T00:20,24.0,8.2
2026-08-20T00:30,24.0,8.2
2026-08-20T00:40,24.0,8.2
2026-08-20T00:50,24.0,8.2
2026-08-20T01:00,24.0,8.2
2026-08-20T01:10,24.0,8.2
2026-08-20T01:20,24.0,8.2
2026-08-20T01:30,24.0,8.2
2026-08-20T01:40,24.0,8.2
2026-08-20T01:50,24.0,8.2
2026-08-20T02:00,24.0,8.2
2026-08-20T02:10,24.0,8.2
2026-08-20T02:20,24.0,8.2
2026-08-20T02:30,24.0,8.2
2026-08-20T02:40,24.0,8.2
2026-08-20T02:50,24.0,8.2
2026-08-20T03:00,24.0,8.2
2026-08-20T03:10,24.0,8.2
2026-08-20T03:20,24.0,8.2
2026-08-20T03:30,24.0,8.2
2026-08-20T03:40,24.0,8.1
2026-08-20T03:50,24.0,8.1
2026-08-20T04:00,24.0,8.1
2026-08-20T04:10,24.0,8.1
2026-08-20T04:20,24.0,8.0
2026-08-20T04:30,24.0,8.0
2026-08-20T04:40,24.0,8.0
2026-08-20T04:50,24.0,8.0
2026-08-20T05:00,24.0,8.0
2026-08-20T05:10,24.0,8.0
2026-08-20T05:20,24.0,7.9
2026-08-20T05:30,24.0,7.9
2026-08-20T05:40,24.0,7.9
2026-08-20T05:50,24.0,7.9
2026-08-20T06:00,24.0,7.9
2026-08-20T06:10,25.0,7.9
2026-08-20T06:20,24.0,7.9
2026-08-20T06:30,25.0,7.9
2026-08-20T06:40,25.0,7.9
2026-08-20T06:50,24.0,8.0
2026-08-20T07:00,25.0,7.9
2026-08-20T07:10,24.0,7.9
2026-08-20T07:20,24.0,7.9
2026-08-20T07:30,24.0,7.9
2026-08-20T07:40,24.0,7.9
2026-08-20T07:50,24.0,7.9
2026-08-20T08:00,24.0,7.9
2026-08-20T08:10,24.0,8.0
2026-08-20T08:20,24.0,8.0
2026-08-20T08:30,21.0,8.0
2026-08-20T08:40,12.0,8.2
2026-08-20T08:50,11.0,8.9
2026-08-20T09:00,14.0,9.3
2026-08-20T09:10,25.0,9.7
2026-08-20T09:20,25.0,9.8
2026-08-20T09:30,24.0,9.2
2026-08-20T09:40,27.0,9.0
2026-08-20T09:50,25.0,8.7
2026-08-20T10:00,35.0,8.4
2026-08-20T10:10,29.0,8.3
2026-08-20T10:20,27.0,8.2
2026-08-20T10:30,27.0,8.2
2026-08-20T10:40,26.0,8.2
2026-08-20T10:50,26.0,8.3
2026-08-20T11:00,26.0,8.4
2026-08-20T11:10,26.0,8.5
2026-08-20T11:20,26.0,8.5
2026-08-20T11:30,26.0,8.6
2026-08-20T11:40,27.0,8.7
2026-08-20T11:50,26.0,8.7
2026-08-20T12:00,26.0,8.7
2026-08-20T12:10,26.0,8.8
2026-08-20T12:20,26.0,8.8
2026-08-20T12:30,26.0,8.8
2026-08-20T12:40,26.0,8.8
2026-08-20T12:50,26.0,8.9
2026-08-20T13:00,27.0,8.9
2026-08-20T13:10,26.0,8.9
2026-08-20T13:20,26.0,8.9
2026-08-20T13:30,27.0,8.9
2026-08-20T13:40,27.0,9.0
2026-08-20T13:50,27.0,8.9
2026-08-20T14:00,27.0,8.9
2026-08-20T14:10,29.0,9.0
2026-08-20T14:20,31.0,9.7
2026-08-20T14:30,29.0,10.3
2026-08-20T14:40,31.0,10.5
2026-08-20T14:50,30.0,10.4
2026-08-20T15:00,29.0,10.5
2026-08-20T15:10,29.0,10.6
2026-08-20T15:20,28.0,10.6
2026-08-20T15:30,28.0,10.5
2026-08-20T15:40,28.0,10.4
2026-08-20T15:50,28.0,10.3
2026-08-20T16:00,28.0,10.2
2026-08-20T16:10,28.0,10.2
2026-08-20T16:20,27.0,10.2
2026-08-20T16:30,29.0,10.2
2026-08-20T16:40,29.0,10.1
2026-08-20T16:50,28.0,10.1
2026-08-20T17:00,29.0,10.1
2026-08-20T17:10,30.0,10.1
2026-08-20T17:20,30.0,9.8
2026-08-20T17:30,30.0,9.8
2026-08-20T17:40,31.0,10.0
2026-08-20T17:50,30.0,10.1
2026-08-20T18:00,29.0,10.1
2026-08-20T18:10,29.0,10.0
2026-08-20T18:20,28.0,9.9
2026-08-20T18:30,29.0,9.8
2026-08-20T18:40,28.0,9.8
2026-08-20T18:50,28.0,9.7
2026-08-20T19:00,28.0,9.7
2026-08-20T19:10,28.0,9.7
2026-08-20T19:20,28.0,9.7
2026-08-20T19:30,28.0,9.7
2026-08-20T19:40,28.0,9.8
2026-08-20T19:50,28.0,9.7
2026-08-20T20:00,28.0,9.6
2026-08-20T20:10,28.0,9.5
2026-08-20T20:20,28.0,9.5
2026-08-20T20:30,28.0,9.5
2026-08-20T20:40,28.0,9.4
2026-08-20T20:50,27.0,9.4
2026-08-20T21:00,28.0,9.3
2026-08-20T21:10,29.0,9.3
2026-08-20T21:20,29.0,9.2
2026-08-20T21:30,29.0,9.2
2026-08-20T21:40,29.0,9.4
2026-08-20T21:50,28.0,9.6
2026-08-20T22:00,29.0,9.7
2026-08-20T22:10,28.0,9.6
2026-08-20T22:20,28.0,9.5
2026-08-20T22:30,28.0,9.4
2026-08-20T22:40,27.0,9.4
2026-08-20T22:50,28.0,9.3
2026-08-20T23:00,28.0,9.3
2026-08-20T23:10,28.0,9.2
2026-08-20T23:20,28.0,9.2
2026-08-20T23:30,28.0,9.1
2026-08-20T23:40,28.0,9.1
2026-08-20T23:50,28.0,9.1
2026-08-21T00:00,28.0,9.1
2026-08-21T00:10,28.0,9.0
2026-08-21T00:20,27.0,9.0
2026-08-21T00:30,26.0,8.9
2026-08-21T00:40,27.0,8.9
2026-08-21T00:50,27.0,8.8
2026-08-21T01:00,27.0,8.8
2026-08-21T01:10,28.0,8.8
2026-08-21T01:20,27.0,8.7
2026-08-21T01:30,27.0,8.7
2026-08-21T01:40,27.0,8.6
2026-08-21T01:50,27.0,8.6
2026-08-21T02:00,27.0,8.6
2026-08-21T02:10,27.0,8.6
2026-08-21T02:20,27.0,8.5
2026-08-21T02:30,27.0,8.5
2026-08-21T02:40,27.0,8.5
2026-08-21T02:50,27.0,8.5
2026-08-21T03:00,28.0,8.4
2026-08-21T03:10,27.0,8.4
2026-08-21T03:20,27.0,8.4
2026-08-21T03:30,27.0,8.4
2026-08-21T03:40,27.0,8.4
2026-08-21T03:50,28.0,8.4
2026-08-21T04:00,27.0,8.4
2026-08-21T04:10,28.0,8.3
2026-08-21T04:20,27.0,8.3
2026-08-21T04:30,27.0,8.3
2026-08-21T04:40,27.0,8.3
2026-08-21T04:50,27.0,8.3
2026-08-21T05:00,28.0,8.3
2026-08-21T05:10,28.0,8.3
2026-08-21T05:20,28.0,8.3
2026-08-21T05:30,28.0,8.2
2026-08-21T05:40,27.0,8.2
2026-08-21T05:50,27.0,8.2
2026-08-21T06:00,28.0,8.2
2026-08-21T06:10,26.0,8.2
2026-08-21T06:20,26.0,8.3
2026-08-21T06:30,28.0,8.2
2026-08-21T06:40,28.0,8.2
2026-08-21T06:50,27.0,8.2
2026-08-21T07:00,28.0,8.2
2026-08-21T07:10,27.0,8.2
2026-08-21T07:20,27.0,8.1
2026-08-21T07:30,28.0,8.1
2026-08-21T07:40,27.0,8.2
2026-08-21T07:50,27.0,8.2
2026-08-21T08:00,27.0,8.2
2026-08-21T08:10,27.0,8.2
2026-08-21T08:20,20.0,8.2
2026-08-21T08:30,16.0,8.3
2026-08-21T08:40,18.0,8.8
2026-08-21T08:50,23.0,9.7
2026-08-21T09:00,17.0,9.9
2026-08-21T09:10,26.0,9.5
2026-08-21T09:20,28.0,9.1
2026-08-21T09:30,27.0,9.0
2026-08-21T09:40,27.0,8.9
2026-08-21T09:50,27.0,8.9
2026-08-21T10:00,28.0,8.8
2026-08-21T10:10,27.0,8.7
2026-08-21T10:20,34.0,8.7
2026-08-21T10:30,30.0,8.3
2026-08-21T10:40,28.0,8.2
2026-08-21T10:50,26.0,8.2
2026-08-21T11:00,26.0,8.2
2026-08-21T11:10,26.0,8.3
2026-08-21T11:20,26.0,8.3
2026-08-21T11:30,26.0,8.3
2026-08-21T11:40,26.0,8.5
2026-08-21T11:50,26.0,8.6
2026-08-21T12:00,26.0,8.7
2026-08-21T12:10,26.0,8.7
2026-08-21T12:20,26.0,8.7
2026-08-21T12:30,26.0,8.8
2026-08-21T12:40,26.0,8.9
2026-08-21T12:50,26.0,8.9
2026-08-21T13:00,25.0,8.9
2026-08-21T13:10,26.0,8.9
2026-08-21T13:20,26.0,8.9
2026-08-21T13:30,26.0,8.9
2026-08-21T13:40,25.0,8.9
2026-08-21T13:50,26.0,9.0
2026-08-21T14:00,26.0,9.0
2026-08-21T14:10,26.0,9.1
2026-08-21T14:20,26.0,9.1
2026-08-21T14:30,26.0,9.1
2026-08-21T14:40,26.0,9.1
2026-08-21T14:50,26.0,9.0
2026-08-21T15:00,26.0,9.0
2026-08-21T15:10,26.0,9.0
2026-08-21T15:20,26.0,9.0
2026-08-21T15:30,26.0,9.0
2026-08-21T15:40,25.0,9.0
2026-08-21T15:50,26.0,9.0
2026-08-21T16:00,26.0,9.0
2026-08-21T16:10,25.0,8.9
2026-08-21T16:20,25.0,8.9
2026-08-21T16:30,26.0,8.8
2026-08-21T16:40,26.0,8.8
2026-08-21T16:50,26.0,8.8
2026-08-21T17:00,26.0,8.8
2026-08-21T17:10,26.0,8.8
2026-08-21T17:20,26.0,8.8
2026-08-21T17:30,27.0,8.8
2026-08-21T17:40,25.0,8.9
2026-08-21T17:50,26.0,9.0
2026-08-21T18:00,25.0,9.0
2026-08-21T18:10,25.0,8.9
2026-08-21T18:20,25.0,8.8
2026-08-21T18:30,25.0,8.8
2026-08-21T18:40,26.0,8.8
2026-08-21T18:50,26.0,8.8
2026-08-21T19:00,26.0,8.7
2026-08-21T19:10,26.0,8.7
2026-08-21T19:20,26.0,8.7
2026-08-21T19:30,26.0,8.7
2026-08-21T19:40,26.0,8.7
2026-08-21T19:50,26.0,8.7
2026-08-21T20:00,26.0,8.7
2026-08-21T20:10,27.0,8.8
2026-08-21T20:20,26.0,8.8
2026-08-21T20:30,26.0,8.7
2026-08-21T20:40,26.0,8.7
2026-08-21T20:50,26.0,8.7
2026-08-21T21:00,26.0,8.7
2026-08-21T21:10,26.0,8.7
2026-08-21T21:20,26.0,8.7
2026-08-21T21:30,26.0,8.6
2026-08-21T21:40,26.0,8.6
2026-08-21T21:50,26.0,8.6
2026-08-21T22:00,26.0,8.5
2026-08-21T22:10,26.0,8.5
2026-08-21T22:20,26.0,8.5
2026-08-21T22:30,26.0,8.4
2026-08-21T22:40,26.0,8.4
2026-08-21T22:50,26.0,8.4
2026-08-21T23:00,26.0,8.4
2026-08-21T23:10,26.0,8.3
2026-08-21T23:20,26.0,8.3
2026-08-21T23:30,26.0,8.3
2026-08-21T23:40,26.0,8.3
2026-08-21T23:50,26.0,8.2
2026-08-22T00:00,26.0,8.2
2026-08-22T00:10,26.0,8.2
2026-08-22T00:20,26.0,8.2
2026-08-22T00:30,26.0,8.2
2026-08-22T00:40,26.0,8.2
2026-08-22T00:50,26.0,8.1
2026-08-22T01:00,26.0,8.1
2026-08-22T01:10,26.0,8.1
2026-08-22T01:20,26.0,8.1
2026-08-22T01:30,26.0,8.1
2026-08-22T01:40,26.0,8.1
2026-08-22T01:50,26.0,8.1
2026-08-22T02:00,26.0,8.1
2026-08-22T02:10,26.0,8.1
2026-08-22T02:20,26.0,8.1
2026-08-22T02:30,26.0,8.1
2026-08-22T02:40,26.0,8.1
2026-08-22T02:50,26.0,8.1
2026-08-22T03:00,26.0,8.1
2026-08-22T03:10,26.0,8.1
2026-08-22T03:20,26.0,8.0
2026-08-22T03:30,25.0,8.0
2026-08-22T03:40,26.0,8.0
2026-08-22T03:50,26.0,8.0
2026-08-22T04:00,26.0,8.0
2026-08-22T04:10,26.0,8.0
2026-08-22T04:20,26.0,8.0
2026-08-22T04:30,26.0,8.0
2026-08-22T04:40,25.0,8.0
2026-08-22T04:50,25.0,8.0
2026-08-22T05:00,26.0,8.0
2026-08-22T05:10,26.0,8.0
2026-08-22T05:20,26.0,8.0
2026-08-22T05:30,26.0,8.0
2026-08-22T05:40,26.0,8.0
2026-08-22T05:50,25.0,8.0
2026-08-22T06:00,26.0,8.0
2026-08-22T06:10,26.0,8.0
2026-08-22T06:20,26.0,8.0
2026-08-22T06:30,26.0,8.0
2026-08-22T06:40,26.0,8.0
2026-08-22T06:50,26.0,8.0
2026-08-22T07:00,26.0,8.0
2026-08-22T07:10,26.0,8.0
2026-08-22T07:20,26.0,7.9
2026-08-22T07:30,26.0,7.9
2026-08-22T07:40,26.0,7.9
2026-08-22T07:50,25.0,8.0
2026-08-22T08:00,26.0,8.0
2026-08-22T08:10,26.0,8.0
2026-08-22T08:20,26.0,8.0
2026-08-22T08:30,26.0,8.0
2026-08-22T08:40,26.0,8.0
2026-08-22T08:50,26.0,8.1
2026-08-22T09:00,26.0,8.1
2026-08-22T09:10,25.0,8.2
2026-08-22T09:20,26.0,8.2
2026-08-22T09:30,25.0,8.3
2026-08-22T09:40,26.0,8.3
2026-08-22T09:50,26.0,8.4
2026-08-22T10:00,26.0,8.4
2026-08-22T10:10,25.0,8.4
2026-08-22T10:20,26.0,8.5
2026-08-22T10:30,25.0,8.5
2026-08-22T10:40,26.0,8.6
2026-08-22T10:50,26.0,8.8
2026-08-22T11:00,25.0,8.9
2026-08-22T11:10,26.0,9.1
2026-08-22T11:20,26.0,9.3
2026-08-22T11:30,26.0,9.4
2026-08-22T11:40,25.0,9.4
2026-08-22T11:50,25.0,9.6
2026-08-22T12:00,25.0,9.7
2026-08-22T12:10,26.0,9.9
2026-08-22T12:20,25.0,9.9
2026-08-22T12:30,25.0,9.9
2026-08-22T12:40,26.0,10.0
2026-08-22T12:50,26.0,10.1
2026-08-22T13:00,25.0,10.2
2026-08-22T13:10,25.0,10.3
2026-08-22T13:20,25.0,10.4
2026-08-22T13:30,25.0,10.5
2026-08-22T13:40,25.0,10.5
2026-08-22T13:50,25.0,10.5
2026-08-22T14:00,25.0,10.5
2026-08-22T14:10,26.0,10.5
2026-08-22T14:20,25.0,10.5
2026-08-22T14:30,25.0,10.5
2026-08-22T14:40,26.0,10.4
2026-08-22T14:50,26.0,10.4
2026-08-22T15:00,26.0,10.4
2026-08-22T15:10,26.0,10.4
2026-08-22T15:20,26.0,10.3
2026-08-22T15:30,26.0,10.3
2026-08-22T15:40,26.0,10.2
2026-08-22T15:50,26.0,10.1
2026-08-22T16:00,26.0,10.0
2026-08-22T16:10,25.0,10.0
2026-08-22T16:20,26.0,10.0
2026-08-22T16:30,26.0,9.9
2026-08-22T16:40,26.0,9.8
2026-08-22T16:50,26.0,9.8
2026-08-22T17:00,25.0,9.7
2026-08-22T17:10,26.0,9.6
2026-08-22T17:20,26.0,9.6
2026-08-22T17:30,26.0,9.5
2026-08-22T17:40,26.0,9.5
2026-08-22T17:50,26.0,9.4
2026-08-22T18:00,26.0,9.3
2026-08-22T18:10,26.0,9.2
2026-08-22T18:20,26.0,9.1
2026-08-22T18:30,26.0,9.1
2026-08-22T18:40,26.0,9.0
2026-08-22T18:50,26.0,8.9
2026-08-22T19:00,25.0,8.9
2026-08-22T19:10,25.0,8.8
2026-08-22T19:20,26.0,8.7
2026-08-22T19:30,26.0,8.7
2026-08-22T19:40,26.0,8.6
2026-08-22T19:50,25.0,8.5
2026-08-22T20:00,26.0,8.5
2026-08-22T20:10,26.0,8.4
2026-08-22T20:20,25.0,8.3
2026-08-22T20:30,26.0,8.3
2026-08-22T20:40,26.0,8.2
2026-08-22T20:50,26.0,8.2
2026-08-22T21:00,26.0,8.2
2026-08-22T21:10,25.0,8.1
2026-08-22T21:20,25.0,8.1
2026-08-22T21:30,26.0,8.1
2026-08-22T21:40,25.0,8.1
2026-08-22T21:50,25.0,8.0
2026-08-22T22:00,25.0,8.0
2026-08-22T22:10,25.0,8.0
2026-08-22T22:20,26.0,8.0
2026-08-22T22:30,26.0,8.0
2026-08-22T22:40,26.0,8.0
2026-08-22T22:50,26.0,7.9
2026-08-22T23:00,26.0,7.9
2026-08-22T23:10,26.0,7.9
2026-08-22T23:20,26.0,7.9
2026-08-22T23:30,26.0,7.9
2026-08-22T23:40,26.0,7.8
2026-08-22T23:50,26.0,7.8
2026-08-23T00:00,26.0,7.8
2026-08-23T00:10,26.0,7.8
2026-08-23T00:20,26.0,7.8
2026-08-23T00:30,26.0,7.8
2026-08-23T00:40,25.0,7.8
2026-08-23T00:50,26.0,7.8
2026-08-23T01:00,26.0,7.8
2026-08-23T01:10,26.0,7.8
2026-08-23T01:20,26.0,7.8
2026-08-23T01:30,26.0,7.8
2026-08-23T01:40,26.0,7.8
2026-08-23T01:50,26.0,7.8
2026-08-23T02:00,26.0,7.7
2026-08-23T02:10,26.0,7.7
2026-08-23T02:20,26.0,7.7
2026-08-23T02:30,26.0,7.7
2026-08-23T02:40,25.0,7.7
2026-08-23T02:50,26.0,7.7
2026-08-23T03:00,26.0,7.6
2026-08-23T03:10,26.0,7.6
2026-08-23T03:20,26.0,7.6
2026-08-23T03:30,26.0,7.6
2026-08-23T03:40,26.0,7.6
2026-08-23T03:50,26.0,7.6
2026-08-23T04:00,26.0,7.6
2026-08-23T04:10,26.0,7.6
2026-08-23T04:20,26.0,7.6
2026-08-23T04:30,26.0,7.6
2026-08-23T04:40,26.0,7.5
2026-08-23T04:50,26.0,7.5
2026-08-23T05:00,25.0,7.5
2026-08-23T05:10,26.0,7.5
2026-08-23T05:20,26.0,7.5
2026-08-23T05:30,26.0,7.5
2026-08-23T05:40,26.0,7.5
2026-08-23T05:50,26.0,7.5
2026-08-23T06:00,26.0,7.5
2026-08-23T06:10,27.0,7.5
2026-08-23T06:20,27.0,7.6
2026-08-23T06:30,26.0,7.6
2026-08-23T06:40,26.0,7.5
2026-08-23T06:50,26.0,7.6
2026-08-23T07:00,26.0,7.6
2026-08-23T07:10,27.0,7.6
2026-08-23T07:20,26.0,7.6
2026-08-23T07:30,26.0,7.6
2026-08-23T07:40,26.0,7.6
2026-08-23T07:50,26.0,7.6
2026-08-23T08:00,26.0,7.7
2026-08-23T08:10,27.0,7.7
2026-08-23T08:20,27.0,7.7
2026-08-23T08:30,26.0,7.7
2026-08-23T08:40,26.0,7.8
2026-08-23T08:50,26.0,7.8
2026-08-23T09:00,26.0,7.8
2026-08-23T09:10,25.0,7.9
2026-08-23T09:20,26.0,8.0
2026-08-23T09:30,26.0,8.1
2026-08-23T09:40,26.0,8.2
2026-08-23T09:50,26.0,8.3
2026-08-23T10:00,26.0,8.4
2026-08-23T10:10,26.0,8.4
2026-08-23T10:20,26.0,8.5
2026-08-23T10:30,26.0,8.6
2026-08-23T10:40,14.0,8.8
2026-08-23T10:50,15.0,10.0
2026-08-23T11:00,16.0,10.2
2026-08-23T11:10,26.0,11.2
2026-08-23T11:20,26.0,11.4
2026-08-23T11:30,34.0,10.4
2026-08-23T11:40,32.0,9.5
2026-08-23T11:50,28.0,9.5
2026-08-23T12:00,27.0,9.6
2026-08-23T12:10,27.0,9.7
2026-08-23T12:20,26.0,9.8
2026-08-23T12:30,26.0,9.9
2026-08-23T12:40,26.0,10.0
2026-08-23T12:50,26.0,10.1
2026-08-23T13:00,26.0,10.1
2026-08-23T13:10,26.0,10.1
2026-08-23T13:20,26.0,10.1
2026-08-23T13:30,26.0,10.2
2026-08-23T13:40,26.0,10.3
2026-08-23T13:50,26.0,10.3
2026-08-23T14:00,26.0,10.3
2026-08-23T14:10,26.0,10.3
2026-08-23T14:20,26.0,10.3
2026-08-23T14:30,27.0,10.3
2026-08-23T14:40,27.0,10.3
2026-08-23T14:50,26.0,10.2
2026-08-23T15:00,26.0,10.2
2026-08-23T15:10,26.0,10.2
2026-08-23T15:20,26.0,10.2
2026-08-23T15:30,26.0,10.2
2026-08-23T15:40,26.0,10.2
2026-08-23T15:50,26.0,10.1
2026-08-23T16:00,26.0,10.0
2026-08-23T16:10,26.0,9.9
2026-08-23T16:20,26.0,9.8
2026-08-23T16:30,26.0,9.6
2026-08-23T16:40,26.0,9.6
2026-08-23T16:50,26.0,9.5
2026-08-23T17:00,26.0,9.5
2026-08-23T17:10,26.0,9.4
2026-08-23T17:20,26.0,9.4
2026-08-23T17:30,26.0,9.3
2026-08-23T17:40,26.0,9.3
2026-08-23T17:50,26.0,9.2
2026-08-23T18:00,26.0,9.2
2026-08-23T18:10,26.0,9.1
2026-08-23T18:20,26.0,9.1
2026-08-23T18:30,26.0,9.0
2026-08-23T18:40,26.0,9.0
2026-08-23T18:50,26.0,8.9
2026-08-23T19:00,26.0,8.8
2026-08-23T19:10,26.0,8.8
2026-08-23T19:20,26.0,8.7
2026-08-23T19:30,26.0,8.7
2026-08-23T19:40,26.0,8.6
2026-08-23T19:50,27.0,8.6
2026-08-23T20:00,26.0,8.5
2026-08-23T20:10,26.0,8.5
2026-08-23T20:20,26.0,8.4
2026-08-23T20:30,27.0,8.4
2026-08-23T20:40,27.0,8.4
2026-08-23T20:50,26.0,8.3
2026-08-23T21:00,26.0,8.3
2026-08-23T21:10,27.0,8.3
2026-08-23T21:20,26.0,8.3
2026-08-23T21:30,26.0,8.2
2026-08-23T21:40,26.0,8.2
2026-08-23T21:50,26.0,8.2
2026-08-23T22:00,26.0,8.2
2026-08-23T22:10,27.0,8.2
2026-08-23T22:20,27.0,8.2
2026-08-23T22:30,27.0,8.1
2026-08-23T22:40,27.0,8.1
2026-08-23T22:50,26.0,8.1
2026-08-23T23:00,26.0,8.1
2026-08-23T23:10,27.0,8.1
2026-08-23T23:20,26.0,8.1
2026-08-23T23:30,26.0,8.1
2026-08-23T23:40,27.0,8.1
2026-08-23T23:50,26.0,8.1
2026-08-24T00:00,26.0,8.1
2026-08-24T00:10,26.0,8.1
2026-08-24T00:20,27.0,8.1
2026-08-24T00:30,27.0,8.0
2026-08-24T00:40,27.0,8.0
2026-08-24T00:50,26.0,8.1
2026-08-24T01:00,27.0,8.1
2026-08-24T01:10,27.0,8.1
2026-08-24T01:20,27.0,8.0
2026-08-24T01:30,27.0,8.0
2026-08-24T01:40,27.0,8.0
2026-08-24T01:50,26.0,8.0
2026-08-24T02:00,27.0,8.0
2026-08-24T02:10,26.0,8.0
2026-08-24T02:20,26.0,8.0
2026-08-24T02:30,27.0,8.0
2026-08-24T02:40,26.0,8.0
2026-08-24T02:50,27.0,8.0
2026-08-24T03:00,27.0,8.0
2026-08-24T03:10,26.0,8.0
2026-08-24T03:20,27.0,8.0
2026-08-24T03:30,27.0,8.0
2026-08-24T03:40,27.0,7.9
2026-08-24T03:50,26.0,7.9
2026-08-24T04:00,26.0,7.9
2026-08-24T04:10,26.0,7.9
2026-08-24T04:20,26.0,7.9
2026-08-24T04:30,26.0,7.9
2026-08-24T04:40,26.0,7.9
2026-08-24T04:50,26.0,7.9
2026-08-24T05:00,26.0,7.9
2026-08-24T05:10,26.0,7.9
2026-08-24T05:20,26.0,7.9
2026-08-24T05:30,26.0,7.9
2026-08-24T05:40,26.0,7.9
2026-08-24T05:50,26.0,7.9
2026-08-24T06:00,26.0,7.9
2026-08-24T06:10,27.0,7.9
2026-08-24T06:20,27.0,7.9
2026-08-24T06:30,27.0,7.9
2026-08-24T06:40,27.0,7.8
2026-08-24T06:50,27.0,7.8
2026-08-24T07:00,26.0,7.8
2026-08-24T07:10,26.0,7.8
2026-08-24T07:20,27.0,7.8
2026-08-24T07:30,27.0,7.7
2026-08-24T07:40,26.0,7.7
2026-08-24T07:50,26.0,7.8
2026-08-24T08:00,26.0,7.8
2026-08-24T08:10,26.0,7.8
2026-08-24T08:20,26.0,7.8
2026-08-24T08:30,26.0,7.8
2026-08-24T08:40,26.0,7.9
2026-08-24T08:50,26.0,7.9
2026-08-24T09:00,26.0,8.0
2026-08-24T09:10,26.0,8.0
2026-08-24T09:20,27.0,8.1
2026-08-24T09:30,26.0,8.2
2026-08-24T09:40,26.0,8.3
2026-08-24T09:50,27.0,8.4
2026-08-24T10:00,27.0,8.5
2026-08-24T10:10,26.0,8.6
2026-08-24T10:20,26.0,8.7
2026-08-24T10:30,26.0,8.9
2026-08-24T10:40,26.0,9.0
2026-08-24T10:50,26.0,9.1
2026-08-24T11:00,26.0,9.3
2026-08-24T11:10,26.0,9.5
2026-08-24T11:20,26.0,9.5
2026-08-24T11:30,26.0,9.7
2026-08-24T11:40,26.0,9.8
2026-08-24T11:50,26.0,9.9
2026-08-24T12:00,26.0,10.0
2026-08-24T12:10,26.0,10.1
2026-08-24T12:20,26.0,10.2
2026-08-24T12:30,26.0,10.3
2026-08-24T12:40,26.0,10.4
2026-08-24T12:50,26.0,10.5
2026-08-24T13:00,26.0,10.5
2026-08-24T13:10,26.0,10.6
2026-08-24T13:20,26.0,10.6
2026-08-24T13:30,26.0,10.7
2026-08-24T13:40,26.0,10.7
2026-08-24T13:50,26.0,10.7
2026-08-24T14:00,26.0,10.7
2026-08-24T14:10,26.0,10.7
2026-08-24T14:20,26.0,10.7
2026-08-24T14:30,26.0,10.7
2026-08-24T14:40,26.0,10.7
2026-08-24T14:50,26.0,10.7
2026-08-24T15:00,26.0,10.6
2026-08-24T15:10,26.0,10.6
2026-08-24T15:20,26.0,10.5
2026-08-24T15:30,26.0,10.5
2026-08-24T15:40,26.0,10.5
2026-08-24T15:50,26.0,10.4
2026-08-24T16:00,26.0,10.4
2026-08-24T16:10,26.0,10.3
2026-08-24T16:20,26.0,10.2
2026-08-24T16:30,26.0,10.1
2026-08-24T16:40,26.0,10.0
2026-08-24T16:50,26.0,9.9
2026-08-24T17:00,26.0,9.9
2026-08-24T17:10,26.0,9.8
2026-08-24T17:20,26.0,9.8
2026-08-24T17:30,26.0,9.7
2026-08-24T17:40,26.0,9.7
2026-08-24T17:50,26.0,9.6
2026-08-24T18:00,26.0,9.6
2026-08-24T18:10,26.0,9.5
2026-08-24T18:20,26.0,9.4
2026-08-24T18:30,26.0,9.3
2026-08-24T18:40,26.0,9.3
2026-08-24T18:50,26.0,9.2
2026-08-24T19:00,25.0,9.2
2026-08-24T19:10,26.0,9.1
2026-08-24T19:20,25.0,9.1
2026-08-24T19:30,25.0,9.0
2026-08-24T19:40,26.0,8.9
2026-08-24T19:50,26.0,8.9
2026-08-24T20:00,26.0,8.8
2026-08-24T20:10,26.0,8.8
2026-08-24T20:20,26.0,8.8
2026-08-24T20:30,26.0,8.7
2026-08-24T20:40,26.0,8.7
2026-08-24T20:50,26.0,8.6
2026-08-24T21:00,26.0,8.6
2026-08-24T21:10,26.0,8.6
2026-08-24T21:20,26.0,8.5
2026-08-24T21:30,25.0,8.5
2026-08-24T21:40,26.0,8.5
2026-08-24T21:50,26.0,8.5
2026-08-24T22:00,26.0,8.5
2026-08-24T22:10,25.0,8.4
2026-08-24T22:20,26.0,8.4
2026-08-24T22:30,26.0,8.4
2026-08-24T22:40,26.0,8.4
2026-08-24T22:50,26.0,8.4
2026-08-24T23:00,26.0,8.4
2026-08-24T23:10,25.0,8.4
2026-08-24T23:20,26.0,8.3
2026-08-24T23:30,25.0,8.3
2026-08-24T23:40,26.0,8.3
2026-08-24T23:50,26.0,8.2
2026-08-25T00:00,26.0,8.2
2026-08-25T00:10,25.0,8.2
2026-08-25T00:20,26.0,8.2
2026-08-25T00:30,26.0,8.2
2026-08-25T00:40,26.0,8.1
2026-08-25T00:50,26.0,8.1
2026-08-25T01:00,26.0,8.1
2026-08-25T01:10,26.0,8.1
2026-08-25T01:20,26.0,8.1
2026-08-25T01:30,26.0,8.0
2026-08-25T01:40,26.0,8.0
2026-08-25T01:50,26.0,8.0
2026-08-25T02:00,26.0,8.0
2026-08-25T02:10,26.0,8.0
2026-08-25T02:20,26.0,8.0
2026-08-25T02:30,26.0,8.0
2026-08-25T02:40,26.0,7.9
2026-08-25T02:50,26.0,7.9
2026-08-25T03:00,26.0,7.9
2026-08-25T03:10,26.0,7.9
2026-08-25T03:20,26.0,7.9
2026-08-25T03:30,26.0,7.9
2026-08-25T03:40,26.0,7.9
2026-08-25T03:50,26.0,7.9
2026-08-25T04:00,26.0,7.9
2026-08-25T04:10,26.0,7.9
2026-08-25T04:20,26.0,7.9
2026-08-25T04:30,26.0,7.9
2026-08-25T04:40,26.0,7.9
2026-08-25T04:50,26.0,7.9
2026-08-25T05:00,26.0,7.9
2026-08-25T05:10,26.0,7.9
2026-08-25T05:20,26.0,7.9
2026-08-25T05:30,26.0,7.9
2026-08-25T05:40,26.0,7.9
2026-08-25T05:50,26.0,7.9
2026-08-25T06:00,26.0,7.9
2026-08-25T06:10,27.0,7.9
2026-08-25T06:20,27.0,7.9
2026-08-25T06:30,27.0,7.9
2026-08-25T06:40,26.0,7.9
2026-08-25T06:50,26.0,8.0
2026-08-25T07:00,27.0,8.0
2026-08-25T07:10,26.0,8.0
2026-08-25T07:20,26.0,8.0
2026-08-25T07:30,26.0,8.0
2026-08-25T07:40,26.0,8.0
2026-08-25T07:50,26.0,8.1
2026-08-25T08:00,26.0,8.1
2026-08-25T08:10,26.0,8.1
2026-08-25T08:20,26.0,8.1
2026-08-25T08:30,26.0,8.1
2026-08-25T08:40,26.0,8.1
2026-08-25T08:50,26.0,8.1
2026-08-25T09:00,26.0,8.1
2026-08-25T09:10,26.0,8.2
2026-08-25T09:20,26.0,8.2
2026-08-25T09:30,26.0,8.2
2026-08-25T09:40,26.0,8.3
2026-08-25T09:50,26.0,8.3
2026-08-25T10:00,26.0,8.4
2026-08-25T10:10,26.0,8.4
2026-08-25T10:20,26.0,8.5
2026-08-25T10:30,26.0,8.6
2026-08-25T10:40,26.0,8.7
2026-08-25T10:50,26.0,8.7
2026-08-25T11:00,26.0,8.8
2026-08-25T11:10,26.0,8.9
2026-08-25T11:20,26.0,8.9
2026-08-25T11:30,26.0,8.9
2026-08-25T11:40,26.0,9.0
2026-08-25T11:50,26.0,9.0
2026-08-25T12:00,26.0,9.0
2026-08-25T12:10,26.0,9.0
2026-08-25T12:20,26.0,9.0
2026-08-25T12:30,26.0,8.9
2026-08-25T12:40,25.0,8.9
2026-08-25T12:50,26.0,8.9
2026-08-25T13:00,26.0,8.9
2026-08-25T13:10,26.0,8.9
2026-08-25T13:20,26.0,8.8
2026-08-25T13:30,26.0,8.8
2026-08-25T13:40,26.0,8.9
2026-08-25T13:50,26.0,9.0
2026-08-25T14:00,26.0,9.0
2026-08-25T14:10,26.0,9.0
2026-08-25T14:20,26.0,9.0
2026-08-25T14:30,26.0,9.0
2026-08-25T14:40,26.0,9.0
2026-08-25T14:50,25.0,9.0
2026-08-25T15:00,26.0,9.0
2026-08-25T15:10,26.0,9.0
2026-08-25T15:20,26.0,9.0
2026-08-25T15:30,26.0,9.0
2026-08-25T15:40,26.0,9.0
2026-08-25T15:50,26.0,9.0
2026-08-25T16:00,26.0,9.0
2026-08-25T16:10,26.0,9.0
2026-08-25T16:20,25.0,9.0
2026-08-25T16:30,26.0,9.0
2026-08-25T16:40,25.0,8.9
2026-08-25T16:50,26.0,9.0
2026-08-25T17:00,26.0,9.0
2026-08-25T17:10,25.0,9.0
2026-08-25T17:20,26.0,8.9
2026-08-25T17:30,25.0,8.9
2026-08-25T17:40,26.0,8.9
2026-08-25T17:50,26.0,8.9
2026-08-25T18:00,25.0,8.9
2026-08-25T18:10,26.0,8.9
2026-08-25T18:20,26.0,8.8
2026-08-25T18:30,25.0,8.8
2026-08-25T18:40,25.0,8.7
2026-08-25T18:50,25.0,8.7
2026-08-25T19:00,25.0,8.7
2026-08-25T19:10,25.0,8.6
2026-08-25T19:20,25.0,8.6
2026-08-25T19:30,25.0,8.6
2026-08-25T19:40,25.0,8.5
2026-08-25T19:50,25.0,8.5
2026-08-25T20:00,26.0,8.4
2026-08-25T20:10,25.0,8.4
2026-08-25T20:20,25.0,8.4
2026-08-25T20:30,25.0,8.3
2026-08-25T20:40,25.0,8.3
2026-08-25T20:50,25.0,8.2
2026-08-25T21:00,25.0,8.2
2026-08-25T21:10,25.0,8.2
2026-08-25T21:20,26.0,8.1
2026-08-25T21:30,26.0,8.1
2026-08-25T21:40,25.0,8.0
2026-08-25T21:50,25.0,8.0
2026-08-25T22:00,26.0,8.0
2026-08-25T22:10,25.0,8.0
2026-08-25T22:20,26.0,7.9
2026-08-25T22:30,26.0,7.9
2026-08-25T22:40,26.0,7.9
2026-08-25T22:50,25.0,7.9
2026-08-25T23:00,25.0,7.8
2026-08-25T23:10,26.0,7.8
2026-08-25T23:20,25.0,7.8
2026-08-25T23:30,25.0,7.8
2026-08-25T23:40,25.0,7.8
2026-08-25T23:50,25.0,7.8
2026-08-26T00:00,26.0,7.8
2026-08-26T00:10,26.0,7.8
2026-08-26T00:20,25.0,7.8
2026-08-26T00:30,25.0,7.8
2026-08-26T00:40,25.0,7.8
2026-08-26T00:50,26.0,7.8
2026-08-26T01:00,26.0,7.8
2026-08-26T01:10,26.0,7.8
2026-08-26T01:20,26.0,7.9
2026-08-26T01:30,26.0,7.9
2026-08-26T01:40,26.0,7.9
2026-08-26T01:50,26.0,7.9
2026-08-26T02:00,26.0,7.9
2026-08-26T02:10,26.0,7.9
2026-08-26T02:20,25.0,7.9
2026-08-26T02:30,26.0,7.9
2026-08-26T02:40,26.0,7.9
2026-08-26T02:50,26.0,7.9
2026-08-26T03:00,26.0,7.9
2026-08-26T03:10,26.0,7.9
2026-08-26T03:20,26.0,7.9
2026-08-26T03:30,26.0,7.9
2026-08-26T03:40,26.0,7.9
2026-08-26T03:50,26.0,7.9
2026-08-26T04:00,26.0,7.9
2026-08-26T04:10,26.0,7.9
2026-08-26T04:20,26.0,7.9
2026-08-26T04:30,26.0,7.9
2026-08-26T04:40,26.0,7.9
2026-08-26T04:50,25.0,7.9
2026-08-26T05:00,26.0,7.9
2026-08-26T05:10,26.0,7.9
2026-08-26T05:20,26.0,7.9
2026-08-26T05:30,26.0,7.9
2026-08-26T05:40,26.0,7.9
2026-08-26T05:50,26.0,7.9
2026-08-26T06:00,26.0,7.9
2026-08-26T06:10,26.0,7.9
2026-08-26T06:20,27.0,7.9
2026-08-26T06:30,26.0,7.9
2026-08-26T06:40,26.0,7.9
2026-08-26T06:50,26.0,7.9
2026-08-26T07:00,25.0,7.9
2026-08-26T07:10,26.0,7.9
2026-08-26T07:20,26.0,7.9
2026-08-26T07:30,26.0,7.9
2026-08-26T07:40,26.0,7.9
2026-08-26T07:50,26.0,7.9
2026-08-26T08:00,26.0,7.9
2026-08-26T08:10,26.0,7.9
2026-08-26T08:20,26.0,7.9
2026-08-26T08:30,26.0,7.9
2026-08-26T08:40,27.0,8.0
2026-08-26T08:50,25.0,8.0
2026-08-26T09:00,25.0,8.0
2026-08-26T09:10,26.0,8.1
2026-08-26T09:20,26.0,8.2
2026-08-26T09:30,25.0,8.3
2026-08-26T09:40,25.0,8.3
2026-08-26T09:50,25.0,8.4
2026-08-26T10:00,26.0,8.5
2026-08-26T10:10,25.0,8.6
2026-08-26T10:20,26.0,8.7
2026-08-26T10:30,26.0,8.8
2026-08-26T10:40,25.0,9.0
2026-08-26T10:50,26.0,9.1
2026-08-26T11:00,26.0,9.1
2026-08-26T11:10,26.0,9.3
2026-08-26T11:20,25.0,9.4
2026-08-26T11:30,25.0,9.5
2026-08-26T11:40,26.0,9.6
2026-08-26T11:50,26.0,9.7
2026-08-26T12:00,26.0,9.9
2026-08-26T12:10,26.0,10.0
2026-08-26T12:20,25.0,10.0
2026-08-26T12:30,25.0,10.1
2026-08-26T12:40,26.0,10.2
2026-08-26T12:50,26.0,10.3
2026-08-26T13:00,26.0,10.4
2026-08-26T13:10,26.0,10.4
2026-08-26T13:20,26.0,10.5
2026-08-26T13:30,25.0,10.5
2026-08-26T13:40,25.0,10.6
2026-08-26T13:50,26.0,10.6
2026-08-26T14:00,26.0,10.6
2026-08-26T14:10,26.0,10.7
2026-08-26T14:20,26.0,10.7
2026-08-26T14:30,26.0,10.7
2026-08-26T14:40,27.0,10.7
2026-08-26T14:50,26.0,10.7
2026-08-26T15:00,27.0,10.7
2026-08-26T15:10,26.0,10.6
2026-08-26T15:20,26.0,10.6
2026-08-26T15:30,26.0,10.6
2026-08-26T15:40,26.0,10.5
2026-08-26T15:50,27.0,10.5
2026-08-26T16:00,27.0,10.4
2026-08-26T16:10,26.0,10.3
2026-08-26T16:20,26.0,10.2
2026-08-26T16:30,26.0,10.1
2026-08-26T16:40,26.0,10.1
2026-08-26T16:50,26.0,10.1
2026-08-26T17:00,26.0,10.0
2026-08-26T17:10,27.0,9.9
2026-08-26T17:20,26.0,9.8
2026-08-26T17:30,26.0,9.7
2026-08-26T17:40,26.0,9.7
2026-08-26T17:50,26.0,9.6
2026-08-26T18:00,26.0,9.6
2026-08-26T18:10,26.0,9.6
2026-08-26T18:20,27.0,9.5
2026-08-26T18:30,27.0,9.4
2026-08-26T18:40,27.0,9.4
2026-08-26T18:50,26.0,9.3
2026-08-26T19:00,27.0,9.2
2026-08-26T19:10,26.0,9.1
2026-08-26T19:20,26.0,9.1
2026-08-26T19:30,26.0,9.1
2026-08-26T19:40,26.0,9.0
2026-08-26T19:50,26.0,8.9
2026-08-26T20:00,27.0,8.8
2026-08-26T20:10,26.0,8.8
2026-08-26T20:20,26.0,8.7
2026-08-26T20:30,27.0,8.7
2026-08-26T20:40,27.0,8.6
2026-08-26T20:50,27.0,8.6
2026-08-26T21:00,26.0,8.6
2026-08-26T21:10,27.0,8.5
2026-08-26T21:20,27.0,8.5
2026-08-26T21:30,26.0,8.5
2026-08-26T21:40,27.0,8.4
2026-08-26T21:50,27.0,8.4
2026-08-26T22:00,26.0,8.4
2026-08-26T22:10,26.0,8.4
2026-08-26T22:20,27.0,8.4
2026-08-26T22:30,26.0,8.4
2026-08-26T22:40,26.0,8.3
2026-08-26T22:50,26.0,8.3
2026-08-26T23:00,27.0,8.3
2026-08-26T23:10,26.0,8.3
2026-08-26T23:20,26.0,8.3
2026-08-26T23:30,27.0,8.3
2026-08-26T23:40,26.0,8.3
2026-08-26T23:50,26.0,8.3
2026-08-27T00:00,26.0,8.3
2026-08-27T00:10,26.0,8.2
2026-08-27T00:20,26.0,8.2
2026-08-27T00:30,26.0,8.2
2026-08-27T00:40,26.0,8.2
2026-08-27T00:50,26.0,8.2
2026-08-27T01:00,26.0,8.1
2026-08-27T01:10,26.0,8.1
2026-08-27T01:20,26.0,8.1
2026-08-27T01:30,26.0,8.1
2026-08-27T01:40,26.0,8.1
2026-08-27T01:50,26.0,8.1
2026-08-27T02:00,26.0,8.1
2026-08-27T02:10,26.0,8.1
2026-08-27T02:20,26.0,8.0
2026-08-27T02:30,26.0,8.0
2026-08-27T02:40,27.0,8.0
2026-08-27T02:50,27.0,8.0
2026-08-27T03:00,26.0,8.0
2026-08-27T03:10,26.0,8.0
2026-08-27T03:20,26.0,8.0
2026-08-27T03:30,26.0,8.0
2026-08-27T03:40,26.0,8.0
2026-08-27T03:50,26.0,7.9
2026-08-27T04:00,26.0,7.9
2026-08-27T04:10,26.0,7.9
2026-08-27T04:20,26.0,7.9
2026-08-27T04:30,26.0,7.9
2026-08-27T04:40,26.0,7.9
2026-08-27T04:50,26.0,7.9
2026-08-27T05:00,26.0,7.8
2026-08-27T05:10,26.0,7.8
2026-08-27T05:20,26.0,7.8
2026-08-27T05:30,26.0,7.8
2026-08-27T05:40,26.0,7.8
2026-08-27T05:50,26.0,7.8
2026-08-27T06:00,26.0,7.8
2026-08-27T06:10,26.0,7.8
2026-08-27T06:20,27.0,7.8
2026-08-27T06:30,27.0,7.8
2026-08-27T06:40,26.0,7.7
2026-08-27T06:50,26.0,7.8
2026-08-27T07:00,26.0,7.8
2026-08-27T07:10,26.0,7.8
2026-08-27T07:20,26.0,7.7
2026-08-27T07:30,26.0,7.7
2026-08-27T07:40,26.0,7.7
2026-08-27T07:50,26.0,7.7
2026-08-27T08:00,26.0,7.8
2026-08-27T08:10,27.0,7.8
2026-08-27T08:20,26.0,7.8
2026-08-27T08:30,27.0,7.9
2026-08-27T08:40,27.0,7.9
2026-08-27T08:50,27.0,7.9
2026-08-27T09:00,25.0,8.0
2026-08-27T09:10,23.0,8.1
2026-08-27T09:20,26.0,8.3
2026-08-27T09:30,26.0,8.4
2026-08-27T09:40,26.0,8.3
2026-08-27T09:50,28.0,8.3
2026-08-27T10:00,26.0,8.4
2026-08-27T10:10,27.0,8.6
2026-08-27T10:20,26.0,8.8
2026-08-27T10:30,25.0,8.6
2026-08-27T10:40,26.0,8.6
2026-08-27T10:50,24.0,8.7
2026-08-27T11:00,15.0,9.3
2026-08-27T11:10,16.0,10.0
2026-08-27T11:20,16.0,10.9
2026-08-27T11:30,26.0,11.5
2026-08-27T11:40,30.0,11.1
2026-08-27T11:50,35.0,10.1
2026-08-27T12:00,28.0,9.7
2026-08-27T12:10,26.0,9.7
2026-08-27T12:20,25.0,9.7
2026-08-27T12:30,25.0,9.8
2026-08-27T12:40,25.0,10.0
2026-08-27T12:50,25.0,10.1
2026-08-27T13:00,25.0,10.3
2026-08-27T13:10,25.0,10.4
2026-08-27T13:20,26.0,10.5
2026-08-27T13:30,26.0,10.6
2026-08-27T13:40,26.0,10.7
2026-08-27T13:50,26.0,10.8
2026-08-27T14:00,26.0,10.8
2026-08-27T14:10,26.0,10.9
2026-08-27T14:20,26.0,10.9
2026-08-27T14:30,26.0,10.8
2026-08-27T14:40,26.0,10.8
2026-08-27T14:50,24.0,10.8
2026-08-27T15:00,24.0,11.0
2026-08-27T15:10,24.0,11.0
2026-08-27T15:20,25.0,10.9
2026-08-27T15:30,24.0,11.0
2026-08-27T15:40,25.0,10.8
2026-08-27T15:50,26.0,11.1
2026-08-27T16:00,26.0,10.9
2026-08-27T16:10,25.0,10.7
2026-08-27T16:20,26.0,10.5
2026-08-27T16:30,25.0,10.4
2026-08-27T16:40,25.0,10.3
2026-08-27T16:50,26.0,10.2
2026-08-27T17:00,26.0,10.1
2026-08-27T17:10,25.0,10.1
2026-08-27T17:20,25.0,10.0
2026-08-27T17:30,26.0,10.0
2026-08-27T17:40,26.0,9.9
2026-08-27T17:50,26.0,9.8
2026-08-27T18:00,26.0,9.8
2026-08-27T18:10,26.0,9.8
2026-08-27T18:20,26.0,9.7
2026-08-27T18:30,25.0,9.6
2026-08-27T18:40,26.0,9.6
2026-08-27T18:50,26.0,9.5
2026-08-27T19:00,26.0,9.5
2026-08-27T19:10,26.0,9.4
2026-08-27T19:20,26.0,9.4
2026-08-27T19:30,28.0,9.3
2026-08-27T19:40,29.0,9.1
2026-08-27T19:50,27.0,9.0
2026-08-27T20:00,27.0,8.9
2026-08-27T20:10,26.0,8.9
2026-08-27T20:20,25.0,8.7
2026-08-27T20:30,25.0,8.6
2026-08-27T20:40,25.0,8.6
2026-08-27T20:50,25.0,8.6
2026-08-27T21:00,25.0,8.5
2026-08-27T21:10,25.0,8.5
2026-08-27T21:20,25.0,8.5
2026-08-27T21:30,25.0,8.5
2026-08-27T21:40,25.0,8.4
2026-08-27T21:50,25.0,8.4
2026-08-27T22:00,25.0,8.4
2026-08-27T22:10,25.0,8.4
2026-08-27T22:20,25.0,8.3
2026-08-27T22:30,25.0,8.3
2026-08-27T22:40,26.0,8.3
2026-08-27T22:50,26.0,8.3
2026-08-27T23:00,25.0,8.3
2026-08-27T23:10,25.0,8.3
2026-08-27T23:20,25.0,8.2
2026-08-27T23:30,25.0,8.2
2026-08-27T23:40,25.0,8.2
2026-08-27T23:50,25.0,8.2
2026-08-28T00:00,25.0,8.2
2026-08-28T00:10,25.0,8.2
2026-08-28T00:20,25.0,8.1
2026-08-28T00:30,25.0,8.1
2026-08-28T00:40,25.0,8.1
2026-08-28T00:50,25.0,8.1
2026-08-28T01:00,25.0,8.1
2026-08-28T01:10,25.0,8.1
2026-08-28T01:20,25.0,8.1
2026-08-28T01:30,25.0,8.1
2026-08-28T01:40,25.0,8.1
2026-08-28T01:50,25.0,8.1
2026-08-28T02:00,26.0,8.0
2026-08-28T02:10,25.0,8.1
2026-08-28T02:20,25.0,8.0
2026-08-28T02:30,26.0,8.0
2026-08-28T02:40,26.0,8.0
2026-08-28T02:50,25.0,8.0
2026-08-28T03:00,26.0,8.0
2026-08-28T03:10,26.0,8.0
2026-08-28T03:20,26.0,8.0
2026-08-28T03:30,26.0,8.0
2026-08-28T03:40,26.0,8.0
2026-08-28T03:50,26.0,8.0
2026-08-28T04:00,26.0,7.9
2026-08-28T04:10,26.0,8.0
2026-08-28T04:20,26.0,7.9
2026-08-28T04:30,26.0,7.9
2026-08-28T04:40,26.0,7.9
2026-08-28T04:50,26.0,7.9
2026-08-28T05:00,26.0,7.9
2026-08-28T05:10,26.0,7.9
2026-08-28T05:20,26.0,7.9
2026-08-28T05:30,26.0,7.9
2026-08-28T05:40,26.0,7.9
2026-08-28T05:50,26.0,7.9
2026-08-28T06:00,25.0,7.9
2026-08-28T06:10,26.0,7.9
2026-08-28T06:20,26.0,7.9
2026-08-28T06:30,25.0,7.9
2026-08-28T06:40,25.0,7.9
2026-08-28T06:50,26.0,7.9
2026-08-28T07:00,25.0,7.9
2026-08-28T07:10,25.0,7.9
2026-08-28T07:20,25.0,7.9
2026-08-28T07:30,25.0,7.9
2026-08-28T07:40,26.0,7.9
2026-08-28T07:50,26.0,7.9
2026-08-28T08:00,26.0,7.9
2026-08-28T08:10,26.0,7.9
2026-08-28T08:20,26.0,7.9
2026-08-28T08:30,26.0,8.0
2026-08-28T08:40,26.0,8.0
2026-08-28T08:50,26.0,8.0
2026-08-28T09:00,26.0,8.0
2026-08-28T09:10,26.0,8.1
2026-08-28T09:20,26.0,8.2
2026-08-28T09:30,26.0,8.2
2026-08-28T09:40,25.0,8.3
2026-08-28T09:50,11.0,8.9
2026-08-28T10:00,14.0,10.8
2026-08-28T10:10,21.0,10.0
2026-08-28T10:20,17.0,11.4
2026-08-28T10:30,23.0,10.8
2026-08-28T10:40,25.0,10.3
2026-08-28T10:50,26.0,10.2
2026-08-28T11:00,26.0,10.1
2026-08-28T11:10,29.0,9.7
2026-08-28T11:20,29.0,9.3
2026-08-28T11:30,28.0,9.5
2026-08-28T11:40,27.0,9.6
2026-08-28T11:50,27.0,9.7
2026-08-28T12:00,26.0,9.9
2026-08-28T12:10,26.0,10.1
2026-08-28T12:20,26.0,10.2
2026-08-28T12:30,26.0,10.3
2026-08-28T12:40,26.0,10.4
2026-08-28T12:50,26.0,10.5
2026-08-28T13:00,26.0,10.6
2026-08-28T13:10,26.0,10.6
2026-08-28T13:20,26.0,10.6
2026-08-28T13:30,26.0,10.7
2026-08-28T13:40,26.0,10.7
2026-08-28T13:50,25.0,10.7
2026-08-28T14:00,21.0,11.2
2026-08-28T14:10,18.0,12.1
2026-08-28T14:20,26.0,13.1
2026-08-28T14:30,28.0,11.3
2026-08-28T14:40,27.0,10.7
2026-08-28T14:50,26.0,10.5
2026-08-28T15:00,26.0,10.4
2026-08-28T15:10,26.0,10.3
2026-08-28T15:20,26.0,10.4
2026-08-28T15:30,25.0,10.4
2026-08-28T15:40,25.0,10.5
2026-08-28T15:50,25.0,10.4
2026-08-28T16:00,25.0,10.4
2026-08-28T16:10,25.0,10.4
2026-08-28T16:20,25.0,10.5
2026-08-28T16:30,25.0,10.4
2026-08-28T16:40,25.0,10.3
2026-08-28T16:50,25.0,10.3
2026-08-28T17:00,25.0,10.3
2026-08-28T17:10,25.0,10.2
2026-08-28T17:20,25.0,10.0
2026-08-28T17:30,25.0,10.0
2026-08-28T17:40,25.0,10.1
2026-08-28T17:50,25.0,10.0
2026-08-28T18:00,25.0,9.9
2026-08-28T18:10,25.0,9.8
2026-08-28T18:20,25.0,9.7
2026-08-28T18:30,25.0,9.6
2026-08-28T18:40,25.0,9.5
2026-08-28T18:50,25.0,9.4
2026-08-28T19:00,25.0,9.4
2026-08-28T19:10,25.0,9.3
2026-08-28T19:20,25.0,9.2
2026-08-28T19:30,25.0,9.2
2026-08-28T19:40,25.0,9.1
2026-08-28T19:50,25.0,9.1
2026-08-28T20:00,25.0,9.0
2026-08-28T20:10,25.0,8.9
2026-08-28T20:20,25.0,8.9
2026-08-28T20:30,25.0,8.9
2026-08-28T20:40,25.0,8.8
2026-08-28T20:50,25.0,8.8
2026-08-28T21:00,25.0,8.8
2026-08-28T21:10,25.0,8.8
2026-08-28T21:20,25.0,8.7
2026-08-28T21:30,25.0,8.7
2026-08-28T21:40,25.0,8.7
2026-08-28T21:50,25.0,8.6
2026-08-28T22:00,25.0,8.6
2026-08-28T22:10,25.0,8.6
2026-08-28T22:20,25.0,8.5
2026-08-28T22:30,25.0,8.5
2026-08-28T22:40,25.0,8.5
2026-08-28T22:50,25.0,8.5
2026-08-28T23:00,25.0,8.4
2026-08-28T23:10,25.0,8.4
2026-08-28T23:20,25.0,8.4
2026-08-28T23:30,25.0,8.3
2026-08-28T23:40,25.0,8.3
2026-08-28T23:50,25.0,8.3
2026-08-29T00:00,25.0,8.3
2026-08-29T01:00,25.0,8.3
2026-08-29T02:00,26.0,8.5
2026-08-29T03:00,27.0,9.4
2026-08-29T04:00,26.0,9.0
2026-08-29T05:00,25.0,8.6
2026-08-29T06:00,25.0,8.5
2026-08-29T07:00,24.0,8.4
2026-08-29T08:00,25.0,8.2
2026-08-29T09:00,25.0,8.3
2026-08-29T10:00,25.0,8.7
2026-08-29T11:00,25.0,9.2
2026-08-29T12:00,25.0,9.9
2026-08-29T13:00,25.0,10.5
2026-08-29T14:00,25.0,10.7
2026-08-29T15:00,25.0,10.5
2026-08-29T16:00,25.0,10.0
2026-08-29T17:00,25.0,9.7
2026-08-29T18:00,25.0,9.5
2026-08-29T19:00,25.0,9.1
2026-08-29T20:00,25.0,8.8
2026-08-29T21:00,25.0,8.6
2026-08-29T22:00,25.0,8.4
2026-08-29T23:00,25.0,8.4
2026-08-30T00:00,25.0,8.3
2026-08-30T01:00,25.0,8.3
2026-08-30T02:00,25.0,8.3
2026-08-30T04:00,25.0,8.1
2026-08-30T05:00,25.0,8.0
2026-08-30T06:00,25.0,8.0
2026-08-30T07:00,26.0,7.9
2026-08-30T08:00,26.0,7.9
2026-08-30T09:00,26.0,8.1
2026-08-30T10:00,26.0,8.6
2026-08-30T11:00,26.0,9.3
2026-08-30T12:00,26.0,10.0
2026-08-30T13:00,25.0,10.6
2026-08-30T14:00,25.0,10.4
2026-08-30T15:00,25.0,10.5
2026-08-30T16:00,26.0,10.1
2026-08-30T17:00,26.0,9.9
2026-08-30T18:00,26.0,9.6
2026-08-30T19:00,26.0,9.2
2026-08-30T20:00,26.0,8.9
2026-08-30T21:00,26.0,8.6
2026-08-30T22:00,25.0,8.5
2026-08-30T23:00,26.0,8.4
2026-08-31T00:00,26.0,8.2
2026-08-31T01:00,26.0,8.2
2026-08-31T02:00,26.0,8.1
2026-08-31T03:00,26.0,8.0
2026-08-31T04:00,26.0,7.9
2026-08-31T05:00,26.0,7.9
2026-08-31T06:00,26.0,7.9
2026-08-31T07:00,26.0,7.9
2026-08-31T08:00,26.0,7.9
2026-08-31T09:00,24.0,8.3
2026-08-31T10:00,25.0,9.1
2026-08-31T11:00,25.0,9.8
2026-08-31T12:00,27.0,9.5
2026-08-31T13:00,25.0,10.1
2026-08-31T14:00,25.0,10.3
2026-08-31T15:00,25.0,9.8
2026-08-31T16:00,25.0,9.8
2026-08-31T17:00,24.0,9.5
2026-08-31T18:00,25.0,9.3
2026-08-31T19:00,25.0,9.1
2026-08-31T20:00,25.0,8.8
2026-08-31T21:00,31.0,10.1
2026-08-31T22:00,29.0,10.4
2026-08-31T23:00,27.0,9.7
2026-09-01T00:00,26.0,9.0
2026-09-01T01:00,25.0,8.5
2026-09-01T02:00,25.0,8.3
2026-09-01T03:00,25.0,8.2
2026-09-01T04:00,25.0,8.2
2026-09-01T05:00,26.0,8.2
2026-09-01T06:00,25.0,8.2
2026-09-01T07:00,25.0,8.2
2026-09-01T08:00,25.0,8.2
2026-09-01T09:00,26.0,8.4
