datetime,LIVNEVE
2026-08-29T22:30,7
2026-08-29T23:00,5
2026-08-29T23:30,8
2026-08-30T00:00,7
2026-08-30T00:30,7
2026-08-30T01:00,7
2026-08-30T01:30,7
2026-08-30T02:00,7
2026-08-30T02:30,7
2026-08-30T03:00,7
2026-08-30T03:30,8
2026-08-30T04:00,8
2026-08-30T04:30,8
2026-08-30T05:00,8
2026-08-30T05:30,8
2026-08-30T06:00,8
2026-08-30T06:30,7
2026-08-30T07:00,8
2026-08-30T07:30,8
2026-08-30T08:00,7
2026-08-30T08:30,4
2026-08-30T09:00,6
2026-08-30T09:30,6
2026-08-30T10:00,4
2026-08-30T10:30,7
2026-08-30T11:00,7
2026-08-30T11:30,5
2026-08-30T12:00,7
2026-08-30T12:30,8
2026-08-30T13:00,5
2026-08-30T13:30,6
2026-08-30T14:00,6
2026-08-30T14:30,8
2026-08-30T15:00,6
2026-08-30T15:30,8
2026-08-30T16:00,8
2026-08-30T16:30,8
2026-08-30T17:00,8
2026-08-30T17:30,8
2026-08-30T18:00,8
2026-08-30T18:30,8
2026-08-30T19:00,8
2026-08-30T19:30,8
2026-08-30T20:00,7
2026-08-30T20:30,7
2026-08-30T21:00,7
2026-08-30T21:30,8
2026-08-30T22:00,7
2026-08-30T22:30,7
2026-08-30T23:00,5
2026-08-30T23:30,8
2026-08-31T00:00,8
2026-08-31T00:30,8
2026-08-31T01:00,7
2026-08-31T01:30,7
2026-08-31T02:00,7
2026-08-31T02:30,8
2026-08-31T03:00,8
2026-08-31T03:30,7
2026-08-31T04:00,7
2026-08-31T04:30,7
2026-08-31T05:00,8
2026-08-31T05:30,7
2026-08-31T06:00,8
2026-08-31T06:30,8
2026-08-31T07:00,7
2026-08-31T07:30,6
2026-08-31T08:00,7
2026-08-31T08:30,5
2026-08-31T09:00,6
2026-08-31T09:30,4
2026-08-31T10:00,5
2026-08-31T10:30,7
2026-08-31T11:00,5
2026-08-31T11:30,6
2026-08-31T12:00,7
2026-08-31T12:30,7
2026-08-31T13:00,4
2026-08-31T13:30,7
2026-08-31T14:00,4
2026-08-31T14:30,6
2026-08-31T15:00,6
2026-08-31T15:30,6
2026-08-31T16:00,7
2026-08-31T16:30,5
2026-08-31T17:00,2
2026-08-31T17:30,2
2026-08-31T18:00,4
2026-08-31T18:30,2
2026-08-31T19:00,4
2026-08-31T19:30,5
2026-08-31T20:00,7
2026-08-31T20:30,6
2026-08-31T21:00,6
2026-08-31T21:30,5
2026-08-31T22:00,6
2026-08-31T22:30,7
2026-08-31T23:00,7
2026-08-31T23:30,7
2026-09-01T00:00,7
2026-09-01T00:30,7
2026-09-01T01:00,8
2026-09-01T01:30,7
2026-09-01T02:00,7
2026-09-01T02:30,8
2026-09-01T03:00,7
2026-09-01T03:30,8
2026-09-01T04:00,7
2026-09-01T04:30,7
2026-09-01T05:00,7
2026-09-01T05:30,7
2026-09-01T06:00,7
2026-09-01T06:30,7
2026-09-01T07:00,>>
2026-09-01T07:30,7
2026-09-01T08:00,7
2026-09-01T08:30,8
2026-09-01T09:00,7
2026-09-01T09:30,7
2026-09-01T10:00,8
2026-09-01T10:30,7
2026-09-01T11:00,7
2026-09-01T11:30,8
2026-09-01T12:00,7
2026-09-01T12:30,7
2026-09-01T13:00,7
2026-09-01T13:30,7
2026-09-01T14:00,8
2026-09-01T14:30,6
2026-09-01T15:00,7
2026-09-01T15:30,5
2026-09-01T16:00,7
2026-09-01T16:30,8
2026-09-01T17:00,7
2026-09-01T17:30,7
2026-09-01T18:00,8
2026-09-01T18:30,8
2026-09-01T19:00,7
2026-09-01T19:30,7
2026-09-01T20:00,7
2026-09-01T20:30,8
2026-09-01T21:00,7
2026-09-01T21:30,7
2026-09-01T22:00,7
2026-09-01T22:30,7
2026-09-01T23:00,6
2026-09-01T23:30,6
2026-09-02T00:00,5
2026-09-02T00:30,6
2026-09-02T01:00,>>
2026-09-02T01:30,7
2026-09-02T02:00,5
2026-09-02T02:30,6
2026-09-02T03:00,7
2026-09-02T03:30,7
2026-09-02T04:00,8
2026-09-02T04:30,7
2026-09-02T05:00,7
2026-09-02T05:30,8
2026-09-02T06:00,7
2026-09-02T06:30,7
2026-09-02T07:00,6
2026-09-02T07:30,6
2026-09-02T08:00,4
2026-09-02T08:30,4
2026-09-02T09:00,5
2026-09-02T09:30,5
2026-09-02T10:00,4
2026-09-02T10:30,4
2026-09-02T11:00,6
2026-09-02T11:30,5
2026-09-02T12:00,6
2026-09-02T12:30,6
2026-09-02T13:00,6
2026-09-02T13:30,9
2026-09-02T14:00,8
2026-09-02T14:30,9
2026-09-02T15:00,7
2026-09-02T15:30,8
2026-09-02T16:00,6
2026-09-02T16:30,8
2026-09-02T17:00,7
2026-09-02T17:30,6
2026-09-02T18:00,5
2026-09-02T18:30,5
2026-09-02T19:00,8
2026-09-02T19:30,6
2026-09-02T20:00,5
2026-09-02T20:30,5
2026-09-02T21:00,4
2026-09-02T21:30,3
2026-09-02T22:00,4
2026-09-02T22:30,5
2026-09-02T23:00,4
2026-09-02T23:30,4
2026-09-03T00:00,4
2026-09-03T00:30,5
2026-09-03T01:00,5
2026-09-03T01:30,5
2026-09-03T02:00,4
2026-09-03T02:30,6
2026-09-03T03:00,6
2026-09-03T03:30,5
2026-09-03T04:00,6
2026-09-03T04:30,6
2026-09-03T05:00,5
2026-09-03T05:30,4
2026-09-03T06:00,4
2026-09-03T06:30,5
2026-09-03T07:00,4
2026-09-03T07:30,4
2026-09-03T08:00,>>
2026-09-03T08:30,6
2026-09-03T09:00,7
2026-09-03T09:30,4
2026-09-03T10:00,6
2026-09-03T10:30,5
2026-09-03T11:00,6
2026-09-03T11:30,5
2026-09-03T12:00,6
2026-09-03T12:30,7
2026-09-03T13:00,7
2026-09-03T13:30,6
2026-09-03T14:00,8
2026-09-03T14:30,7
2026-09-03T15:00,4
2026-09-03T15:30,6
2026-09-03T16:00,5
2026-09-03T16:30,5
2026-09-03T17:00,3
2026-09-03T17:30,7
2026-09-03T18:00,8
2026-09-03T18:30,5
2026-09-03T19:00,7
2026-09-03T19:30,5
2026-09-03T20:00,3
2026-09-03T20:30,6
2026-09-03T21:00,5
2026-09-03T21:30,4
2026-09-03T22:00,5
2026-09-03T22:30,6
2026-09-03T23:00,5
2026-09-03T23:30,5
2026-09-04T00:00,5
2026-09-04T00:30,4
2026-09-04T01:00,5
2026-09-04T01:30,6
2026-09-04T02:00,5
2026-09-04T02:30,4
2026-09-04T03:00,6
2026-09-04T03:30,6
2026-09-04T04:00,4
2026-09-04T04:30,7
2026-09-04T05:00,4
2026-09-04T05:30,5
2026-09-04T06:00,5
2026-09-04T06:30,4
2026-09-04T07:00,7
2026-09-04T07:30,3
2026-09-04T08:00,6
2026-09-04T08:30,6
2026-09-04T09:00,5
2026-09-04T09:30,2
2026-09-04T10:00,5
2026-09-04T10:30,7
2026-09-04T11:00,5
2026-09-04T11:30,2
2026-09-04T12:00,5
2026-09-04T12:30,5
2026-09-04T13:00,4
2026-09-04T13:30,5
2026-09-04T14:00,7
2026-09-04T14:30,8
2026-09-04T15:00,6
2026-09-04T15:30,7
2026-09-04T16:00,8
2026-09-04T16:30,7
2026-09-04T17:00,8
2026-09-04T17:30,8
2026-09-04T18:00,9
2026-09-04T18:30,8
2026-09-04T19:00,8
2026-09-04T19:30,6
2026-09-04T20:00,9
2026-09-04T20:30,7
2026-09-04T21:00,6
2026-09-04T21:30,5
2026-09-04T22:00,6
2026-09-04T22:30,7
2026-09-04T23:00,8
2026-09-04T23:30,6
2026-09-05T00:00,7
2026-09-05T00:30,8
2026-09-05T01:00,8
2026-09-05T01:30,8
2026-09-05T02:00,8
2026-09-05T02:30,6
2026-09-05T03:00,8
2026-09-05T03:30,9
2026-09-05T04:00,9
2026-09-05T04:30,9
2026-09-05T05:00,8
2026-09-05T05:30,9
2026-09-05T06:00,8
2026-09-05T06:30,5
2026-09-05T07:00,7
2026-09-05T07:30,7
2026-09-05T08:00,1
2026-09-05T08:30,>>
2026-09-05T09:00,8
2026-09-05T09:30,8
2026-09-05T10:00,7
2026-09-05T10:30,6
2026-09-05T11:00,4
2026-09-05T11:30,4
2026-09-05T12:00,2
2026-09-05T12:30,3
2026-09-05T13:00,4
2026-09-05T13:30,2
2026-09-05T14:00,5
2026-09-05T14:30,5
2026-09-05T15:00,3
2026-09-05T15:30,5
2026-09-05T16:00,5
2026-09-05T16:30,5
2026-09-05T17:00,6
2026-09-05T17:30,5
2026-09-05T18:00,7
2026-09-05T18:30,8
2026-09-05T19:00,7
2026-09-05T19:30,8
2026-09-05T20:00,8
